notes,Source,Name,SMILES,CYP1A2,CYP2A6,CYP2B6,CYP2C8,CYP2C9,CYP2C19,CYP2D6,CYP2E1,CYP3A4,Standardized_SMILES
,,eupatilin,COC1=C(C=C(C=C1)C2=CC(=O)C3=C(O2)C=C(C(=C3O)OC)O)OC,1,,,1,,,,,,COc1ccc(-c2cc(=O)c3c(O)c(OC)c(O)cc3o2)cc1OC
,,jaceosidin,COC1=C(C=CC(=C1)C2=CC(=O)C3=C(O2)C=C(C(=C3O)OC)O)O,1,,,,,,,,,COc1cc(-c2cc(=O)c3c(O)c(OC)c(O)cc3o2)ccc1O
,,jatrorrhizine,COC1=C(C2=C[N+]3=C(C=C2C=C1)C4=CC(=C(C=C4CC3)O)OC)OC,1,0,,,0,0,,,0,COc1cc2c(cc1O)CC[n+]1cc3c(OC)c(OC)ccc3cc1-2
,,homoegonol,COC1=C(C=C(C=C1)C2=CC3=C(O2)C(=CC(=C3)CCCO)OC)OC,1,0,0,0,0,0,,0,,COc1ccc(-c2cc3cc(CCCO)cc(OC)c3o2)cc1OC
,,niclosamide,C1=CC(=C(C=C1[N+](=O)[O-])Cl)NC(=O)C2=C(C=CC(=C2)Cl)O,1,,0,0,0,0,0,0,0,O=C(Nc1ccc([N+](=O)[O-])cc1Cl)c1cc(Cl)ccc1O
,,Ferulic acid,COC1=C(C=CC(=C1)/C=C/C(=O)O)O,1,,1,,,1,1,,1,COc1cc(/C=C/C(=O)O)ccc1O
,,Muraglitazar,CC1=C(N=C(O1)C2=CC=CC=C2)CCOC3=CC=C(C=C3)CN(CC(=O)O)C(=O)OC4=CC=C(C=C4)OC,0,0,0,1,1,1,1,0,1,COc1ccc(OC(=O)N(CC(=O)O)Cc2ccc(OCCc3nc(-c4ccccc4)oc3C)cc2)cc1
,,Verinurad,CC(C)(C(=O)O)SC1=C(C=NC=C1)C2=CC=C(C3=CC=CC=C32)C#N,0,0,0,0,,0,0,0,,CC(C)(Sc1ccncc1-c1ccc(C#N)c2ccccc12)C(=O)O
,,Verinurad M1,CC(C)(C(=O)O[C@H]1[C@@H]([C@H]([C@@H]([C@H](O1)C(=O)O)O)O)O)SC2=C(C=NC=C2)C3=CC=C(C4=CC=CC=C43)C#N,0,0,0,1,0,0,0,0,,CC(C)(Sc1ccncc1-c1ccc(C#N)c2ccccc12)C(=O)O[C@@H]1O[C@H](C(=O)O)[C@@H](O)[C@H](O)[C@H]1O
,,YM-222714,CN1CCCN(CC1)C2=CC=C(C=C2)C(=O)NC3=C(C=CC=C3O[C@H]4[C@@H]([C@H]([C@@H]([C@H](O4)C(=O)O)O)O)O)NC(=O)C5=CC=C(C=C5)OC,0,0,0,0,0,0,0,0,,COc1ccc(C(=O)Nc2cccc(O[C@@H]3O[C@H](C(=O)O)[C@@H](O)[C@H](O)[C@H]3O)c2NC(=O)c2ccc(N3CCCN(C)CC3)cc2)cc1
,,S-etodolac,CCC1=C2C(=CC=C1)C3=C(N2)[C@](OCC3)(CC)CC(=O)O,,,,,1,,,,,CCc1cccc2c3c([nH]c12)[C@](CC)(CC(=O)O)OCC3
,,R-etodolac,CCC1=C2C(=CC=C1)C3=C(N2)[C@@](OCC3)(CC)CC(=O)O,,,,,1,,,,,CCc1cccc2c3c([nH]c12)[C@@](CC)(CC(=O)O)OCC3
,,hydrolysed polyandric acid A,C[C@]1(CCC2=COC=C2)[C@H](CO)CC[C@@H]3[C@@H]1C[C@@H](O)C=C3C(O)=O,0,,0,,1,0,,,1,C[C@]1(CCc2ccoc2)[C@H](CO)CC[C@H]2C(C(=O)O)=C[C@H](O)C[C@@H]21
,,Epacadostat M11,NS(=O)(NCCNC1=NON=C1C(NC2=CC=C(C(Br)=C2)F)=N)=O,1,,,,,1,,,1,N=C(Nc1ccc(F)c(Br)c1)c1nonc1NCCNS(N)(=O)=O
,,TM5441,C1=CC(=CC(=C1)NC(=O)COCC(=O)NC2=C(C=C(C=C2)Cl)C(=O)O)C3=COC=C3,0,,0,0,,0,,0,1,O=C(COCC(=O)Nc1ccc(Cl)cc1C(=O)O)Nc1cccc(-c2ccoc2)c1
,,Enavogliflozin(DWP16001),C1CC1C2=CC=C(C=C2)CC3=CC(=C4CCOC4=C3Cl)[C@H]5[C@@H]([C@H]([C@@H]([C@H](O5)CO)O)O)O,0,0,0,,,1,,0,1,OC[C@H]1O[C@@H](c2cc(Cc3ccc(C4CC4)cc3)c(Cl)c3c2CCO3)[C@H](O)[C@@H](O)[C@@H]1O
,,DWP16001 M1,C1CC1C2=CC=C(C=C2)CC3=CC(=C4CC(OC4=C3Cl)O)[C@H]5[C@@H]([C@H]([C@@H]([C@H](O5)CO)O)O)O,0,0,0,0,0,0,0,0,1,OC[C@H]1O[C@@H](c2cc(Cc3ccc(C4CC4)cc3)c(Cl)c3c2CC(O)O3)[C@H](O)[C@@H](O)[C@@H]1O
,,DWP16001 M2,ClC1=C2OCCC2=C([C@H]3[C@H](O)[C@@H](O)[C@H](O)[C@@H](CO)O3)C=C1CC(C=C4)=CC=C4C5(O)CC5,0,0,0,0,0,0,0,0,1,OC[C@H]1O[C@@H](c2cc(Cc3ccc(C4(O)CC4)cc3)c(Cl)c3c2CCO3)[C@H](O)[C@@H](O)[C@@H]1O
,,bavachin,CC(=CCC1=CC2=C(C=C1O)O[C@@H](CC2=O)C3=CC=C(C=C3)O)C,,0,,1,1,1,,,,CC(C)=CCc1cc2c(cc1O)O[C@H](c1ccc(O)cc1)CC2=O
,,corylifol A,CC(=CCC/C(=C/CC1=C(C=CC(=C1)C2=COC3=C(C2=O)C=CC(=C3)O)O)/C)C,0,0,0,1,,1,,0,0,CC(C)=CCC/C(C)=C/Cc1cc(-c2coc3cc(O)ccc3c2=O)ccc1O
,,TPN171,CCCOC1=C(C=C(C=C1)NC(=O)CN2CCN(CC2)C)C3=NC(=C(C(=O)N3)CC)CC,0,0,0,0,0,0,1,1,1,CCCOc1ccc(NC(=O)CN2CCN(C)CC2)cc1-c1nc(CC)c(CC)c(=O)[nH]1
,,desomorphine,CN1CC[C@]23[C@@H]4[C@H]1CC5=C2C(=C(C=C5)O)O[C@H]3CCC4,0,,1,1,,,1,,1,CN1CC[C@]23c4c5ccc(O)c4O[C@H]2CCC[C@H]3[C@H]1C5
,,TAK-875 (fasiglifam),CC1=CC(=CC(=C1C2=CC=CC(=C2)COC3=CC4=C(C=C3)[C@@H](CO4)CC(=O)O)C)OCCCS(=O)(=O)C,,,,,,,,,1,Cc1cc(OCCCS(C)(=O)=O)cc(C)c1-c1cccc(COc2ccc3c(c2)OC[C@H]3CC(=O)O)c1
,,Tanshinone I,CC1=C2C=CC3=C(C2=CC=C1)C(=O)C(=O)C4=C3OC=C4C,,1,,,,,0,,,Cc1coc2c1C(=O)C(=O)c1c-2ccc2c(C)cccc12
,,ABT-126 (Nelonicline),C1[C@H]2C[C@@H]3CN(C2)C[C@H]1[C@@H]3OC1=NN=C(S1)C1=CC=CC=C1,0,0,,0,0,0,,0,,c1ccc(-c2nnc(O[C@@H]3[C@@H]4C[C@@H]5C[C@H]3CN(C5)C4)s2)cc1
,,desloratadine,C1CC2=C(C=CC(=C2)Cl)C(=C3CCNCC3)C4=C1C=CC=N4,,0,,,0,1,1,0,1,Clc1ccc2c(c1)CCc1cccnc1C2=C1CCNCC1
,,Chamaechromone,C1=CC(=CC=C1C(C2=CC=C(C=C2)O)[C@@H](C3=COC4=CC(=CC(=C4C3=O)O)O)C(=O)C5=C(C=C(C=C5O)O)O)O,1,,0,0,0,0,0,0,0,O=C(c1c(O)cc(O)cc1O)[C@H](c1coc2cc(O)cc(O)c2c1=O)C(c1ccc(O)cc1)c1ccc(O)cc1
,,T-5224,C1CCC(C1)OC2=CC(=C(C=C2)C(=O)C3=CC(=C(C=C3)OCC4=CC5=C(C=C4)C(=O)NO5)CCC(=O)O)O,0,0,0,0,0,0,0,0,0,O=C(O)CCc1cc(C(=O)c2ccc(OC3CCCC3)cc2O)ccc1OCc1ccc2c(=O)[nH]oc2c1
,,nuciferine,CN1CCC2=CC(=C(C3=C2[C@H]1CC4=CC=CC=C43)OC)OC,1,1,,1,,,,,1,COc1cc2c3c(c1OC)-c1ccccc1C[C@H]3N(C)CC2
,,Ebracteolata compound B,CC1=C(C(=C(C=C1O)OC)C(=O)C)O,,,,,,,,,1,COc1cc(O)c(C)c(O)c1C(C)=O
,,lasofoxifene,C1CCN(C1)CCOC2=CC=C(C=C2)[C@H]3[C@H](CCC4=C3C=CC(=C4)O)C5=CC=CC=C5,0,,,0,0,,1,0,1,Oc1ccc2c(c1)CC[C@H](c1ccccc1)[C@@H]2c1ccc(OCCN2CCCC2)cc1
,,Ketorolac,C1CN2C(=CC=C2C(=O)C3=CC=CC=C3)C1C(=O)O,,,,1,1,,,,,O=C(c1ccccc1)c1ccc2n1CCC2C(=O)O
,,C-2028,O=C1C2=C(C3=CC=C2NCCCN(CCCNC4=C5C(C=CC=C5[N+]([O-])=O)=NC6=CC=CC=C46)C)N(C=N3)C7=C1C=CC=C7,,,,,,1,,,1,CN(CCCNc1c2ccccc2nc2cccc([N+](=O)[O-])c12)CCCNc1ccc2ncn3c4ccccc4c(=O)c1c23
,,C-2045,O=C1C2=C(C3=CC=C2NCCCN(CCCNC4=C5C(C(C)=CC=C5[N+]([O-])=O)=NC6=CC=CC=C46)C)N(C=N3)C7=C1C=C(O)C=C7,,,,,,,,,1,Cc1ccc([N+](=O)[O-])c2c(NCCCN(C)CCCNc3ccc4ncn5c6ccc(O)cc6c(=O)c3c45)c3ccccc3nc12
,,C-2053,O=C1C2=C(C3=CC=C2NCCCN(CCCNC4=C5C(C(C)=CC=C5[N+]([O-])=O)=NC6=CC=CC=C46)C)N(C=N3)C7=C1C=CC=C7,,,,,,1,,,1,Cc1ccc([N+](=O)[O-])c2c(NCCCN(C)CCCNc3ccc4ncn5c6ccccc6c(=O)c3c45)c3ccccc3nc12
,,Neobavaisoflavone,CC(=CCC1=C(C=CC(=C1)C2=COC3=C(C2=O)C=CC(=C3)O)O)C,1,,,1,,1,,,,CC(C)=CCc1cc(-c2coc3cc(O)ccc3c2=O)ccc1O
,,DMBA,Cc1c2ccccc2c(C)c2c1ccc1ccccc12,1,,1,1,1,,,1,1,Cc1c2ccccc2c(C)c2c1ccc1ccccc12
,,Bunitrolol,CC(C)(C)NCC(O)COc1ccccc1C#N,,,,,,,1,,,CC(C)(C)NCC(O)COc1ccccc1C#N
,,Gepirone,CC1(C)CC(=O)N(CCCCN2CCN(c3ncccn3)CC2)C(=O)C1,0,,,,0,0,1,0,1,CC1(C)CC(=O)N(CCCCN2CCN(c3ncccn3)CC2)C(=O)C1
,,3-Cyano-7-ethoxycoumarin,CCOc1ccc2cc(C#N)c(=O)oc2c1,1,,,,1,1,1,,,CCOc1ccc2cc(C#N)c(=O)oc2c1
,,Dexloxiglumide,CCCCCN(CCCOC)C(=O)[C@@H](CCC(=O)O)NC(=O)c1ccc(Cl)c(Cl)c1,,,1,1,1,,,,1,CCCCCN(CCCOC)C(=O)[C@@H](CCC(=O)O)NC(=O)c1ccc(Cl)c(Cl)c1
,,Bufuralol,CCc1cccc2cc(C(O)CNC(C)(C)C)oc12,1,,,,,1,1,,1,CCc1cccc2cc(C(O)CNC(C)(C)C)oc12
,,Methadone,CCC(=O)C(CC(C)N(C)C)(c1ccccc1)c1ccccc1,0,,1,1,,1,1,0,1,CCC(=O)C(CC(C)N(C)C)(c1ccccc1)c1ccccc1
,,Hexobarbital,CN1C(=O)NC(=O)C(C)(C2=CCCCC2)C1=O,,,,,,1,,,,CN1C(=O)NC(=O)C(C)(C2=CCCCC2)C1=O
,,Methaqualone,Cc1ccccc1-n1c(C)nc2ccccc2c1=O,,,,,,,,,1,Cc1ccccc1-n1c(C)nc2ccccc2c1=O
,,Aflatoxin B1,COc1cc2c(c3oc(=O)c4c(c13)CCC4=O)[C@@H]1C=CO[C@@H]1O2,1,1,,,,,,,1,COc1cc2c(c3oc(=O)c4c(c13)CCC4=O)[C@@H]1C=CO[C@@H]1O2
,,Butadiene,C=CC=C,,1,,,,,,1,0,C=CC=C
,,"Dibenz[a,h]anthracene",c1ccc2c(c1)ccc1cc3c(ccc4ccccc43)cc12,1,,1,1,1,,,1,1,c1ccc2c(c1)ccc1cc3c(ccc4ccccc43)cc12
,,Butadiene monoxide,C=CC1CO1,0,1,0,,1,,0,1,0,C=CC1CO1
,,7-Hexoxycoumarin,CCCCCCOc1ccc2ccc(=O)oc2c1,,,,,,,,,1,CCCCCCOc1ccc2ccc(=O)oc2c1
,,7-Butoxycoumarin,CCCCOc1ccc2ccc(=O)oc2c1,,,,,,,,,1,CCCCOc1ccc2ccc(=O)oc2c1
,,7-Pentoxycoumarin,CCCCCOc1ccc2ccc(=O)oc2c1,,,,,,,,,1,CCCCCOc1ccc2ccc(=O)oc2c1
,,"2,2,4,4,5,5-Hexachlorobiphenyl",Clc1cc(Cl)c(-c2cc(Cl)c(Cl)cc2Cl)cc1Cl,,,1,,,,,,,Clc1cc(Cl)c(-c2cc(Cl)c(Cl)cc2Cl)cc1Cl
,,p-Tyramine,C1=CC(=CC=C1CCN)O,0,0,0,0,0,,1,0,0,NCCc1ccc(O)cc1
,,m-tyramine,C1=CC(=CC(=C1)O)CCN,,,,,,,1,,,NCCc1cccc(O)c1
,,p-Octopamine,C1=CC(=CC=C1[C@H](CN)O)O,,,,,,,1,,,NC[C@H](O)c1ccc(O)cc1
,,p-Synephrine,CNCC(C1=CC=C(C=C1)O)O,,,,,,,1,,,CNCC(O)c1ccc(O)cc1
,,LAAM,CC[C@H](OC(C)=O)C(C[C@H](C)N(C)C)(c1ccccc1)c1ccccc1,0,0,1,1,,1,0,0,1,CC[C@H](OC(C)=O)C(C[C@H](C)N(C)C)(c1ccccc1)c1ccccc1
,,nor-LAAM,CC[C@H](OC(C)=O)C(C[C@H](C)NC)(c1ccccc1)c1ccccc1,0,0,1,,,,,0,1,CC[C@H](OC(C)=O)C(C[C@H](C)NC)(c1ccccc1)c1ccccc1
,,Benzene,c1ccccc1,,,,,,,,1,,c1ccccc1
,,Furan,c1ccoc1,,,,,,,,1,,c1ccoc1
,,DRF-4367,COc1ccc(-c2cc(C(F)(F)F)nn2-c2ccc(S(N)(=O)=O)c(CO)c2)cc1,,,,,,1,1,,,COc1ccc(-c2cc(C(F)(F)F)nn2-c2ccc(S(N)(=O)=O)c(CO)c2)cc1
,,Clomethiazole,Cc1ncsc1CCCl,,1,,,,,,,,Cc1ncsc1CCCl
,,Deramciclane,CN(C)CCO[C@]1(c2ccccc2)C[C@H]2CC[C@]1(C)C2(C)C,,,,,,,,,1,CN(C)CCO[C@]1(c2ccccc2)C[C@H]2CC[C@]1(C)C2(C)C
,,Phenprocoumon,CCC(c1ccccc1)c1c(O)c2ccccc2oc1=O,,,,1,1,1,,,1,CCC(c1ccccc1)c1c(O)c2ccccc2oc1=O
,,Loperamide,CN(C)C(=O)C(CCN1CCC(O)(c2ccc(Cl)cc2)CC1)(c1ccccc1)c1ccccc1,0,0,1,1,,,1,0,1,CN(C)C(=O)C(CCN1CCC(O)(c2ccc(Cl)cc2)CC1)(c1ccccc1)c1ccccc1
,,Rabeprazole-thioether,COCCCOc1ccnc(CSc2nc3ccccc3[nH]2)c1C,1,1,1,,1,1,1,1,1,COCCCOc1ccnc(CSc2nc3ccccc3[nH]2)c1C
,,Trofosfamide,O=P1(N(CCCl)CCCl)OCCCN1CCCl,0,0,1,,,,0,0,1,O=P1(N(CCCl)CCCl)OCCCN1CCCl
,,Flucloxacillin,Cc1onc(-c2c(F)cccc2Cl)c1C(=O)N[C@@H]1C(=O)N2[C@@H]1SC(C)(C)[C@@H]2C(=O)O,,0,0,,,,,,1,Cc1onc(-c2c(F)cccc2Cl)c1C(=O)N[C@@H]1C(=O)N2[C@@H]1SC(C)(C)[C@@H]2C(=O)O
,,all-trans-Retinol,CC1=C(/C=C/C(C)=C/C=C/C(C)=C/CO)C(C)(C)CCC1,1,,,1,1,1,1,,1,CC1=C(/C=C/C(C)=C/C=C/C(C)=C/CO)C(C)(C)CCC1
,,Acetanilide,CC(=O)Nc1ccccc1,1,,,,,,,,,CC(=O)Nc1ccccc1
,,Androstenedione,C[C@]12CCC(=O)C=C1CC[C@@H]1[C@@H]2CC[C@]2(C)C(=O)CC[C@@H]12,0,0,0,,0,,0,0,1,C[C@]12CCC(=O)C=C1CC[C@@H]1[C@@H]2CC[C@]2(C)C(=O)CC[C@@H]12
,,FK-506-M1,C=CC[C@@H]1/C=C(\C)C[C@H](C)C[C@H](OC)[C@@H](O)[C@H]2C[C@@H](C)[C@@](O)(O2)C(=O)C(=O)N2CCCC[C@H]2C(=O)O[C@H](/C(C)=C/[C@@H]2CC[C@@H](O)[C@H](OC)C2)[C@H](C)[C@@H](O)CC1=O,,,,,,,,,1,C=CC[C@@H]1/C=C(\C)C[C@H](C)C[C@H](OC)[C@@H](O)[C@H]2C[C@@H](C)[C@@](O)(O2)C(=O)C(=O)N2CCCC[C@H]2C(=O)O[C@H](/C(C)=C/[C@@H]2CC[C@@H](O)[C@H](OC)C2)[C@H](C)[C@@H](O)CC1=O
,,Arachidonic acid,CCCCC/C=C\C/C=C\C/C=C\C/C=C\CCCC(=O)O,1,1,1,1,1,,,1,1,CCCCC/C=C\C/C=C\C/C=C\C/C=C\CCCC(=O)O
,,Tolbutamide,CCCCNC(=O)NS(=O)(=O)c1ccc(C)cc1,,,,1,1,1,,,,CCCCNC(=O)NS(=O)(=O)c1ccc(C)cc1
,,7-Pentoxyresorufin,CCCCCOc1ccc2nc3ccc(=O)cc-3oc2c1,1,,1,,,,1,,1,CCCCCOc1ccc2nc3ccc(=O)cc-3oc2c1
,,7-Methoxyresorufin,COc1ccc2nc3ccc(=O)cc-3oc2c1,1,,,0,0,,0,1,0,COc1ccc2nc3ccc(=O)cc-3oc2c1
,,7-Ethoxyresorufin,CCOc1ccc2nc3ccc(=O)cc-3oc2c1,1,,,0,1,,,1,,CCOc1ccc2nc3ccc(=O)cc-3oc2c1
,,58C80,CC(C)(C)C1CCC(C2=C(O)c3ccccc3C(=O)C2=O)CC1,,,,,1,,,,,CC(C)(C)C1CCC(C2=C(O)c3ccccc3C(=O)C2=O)CC1
,,4-Nitrophenol,O=[N+]([O-])c1ccc(O)cc1,,,,,,,,1,,O=[N+]([O-])c1ccc(O)cc1
,,Toremifene,CN(C)CCOc1ccc(/C(=C(/CCCl)c2ccccc2)c2ccccc2)cc1,1,,,,,,,,1,CN(C)CCOc1ccc(/C(=C(/CCCl)c2ccccc2)c2ccccc2)cc1
,,Tropisetron,CN1[C@@H]2CC[C@H]1CC(OC(=O)c1c[nH]c3ccccc13)C2,,,,,,,1,,1,CN1[C@@H]2CC[C@H]1CC(OC(=O)c1c[nH]c3ccccc13)C2
,,O6-Benzylguanine,Nc1nc(OCc2ccccc2)c2[nH]cnc2n1,1,,,,,,,,1,Nc1nc(OCc2ccccc2)c2[nH]cnc2n1
,,Testosterone,C[C@]12CC[C@H]3[C@@H](CCC4=CC(=O)CC[C@@]43C)[C@@H]1CC[C@@H]2O,,,1,,0,,,,1,C[C@]12CC[C@H]3[C@@H](CCC4=CC(=O)CC[C@@]43C)[C@@H]1CC[C@@H]2O
,,Lidocaine,CCN(CC)CC(=O)Nc1c(C)cccc1C,1,1,1,1,1,,1,,1,CCN(CC)CC(=O)Nc1c(C)cccc1C
,,Lauric acid,CCCCCCCCCCCC(=O)O,,,1,1,1,,,1,,CCCCCCCCCCCC(=O)O
,,Aniline,Nc1ccccc1,,,,,,,,1,,Nc1ccccc1
,,Mifepristone,CC#C[C@]1(O)CC[C@H]2[C@@H]3CCC4=CC(=O)CCC4=C3[C@@H](c3ccc(N(C)C)cc3)C[C@@]21C,,,,,,,,,1,CC#C[C@]1(O)CC[C@H]2[C@@H]3CCC4=CC(=O)CCC4=C3[C@@H](c3ccc(N(C)C)cc3)C[C@@]21C
,,Dapsone,Nc1ccc(S(=O)(=O)c2ccc(N)cc2)cc1,,,,1,1,1,,1,1,Nc1ccc(S(=O)(=O)c2ccc(N)cc2)cc1
,,Tenoxicam,CN1C(C(=O)Nc2ccccn2)=C(O)c2sccc2S1(=O)=O,,,,,1,,,,,CN1C(C(=O)Nc2ccccn2)=C(O)c2sccc2S1(=O)=O
,,Deoxycholic acid,C[C@H](CCC(=O)O)[C@H]1CC[C@H]2[C@@H]3CC[C@@H]4C[C@H](O)CC[C@]4(C)[C@H]3C[C@H](O)[C@]12C,,,,,,,,,1,C[C@H](CCC(=O)O)[C@H]1CC[C@H]2[C@@H]3CC[C@@H]4C[C@H](O)CC[C@]4(C)[C@H]3C[C@H](O)[C@]12C
,,Eicosapentaenoic acid(EPA),CC/C=C/C/C=C/C/C=C/C/C=C/C/C=C/CCCC(=O)O,1,,,1,1,,1,1,1,CC/C=C/C/C=C/C/C=C/C/C=C/C/C=C/CCCC(=O)O
,,"2,2',4,5,5'-Pentachlorobiphenyl",Clc1ccc(Cl)c(-c2cc(Cl)c(Cl)cc2Cl)c1,,1,0,0,0,0,,,,Clc1ccc(Cl)c(-c2cc(Cl)c(Cl)cc2Cl)c1
,,TFMPP,FC(F)(F)c1cccc(N2CCNCC2)c1,1,0,0,0,0,0,1,0,1,FC(F)(F)c1cccc(N2CCNCC2)c1
,,Fenproporex,CC(Cc1ccccc1)NCCC#N,1,0,1,0,0,0,1,0,1,CC(Cc1ccccc1)NCCC#N
,,delta9-Tetrahydrocannabinol,CCCCCc1cc(O)c2c(c1)OC(C)(C)[C@@H]1CCC(C)=C[C@@H]21,,,,,1,1,,,1,CCCCCc1cc(O)c2c(c1)OC(C)(C)[C@@H]1CCC(C)=C[C@@H]21
,,Foxy,COc1ccc2[nH]cc(CCN(C(C)C)C(C)C)c2c1,1,,,,,1,1,,1,COc1ccc2[nH]cc(CCN(C(C)C)C(C)C)c2c1
,,MBDB,CCC(Cc1ccc2c(c1)OCO2)NC,1,,1,,,1,1,,1,CCC(Cc1ccc2c(c1)OCO2)NC
,,Fipronil,N#Cc1nn(-c2c(Cl)cc(C(F)(F)F)cc2Cl)c(N)c1S(=O)C(F)(F)F,,,0,,,1,,,1,N#Cc1nn(-c2c(Cl)cc(C(F)(F)F)cc2Cl)c(N)c1S(=O)C(F)(F)F
,,Carbofuran,CNC(=O)Oc1cccc2c1OC(C)(C)C2,1,0,,1,,1,,0,1,CNC(=O)Oc1cccc2c1OC(C)(C)C2
,,R-568,COc1cccc([C@@H](C)NCCCc2ccccc2Cl)c1,,,,,,,1,,,COc1cccc([C@@H](C)NCCCc2ccccc2Cl)c1
,,Yohimbine,COC(=O)[C@@H]1[C@H]2C[C@H]3c4[nH]c5ccccc5c4CCN3C[C@@H]2CC[C@@H]1O,,,,,,,1,,1,COC(=O)[C@@H]1[C@H]2C[C@H]3c4[nH]c5ccccc5c4CCN3C[C@@H]2CC[C@@H]1O
,,Cyamemazine,CC(CN(C)C)CN1c2ccccc2Sc2ccc(C#N)cc21,1,,1,1,1,1,1,,1,CC(CN(C)C)CN1c2ccccc2Sc2ccc(C#N)cc21
,,Nordoxepin,CNCC/C=C1/c2ccccc2COc2ccccc21,,,,,,,1,,,CNCC/C=C1/c2ccccc2COc2ccccc21
,,Aripiprazole,O=C1CCc2ccc(OCCCCN3CCN(c4cccc(Cl)c4Cl)CC3)cc2N1,,,,,,,1,,1,O=C1CCc2ccc(OCCCCN3CCN(c4cccc(Cl)c4Cl)CC3)cc2N1
,,Eugenol,C=CCc1ccc(O)c(OC)c1,1,,,,1,,1,1,,C=CCc1ccc(O)c(OC)c1
,,trans-Phenylpropene,C/C=C/c1ccccc1,1,,,,,,,1,1,C/C=C/c1ccccc1
,,Coumarin,O=c1ccc2ccccc2o1,1,1,,1,,,,1,1,O=c1ccc2ccccc2o1
,,Diazinon,CCOP(=S)(OCC)Oc1cc(C)nc(C(C)C)n1,1,,1,1,,1,1,0,1,CCOP(=S)(OCC)Oc1cc(C)nc(C(C)C)n1
,,Parathion,CCOP(=S)(OCC)Oc1ccc([N+](=O)[O-])cc1,1,,1,1,,1,1,1,1,CCOP(=S)(OCC)Oc1ccc([N+](=O)[O-])cc1
,,Chlorpyrifos,CCOP(=S)(OCC)Oc1nc(Cl)c(Cl)cc1Cl,1,,1,1,,1,1,,1,CCOP(=S)(OCC)Oc1nc(Cl)c(Cl)cc1Cl
,,KR-60436,COc1ccc(N2CCc3c(NCCO)nc4c(OC(F)(F)F)cccc4c32)c(C)c1,1,,0,0,1,1,1,0,1,COc1ccc(N2CCc3c(NCCO)nc4c(OC(F)(F)F)cccc4c32)c(C)c1
,,KR-33028,N#Cc1cccc2sc(C(=O)NC(=N)N)cc12,1,0,0,0,0,1,0,0,1,N#Cc1cccc2sc(C(=O)NC(=N)N)cc12
,,Ethanol,CCO,1,,1,1,1,1,1,1,1,CCO
,,BDB,CC[C@H](N)Cc1ccc2c(c1)OCO2,,,,,,1,1,,1,CC[C@H](N)Cc1ccc2c(c1)OCO2
,,Curcumin,COc1cc(/C=C/C(=O)CC(=O)/C=C/c2ccc(O)c(OC)c2)ccc1O,1,,,,,,1,,,COc1cc(/C=C/C(=O)CC(=O)/C=C/c2ccc(O)c(OC)c2)ccc1O
,,"5beta-Cholestane-3,7,12-trihydroxy",CC(C)CCC[C@@H](C)[C@H]1CC[C@H]2[C@@H]3[C@H](O)C[C@@H]4C[C@H](O)CC[C@]4(C)[C@H]3C[C@H](O)[C@]12C,,,1,,,1,,,1,CC(C)CCC[C@@H](C)[C@H]1CC[C@H]2[C@@H]3[C@H](O)C[C@@H]4C[C@H](O)CC[C@]4(C)[C@H]3C[C@H](O)[C@]12C
,,MDE,CCNC(C)Cc1ccc2c(c1)OCO2,1,,1,,,,1,1,1,CCNC(C)Cc1ccc2c(c1)OCO2
,,13-cis-Retinoic acid,CC1=C(/C=C/C(C)=C/C=C/C(C)=C\C(=O)O)C(C)(C)CCC1,1,1,1,1,1,1,1,1,1,CC1=C(/C=C/C(C)=C/C=C/C(C)=C\C(=O)O)C(C)(C)CCC1
,,9-cis-Retinoic acid,CC1=C(/C=C/C(C)=C\C=C\C(C)=C\C(=O)O)C(C)(C)CCC1,,1,1,1,1,,,,1,CC1=C(/C=C/C(C)=C\C=C\C(C)=C\C(=O)O)C(C)(C)CCC1
,,Timolol,CC(C)(C)NC[C@H](O)COc1nsnc1N1CCOCC1,,,,,,,1,,,CC(C)(C)NC[C@H](O)COc1nsnc1N1CCOCC1
,,Sparteine,C1CCN2C[C@@H]3C[C@@H](CN4CCCC[C@@H]34)[C@H]2C1,,,,,,,1,,,C1CCN2C[C@@H]3C[C@@H](CN4CCCC[C@@H]34)[C@H]2C1
,,Fluphenazine,OCCN1CCN(CCCN2c3ccccc3Sc3ccc(C(F)(F)F)cc32)CC1,,,,,,,1,,,OCCN1CCN(CCCN2c3ccccc3Sc3ccc(C(F)(F)F)cc32)CC1
,,Debrisoquine,N=C(N)N1CCc2ccccc2C1,,,,,,,1,,,N=C(N)N1CCc2ccccc2C1
,,Metoprolol,COCCc1ccc(OCC(O)CNC(C)C)cc1,,,,,,1,1,,,COCCc1ccc(OCC(O)CNC(C)C)cc1
,,Toluene,Cc1ccccc1,1,0,1,1,0,,0,1,0,Cc1ccccc1
,,Colchicine,COc1cc2c(c(OC)c1OC)-c1ccc(OC)c(=O)cc1[C@@H](NC(C)=O)CC2,,,,,,,,,1,COc1cc2c(c(OC)c1OC)-c1ccc(OC)c(=O)cc1[C@@H](NC(C)=O)CC2
,,Indinavir,CC(C)(C)NC(=O)[C@@H]1CN(Cc2cccnc2)CCN1C[C@@H](O)C[C@@H](Cc1ccccc1)C(=O)N[C@H]1c2ccccc2C[C@H]1O,,,,,,,,,1,CC(C)(C)NC(=O)[C@@H]1CN(Cc2cccnc2)CCN1C[C@@H](O)C[C@@H](Cc1ccccc1)C(=O)N[C@H]1c2ccccc2C[C@H]1O
,,Ibuprofen,CC(C)Cc1ccc(C(C)C(=O)O)cc1,,,,1,1,,,,,CC(C)Cc1ccc(C(C)C(=O)O)cc1
,,Temazepam,CN1C(=O)C(O)N=C(c2ccccc2)c2cc(Cl)ccc21,,,1,1,1,1,,,1,CN1C(=O)C(O)N=C(c2ccccc2)c2cc(Cl)ccc21
,,Nordiazepam,O=C1CN=C(c2ccccc2)c2cc(Cl)ccc2N1,1,,0,0,0,1,,0,1,O=C1CN=C(c2ccccc2)c2cc(Cl)ccc2N1
,,3-Methylether-estradiol,COc1ccc2c(c1)CC[C@@H]1[C@@H]2CC[C@]2(C)C(O)CC[C@@H]12,1,,,,1,1,,,1,COc1ccc2c(c1)CC[C@@H]1[C@@H]2CC[C@]2(C)C(O)CC[C@@H]12
,,Flurbiprofen,CC(C(=O)O)c1ccc(-c2ccccc2)c(F)c1,,,,,1,,,,,CC(C(=O)O)c1ccc(-c2ccccc2)c(F)c1
,,5-OH-Diclofenac,O=C(O)Cc1cc(O)ccc1Nc1c(Cl)cccc1Cl,,,,,1,,,,,O=C(O)Cc1cc(O)ccc1Nc1c(Cl)cccc1Cl
,,Diclofenac,O=C(O)Cc1ccccc1Nc1c(Cl)cccc1Cl,,,1,1,1,1,,,1,O=C(O)Cc1ccccc1Nc1c(Cl)cccc1Cl
,,Antipyrine,Cc1cc(=O)n(-c2ccccc2)n1C,1,,1,1,1,,1,0,1,Cc1cc(=O)n(-c2ccccc2)n1C
,,Pefloxacin,CCn1cc(C(=O)O)c(=O)c2cc(F)c(N3CCN(C)CC3)cc21,1,0,,,,,0,,,CCn1cc(C(=O)O)c(=O)c2cc(F)c(N3CCN(C)CC3)cc21
,,Chlorpromazine,CN(C)CCCN1c2ccccc2Sc2ccc(Cl)cc21,1,0,1,0,1,1,1,,,CN(C)CCCN1c2ccccc2Sc2ccc(Cl)cc21
,,Bisoprolol,CC(C)NCC(O)COc1ccc(COCCOC(C)C)cc1,,,,,,,1,,1,CC(C)NCC(O)COc1ccc(COCCOC(C)C)cc1
,,N-Nitrosodiamylamine,CCCCCN(CCCCC)N=O,1,1,1,0,1,1,1,1,1,CCCCCN(CCCCC)N=O
,,Venlafaxine,COc1ccc(C(CN(C)C)C2(O)CCCCC2)cc1,,,,,1,1,1,,1,COc1ccc(C(CN(C)C)C2(O)CCCCC2)cc1
,,Perazine,CN1CCN(CCCN2c3ccccc3Sc3ccccc32)CC1,1,1,1,,1,1,1,1,1,CN1CCN(CCCN2c3ccccc3Sc3ccccc32)CC1
,,Lithocholic acid,C[C@H](CCC(=O)O)[C@H]1CC[C@H]2[C@@H]3CC[C@@H]4C[C@H](O)CC[C@]4(C)[C@H]3CC[C@]12C,0,0,0,0,0,0,0,0,1,C[C@H](CCC(=O)O)[C@H]1CC[C@H]2[C@@H]3CC[C@@H]4C[C@H](O)CC[C@]4(C)[C@H]3CC[C@]12C
,,taurochenodeoxycholic acid,C[C@H](CCC(=O)NCCS(=O)(=O)O)[C@H]1CC[C@@H]2[C@@]1(CC[C@H]3[C@H]2[C@@H](C[C@H]4[C@@]3(CC[C@H](C4)O)C)O)C,0,0,0,0,0,0,0,0,1,C[C@H](CCC(=O)NCCS(=O)(=O)O)[C@H]1CC[C@H]2[C@@H]3[C@H](O)C[C@@H]4C[C@H](O)CC[C@]4(C)[C@H]3CC[C@]12C
,,Suprofen,CC(C(=O)O)c1ccc(C(=O)c2cccs2)cc1,,,,,1,,,,,CC(C(=O)O)c1ccc(C(=O)c2cccs2)cc1
,,compound 5,C1=CSC(=C1)C(=O)C2=C(C(=C(C=C2)O)Cl)Cl,,,,,1,,,,,O=C(c1cccs1)c1ccc(O)c(Cl)c1Cl
,,Indole,c1ccc2[nH]ccc2c1,,1,,,,1,,1,,c1ccc2[nH]ccc2c1
,,Pinacidil,CC(N=C(NC#N)Nc1ccncc1)C(C)(C)C,0,0,0,0,0,0,,0,1,CC(N=C(NC#N)Nc1ccncc1)C(C)(C)C
,,Spirosulfonamide,NS(=O)(=O)c1ccc(C2=C(c3ccc(F)cc3)C(=O)OC23CCCC3)cc1,,,,,,,1,,,NS(=O)(=O)c1ccc(C2=C(c3ccc(F)cc3)C(=O)OC23CCCC3)cc1
,,Compound 4,Cc1ccc(S(=O)(N(C)c2n(c3ccccc3)ncc2)=O)cc1,,,,1,1,1,,,,Cc1ccc(S(=O)(=O)N(C)c2ccnn2-c2ccccc2)cc1
,,Methoxychlor,COc1ccc(C(c2ccc(OC)cc2)C(Cl)(Cl)Cl)cc1,1,0,1,0,0,,0,0,,COc1ccc(C(c2ccc(OC)cc2)C(Cl)(Cl)Cl)cc1
,,mono-O-demethylated methoxychlor,COC1=CC=C(C=C1)C(C2=CC=C(C=C2)O)C(Cl)(Cl)Cl,1,,1,,,,,,1,COc1ccc(C(c2ccc(O)cc2)C(Cl)(Cl)Cl)cc1
,,MPTP,CN1CC=C(c2ccccc2)CC1,,,,,,,1,,,CN1CC=C(c2ccccc2)CC1
,,N7-Methylfurafylline,Cc1nc2c(c(=O)n(C)c(=O)n2Cc2ccco2)n1C,1,,,,,,,,,Cc1nc2c(c(=O)n(C)c(=O)n2Cc2ccco2)n1C
,,N7-Methylcyclohexylline,Cc1nc2c(c(=O)n(C)c(=O)n2CC2CCCCC2)n1C,1,,,,,,,,,Cc1nc2c(c(=O)n(C)c(=O)n2CC2CCCCC2)n1C
,,Cyclohexylline,Cc1nc2c([nH]1)c(=O)n(C)c(=O)n2CC1CCCCC1,1,,,,,,,,,Cc1nc2c([nH]1)c(=O)n(C)c(=O)n2CC1CCCCC1
,,Furafylline,Cc1nc2c([nH]1)c(=O)n(C)c(=O)n2Cc1ccco1,1,,,,,,,,,Cc1nc2c([nH]1)c(=O)n(C)c(=O)n2Cc1ccco1
,,8-MOP,COc1c2occc2cc2ccc(=O)oc12,,1,,,,,,,,COc1c2occc2cc2ccc(=O)oc12
,,5-MOP,COc1c2ccoc2cc2oc(=O)ccc12,,1,,,,,,,,COc1c2ccoc2cc2oc(=O)ccc12
,,Psoralen,O=c1ccc2cc3ccoc3cc2o1,,1,,,,,,,,O=c1ccc2cc3ccoc3cc2o1
,,Tienilic acid derivative,O=C(c1cccs1)c1ccc(OCCCO)c(Cl)c1Cl,,,,1,1,1,,,,O=C(c1cccs1)c1ccc(OCCCO)c(Cl)c1Cl
,,Reduced diclofenac,OCCc1ccccc1Nc1c(Cl)cccc1Cl,1,,,1,1,1,1,,1,OCCc1ccccc1Nc1c(Cl)cccc1Cl
,,Ethiprole,CCS(=O)c1c(C#N)nn(-c2c(Cl)cc(C(F)(F)F)cc2Cl)c1N,,,,,,,,,1,CCS(=O)c1c(C#N)nn(-c2c(Cl)cc(C(F)(F)F)cc2Cl)c1N
,,Nitrendipine,CCOC(=O)C1=C(C)NC(C)=C(C(=O)OC)C1c1cccc([N+](=O)[O-])c1,,,,,,,,,1,CCOC(=O)C1=C(C)NC(C)=C(C(=O)OC)C1c1cccc([N+](=O)[O-])c1
,,Codeine,COc1ccc2c3c1O[C@H]1[C@@H](O)C=C[C@H]4[C@@H](C2)N(C)CC[C@@]341,,,,,,,1,,1,COc1ccc2c3c1O[C@H]1[C@@H](O)C=C[C@H]4[C@@H](C2)N(C)CC[C@@]341
,,Phenformin,N=C(N)NC(=N)NCCc1ccccc1,,,,,,,1,,,N=C(N)NC(=N)NCCc1ccccc1
,,Lisofylline,C[C@@H](O)CCCCn1c(=O)c2c(ncn2C)n(C)c1=O,1,1,,,,,,0,1,C[C@@H](O)CCCCn1c(=O)c2c(ncn2C)n(C)c1=O
,,Capsaicin,COc1cc(CNC(=O)CCCC/C=C/C(C)C)ccc1O,1,0,1,1,1,1,1,1,1,COc1cc(CNC(=O)CCCC/C=C/C(C)C)ccc1O
,,Riddelliine,C=C1C/C(=C/C)C(=O)O[C@@H]2CCN3CC=C(COC(=O)[C@@]1(O)CO)[C@H]23,,,,,,,,,1,C=C1C/C(=C/C)C(=O)O[C@@H]2CCN3CC=C(COC(=O)[C@@]1(O)CO)[C@H]23
,,Safrole,C=CCc1ccc2c(c1)OCO2,,1,,,1,,1,1,1,C=CCc1ccc2c(c1)OCO2
,,2-Acetylbenzothiophene,CC(=O)c1cc2ccccc2s1,1,,1,,,,,1,1,CC(=O)c1cc2ccccc2s1
,,N-Ac-FFVC,CC(=O)N[C@@H](CS/C(F)=C(/OCF)C(F)F)C(=O)O,,,,,,,,,1,CC(=O)N[C@@H](CS/C(F)=C(/OCF)C(F)F)C(=O)O
,,N-Ac-DFEC,CC(=O)N[C@@H](CSC(F)(F)[C@@H](OCF)C(F)F)C(=O)O,,,,,,,,,1,CC(=O)N[C@@H](CSC(F)(F)[C@@H](OCF)C(F)F)C(=O)O
,,SERM-I,Oc1ccc([C@H]2Sc3cc(O)ccc3O[C@H]2c2ccc(OCCN3CCCCC3)cc2)cc1,,,,,,,,,1,Oc1ccc([C@H]2Sc3cc(O)ccc3O[C@H]2c2ccc(OCCN3CCCCC3)cc2)cc1
,,Rotenone,C=C(C)[C@H]1Cc2c(ccc3c2O[C@@H]2COc4cc(OC)c(OC)cc4[C@@H]2C3=O)O1,,0,,,1,,,0,1,C=C(C)[C@H]1Cc2c(ccc3c2O[C@@H]2COc4cc(OC)c(OC)cc4[C@@H]2C3=O)O1
,,Zafirlukast,COc1cc(C(=O)NS(=O)(=O)c2ccccc2C)ccc1Cc1cn(C)c2ccc(NC(=O)OC3CCCC3)cc12,,,,,,,,,1,COc1cc(C(=O)NS(=O)(=O)c2ccccc2C)ccc1Cc1cn(C)c2ccc(NC(=O)OC3CCCC3)cc12
,,Methyleugenol,C=CCc1ccc(OC)c(OC)c1,,0,0,0,1,1,1,,0,C=CCc1ccc(OC)c(OC)c1
,,Haloperidol,O=C(CCCN1CCC(O)(c2ccc(Cl)cc2)CC1)c1ccc(F)cc1,,,,,,,,,1,O=C(CCCN1CCC(O)(c2ccc(Cl)cc2)CC1)c1ccc(F)cc1
,,1-Aminopyrene,Nc1ccc2ccc3cccc4ccc1c2c34,1,,,,,,,,1,Nc1ccc2ccc3cccc4ccc1c2c34
,,N-Nitrosomorpholine,O=NN1CCOCC1,,1,1,,,,,1,,O=NN1CCOCC1
,,Vinyl carbamate,C=COC(N)=O,,,,,,,,1,,C=COC(N)=O
,,Estragole,C=CCc1ccc(OC)cc1,1,1,,,,,,,,C=CCc1ccc(OC)cc1
,,N'-Nitrosoanabasine,O=NN1CC=CCC1c1cccnc1,,1,,,,,,,1,O=NN1CC=CCC1c1cccnc1
,,Chloroprene,C=CC(=C)Cl,,,,,,,,1,,C=CC(=C)Cl
,,Ticlopidine,Clc1ccccc1CN1CCc2sccc2C1,1,,1,,,1,1,,1,Clc1ccccc1CN1CCc2sccc2C1
,,Clopidogrel M2b,COC(=O)[C@H](C1=CC=CC=C1Cl)N2CCC3C(=CC(=O)S3)C2,1,,1,1,1,1,1,0,1,COC(=O)[C@H](c1ccccc1Cl)N1CCC2SC(=O)C=C2C1
,,Terbutryne,CCNc1nc(NC(C)(C)C)nc(SC)n1,1,,1,,,,,,1,CCNc1nc(NC(C)(C)C)nc(SC)n1
,,Atrazine,CCNc1nc(Cl)nc(NC(C)C)n1,1,,1,,,,,,1,CCNc1nc(Cl)nc(NC(C)C)n1
,,Terbuthylazine,CCNc1nc(Cl)nc(NC(C)(C)C)n1,1,,,,,,,,1,CCNc1nc(Cl)nc(NC(C)(C)C)n1
,,Ametryne,CCNc1nc(NC(C)C)nc(SC)n1,1,,1,,,,,,1,CCNc1nc(NC(C)C)nc(SC)n1
,,Acetaminophen,CC(=O)Nc1ccc(O)cc1,1,1,,,,,1,1,1,CC(=O)Nc1ccc(O)cc1
,,Genistein,O=c1c(-c2ccc(O)cc2)coc2cc(O)cc(O)c12,1,,,,,,,1,,O=c1c(-c2ccc(O)cc2)coc2cc(O)cc(O)c12
,,Cotinine,CN1C(=O)CC[C@H]1c1cccnc1,,1,,,,,,,,CN1C(=O)CC[C@H]1c1cccnc1
,,Mefenamic acid,Cc1cccc(Nc2ccccc2C(=O)O)c1C,,,,,1,,,,,Cc1cccc(Nc2ccccc2C(=O)O)c1C
,,Promazine,CN(C)CCCN1c2ccccc2Sc2ccccc21,1,1,1,,1,1,1,1,1,CN(C)CCCN1c2ccccc2Sc2ccccc21
,,5-Hydroxytryptamine,NCCc1c[nH]c2ccc(O)cc12,,,1,,1,1,,,,NCCc1c[nH]c2ccc(O)cc12
,,Dextromethorphan,COc1ccc2c(c1)[C@]13CCCC[C@@H]1[C@H](C2)N(C)CC3,0,0,1,,1,1,1,0,1,COc1ccc2c(c1)[C@]13CCCC[C@@H]1[C@H](C2)N(C)CC3
,,CMV423,NC(=O)c1c(Cl)c(-c2cccnc2)n2c1CCCC2,1,0,0,1,1,0,0,0,1,NC(=O)c1c(Cl)c(-c2cccnc2)n2c1CCCC2
,,RPR 127025,C1CC(C2=C(C(=C(N2C1)C3=CN=CC=C3)Cl)C(=O)N)O,,0,0,0,0,0,0,0,,NC(=O)c1c(Cl)c(-c2cccnc2)n2c1C(O)CCC2
,,Repaglinide,CCOc1cc(CC(=O)N[C@@H](CC(C)C)c2ccccc2N2CCCCC2)ccc1C(=O)O,,,,1,,,,,1,CCOc1cc(CC(=O)N[C@@H](CC(C)C)c2ccccc2N2CCCCC2)ccc1C(=O)O
,,MMDL,CO[C@]12C[C@@H](CO)CN(C)[C@@H]1Cc1cn(C)c3cccc2c13,,,,,,,1,,,CO[C@]12C[C@@H](CO)CN(C)[C@@H]1Cc1cn(C)c3cccc2c13
,,Propranolol,CC(C)NCC(O)COc1cccc2ccccc12,1,,,,,1,1,,,CC(C)NCC(O)COc1cccc2ccccc12
,,Dihydrocodeine,COc1ccc2c3c1O[C@H]1[C@@H](O)CC[C@H]4[C@@H](C2)N(C)CC[C@@]341,,,,,,,1,,1,COc1ccc2c3c1O[C@H]1[C@@H](O)CC[C@H]4[C@@H](C2)N(C)CC[C@@]341
,,Mexiletine,Cc1cccc(C)c1OCC(C)N,1,,1,,,,1,1,,Cc1cccc(C)c1OCC(C)N
,,Mephenytoin,CC[C@@]1(c2ccccc2)NC(=O)N(C)C1=O,1,,1,1,1,1,,,,CC[C@@]1(c2ccccc2)NC(=O)N(C)C1=O
,,Rosiglitazone,CN(CCOc1ccc(CC2SC(=O)NC2=O)cc1)c1ccccn1,1,0,0,1,1,,1,1,1,CN(CCOc1ccc(CC2SC(=O)NC2=O)cc1)c1ccccn1
,,Theobromine,Cn1cnc2c1c(=O)[nH]c(=O)n2C,1,1,,,,,,1,,Cn1cnc2c1c(=O)[nH]c(=O)n2C
,,Verapamil,COc1ccc(CCN(C)CCCC(C#N)(c2ccc(OC)c(OC)c2)C(C)C)cc1OC,,,,1,,,,1,1,COc1ccc(CCN(C)CCCC(C#N)(c2ccc(OC)c(OC)c2)C(C)C)cc1OC
,,Norverapamil,COc1ccc(CCNCCCC(C#N)(c2ccc(OC)c(OC)c2)C(C)C)cc1OC,,,,1,,,1,1,1,COc1ccc(CCNCCCC(C#N)(c2ccc(OC)c(OC)c2)C(C)C)cc1OC
,,Zolpidem,Cc1ccc(-c2nc3ccc(C)cn3c2CC(=O)N(C)C)cc1,1,0,,0,1,1,1,0,1,Cc1ccc(-c2nc3ccc(C)cn3c2CC(=O)N(C)C)cc1
,,Ziprasidone,O=C1Cc2cc(CCN3CCN(c4nsc5ccccc45)CC3)c(Cl)cc2N1,0,,,,0,0,0,,1,O=C1Cc2cc(CCN3CCN(c4nsc5ccccc45)CC3)c(Cl)cc2N1
,,Albendazole,CCCSc1ccc2[nH]c(NC(=O)OC)nc2c1,1,,,,,,,,1,CCCSc1ccc2[nH]c(NC(=O)OC)nc2c1
,,Caffeine,Cn1c(=O)c2c(ncn2C)n(C)c1=O,1,,,,,,1,1,1,Cn1c(=O)c2c(ncn2C)n(C)c1=O
,,Perphenazine,OCCN1CCN(CCCN2c3ccccc3Sc3ccc(Cl)cc32)CC1,1,,,1,1,1,1,,1,OCCN1CCN(CCCN2c3ccccc3Sc3ccc(Cl)cc32)CC1
,,Sildenafil,CCCc1nn(C)c2c(=O)[nH]c(-c3cc(S(=O)(=O)N4CCN(C)CC4)ccc3OCC)nc12,,,,,1,1,1,,1,CCCc1nn(C)c2c(=O)[nH]c(-c3cc(S(=O)(=O)N4CCN(C)CC4)ccc3OCC)nc12
,,Simvastatin hydroxy acid,CCC(C)(C)C(=O)O[C@H]1C[C@@H](C)C=C2C=C[C@H](C)[C@H](CC[C@@H](O)C[C@@H](O)CC(=O)O)[C@H]21,0,0,,1,0,0,0,,1,CCC(C)(C)C(=O)O[C@H]1C[C@@H](C)C=C2C=C[C@H](C)[C@H](CC[C@@H](O)C[C@@H](O)CC(=O)O)[C@H]21
,,Hydrocodone,COc1ccc2c3c1O[C@H]1C(=O)CC[C@H]4[C@@H](C2)N(C)CC[C@]314,,,,,,,1,,1,COc1ccc2c3c1O[C@H]1C(=O)CC[C@H]4[C@@H](C2)N(C)CC[C@]314
,,ROX-M-5,OCCCOc1cccc(CN2CCCCC2)c1,,,,,,,1,,,OCCCOc1cccc(CN2CCCCC2)c1
,,ROX-M-4,NCCCOc1cccc(CN2CCCCC2)c1,,1,,,,,,,,NCCCOc1cccc(CN2CCCCC2)c1
,,Bosentan,COc1ccccc1Oc1c(NS(=O)(=O)c2ccc(C(C)(C)C)cc2)nc(-c2ncccn2)nc1OCCO,0,,,,1,1,0,,1,COc1ccccc1Oc1c(NS(=O)(=O)c2ccc(C(C)(C)C)cc2)nc(-c2ncccn2)nc1OCCO
,,2-Naphthylamine,Nc1ccc2ccccc2c1,1,,,,,,,,,Nc1ccc2ccccc2c1
,,Acetaldehyde,CC=O,,,,,,,,1,,CC=O
,,Prostaglandin H2,CCCCC[C@H](O)/C=C/[C@@H]1[C@@H](C/C=C\CCCC(=O)O)[C@@H]2C[C@H]1OO2,1,,,,,,,1,1,CCCCC[C@H](O)/C=C/[C@@H]1[C@@H](C/C=C\CCCC(=O)O)[C@@H]2C[C@H]1OO2
,,Bromocriptine,CC(C)C[C@H]1C(=O)N2CCC[C@H]2[C@]2(O)O[C@](NC(=O)[C@@H]3C=C4c5cccc6[nH]c(Br)c(c56)C[C@H]4N(C)C3)(C(C)C)C(=O)N12,,,,,,,,,1,CC(C)C[C@H]1C(=O)N2CCC[C@H]2[C@]2(O)O[C@](NC(=O)[C@@H]3C=C4c5cccc6[nH]c(Br)c(c56)C[C@H]4N(C)C3)(C(C)C)C(=O)N12
,,alpha-Dihydroergocryptine,CC(C)C[C@H]1C(=O)N2CCC[C@H]2[C@]2(O)O[C@](NC(=O)[C@@H]3C[C@@H]4c5cccc6[nH]cc(c56)C[C@H]4N(C)C3)(C(C)C)C(=O)N12,0,,,,,,,,1,CC(C)C[C@H]1C(=O)N2CCC[C@H]2[C@]2(O)O[C@](NC(=O)[C@@H]3C[C@@H]4c5cccc6[nH]cc(c56)C[C@H]4N(C)C3)(C(C)C)C(=O)N12
,,Roquinimex,CN(C(=O)c1c(O)c2ccccc2n(C)c1=O)c1ccccc1,0,,,,0,0,0,,1,CN(C(=O)c1c(O)c2ccccc2n(C)c1=O)c1ccccc1
,,BFC(7-Benzyloxy-4-trifluoromethylcoumarin),O=c1cc(C(F)(F)F)c2ccc(OCc3ccccc3)cc2o1,1,,1,,1,1,,,1,O=c1cc(C(F)(F)F)c2ccc(OCc3ccccc3)cc2o1
,,o-Phenylphenol,Oc1ccccc1-c1ccccc1,1,,1,,,,1,1,1,Oc1ccccc1-c1ccccc1
,,BFBFC,O=c1cc(C(F)(F)F)c2ccc(OCc3cc(C(F)(F)F)ccc3C(F)(F)F)cc2o1,0,0,,0,0,0,0,0,1,O=c1cc(C(F)(F)F)c2ccc(OCc3cc(C(F)(F)F)ccc3C(F)(F)F)cc2o1
,,UK-343664,CCCOc1ccc(S(=O)(=O)N2CCN(CC)CC2)cc1-c1nc2c(CC)n(Cc3ccccn3)nc2c(=O)[nH]1,0,,,,,,,,1,CCCOc1ccc(S(=O)(=O)N2CCN(CC)CC2)cc1-c1nc2c(CC)n(Cc3ccccn3)nc2c(=O)[nH]1
,,"1,8-Cineole",CC1(C)O[C@]2(C)CC[C@H]1CC2,,,,,,,,,1,CC1(C)O[C@]2(C)CC[C@H]1CC2
,,"1,4-Cineole",CC(C)[C@]12CC[C@](C)(CC1)O2,0,1,1,,0,0,0,0,1,CC(C)[C@]12CC[C@](C)(CC1)O2
,,ORG-30659,C#C[C@]1(O)C=C[C@H]2[C@@H]3CCC4=CC(=O)CC[C@@H]4[C@H]3C(=C)C[C@@]21C,0,0,,,0,1,0,0,1,C#C[C@]1(O)C=C[C@H]2[C@@H]3CCC4=CC(=O)CC[C@@H]4[C@H]3C(=C)C[C@@]21C
,,Org-4060,CC[C@H]1C[C@@]2(C)[C@@H](CC[C@@]2(O)C#C)[C@@H]3CCC4=CC(=O)CC[C@@H]4[C@@H]13,0,0,,,0,0,0,0,1,C#C[C@]1(O)CC[C@H]2[C@@H]3CCC4=CC(=O)CC[C@@H]4[C@H]3[C@@H](CC)C[C@@]21C
,,Ethosuximide,CCC1(C)CC(=O)NC1=O,0,0,,,0,,0,1,1,CCC1(C)CC(=O)NC1=O
,,V11294,CCNc1ncn(Cc2ccc(OC)c(OC3CCCC3)c2)c2nc(C(C)C)nc1-2,0,,0,0,1,1,1,0,1,CCNc1ncn(Cc2ccc(OC)c(OC3CCCC3)c2)c2nc(C(C)C)nc1-2
,,Rebamipide,O=C(NC(Cc1cc(=O)[nH]c2ccccc12)C(=O)O)c1ccc(Cl)cc1,0,0,0,0,0,0,0,0,1,O=C(NC(Cc1cc(=O)[nH]c2ccccc12)C(=O)O)c1ccc(Cl)cc1
,,Etoperidone,CCc1nn(CCCN2CCN(c3cccc(Cl)c3)CC2)c(=O)n1CC,0,,0,0,,,,,1,CCc1nn(CCCN2CCN(c3cccc(Cl)c3)CC2)c(=O)n1CC
,,2n-Propylquinoline,CCCc1ccc2ccccc2n1,0,1,,,1,1,0,1,1,CCCc1ccc2ccccc2n1
,,Morphine,CN1CC[C@]23c4c5ccc(O)c4O[C@H]2[C@@H](O)C=C[C@H]3[C@H]1C5,0,0,0,1,,,,0,1,CN1CC[C@]23c4c5ccc(O)c4O[C@H]2[C@@H](O)C=C[C@H]3[C@H]1C5
,,7-Benzyloxyresorufin,O=c1ccc2nc3ccc(OCc4ccccc4)cc3oc-2c1,1,,1,,0,,,,1,O=c1ccc2nc3ccc(OCc4ccccc4)cc3oc-2c1
,,MOPPP,COc1ccc(C(=O)C(C)N2CCCC2)cc1,0,0,0,0,0,1,1,0,0,COc1ccc(C(=O)C(C)N2CCCC2)cc1
,,MEOPP,COc1ccc(N2CCNCC2)cc1,0,0,0,0,0,0,1,0,0,COc1ccc(N2CCNCC2)cc1
,,CP-195543,O=C(O)c1ccc(C(F)(F)F)cc1-c1ccc2c(c1)OC[C@H](Cc1ccccc1)[C@H]2O,0,0,,,,,,0,1,O=C(O)c1ccc(C(F)(F)F)cc1-c1ccc2c(c1)OC[C@H](Cc1ccccc1)[C@H]2O
,,Hydromorphone,CN1CC[C@]23c4c5ccc(O)c4O[C@H]2C(=O)CC[C@H]3[C@H]1C5,,,,,1,,1,,1,CN1CC[C@]23c4c5ccc(O)c4O[C@H]2C(=O)CC[C@H]3[C@H]1C5
,,Dextropropoxyphene,CCC(=O)O[C@](Cc1ccccc1)(c1ccccc1)[C@H](C)CN(C)C,,,,,,,,,1,CCC(=O)O[C@](Cc1ccccc1)(c1ccccc1)[C@H](C)CN(C)C
,,DA-8159,CCCOc1ccc(S(=O)(=O)NCCC2CCCN2C)cc1-c1nc2c(CCC)nn(C)c2c(=O)[nH]1,,,,,,,,,1,CCCOc1ccc(S(=O)(=O)NCCC2CCCN2C)cc1-c1nc2c(CCC)nn(C)c2c(=O)[nH]1
,,Ecabapide,CNC(=O)c1cccc(NCC(=O)NCCc2ccc(OC)c(OC)c2)c1,,,,,,,,,1,CNC(=O)c1cccc(NCC(=O)NCCc2ccc(OC)c(OC)c2)c1
,,MDPPP,CC(C(=O)c1ccc2c(c1)OCO2)N1CCCC1,0,0,0,0,0,1,1,0,0,CC(C(=O)c1ccc2c(c1)OCO2)N1CCCC1
,,Etodolac,CCc1cccc2c3c([nH]c12)C(CC)(CC(=O)O)OCC3,,,,,1,,,,,CCc1cccc2c3c([nH]c12)C(CC)(CC(=O)O)OCC3
,,Estazolam,Clc1ccc2c(c1)C(c1ccccc1)=NCc1nncn1-2,0,0,,,0,0,0,0,1,Clc1ccc2c(c1)C(c1ccccc1)=NCc1nncn1-2
,,Valsartan,CCCCC(=O)N(Cc1ccc(-c2ccccc2-c2nn[nH]n2)cc1)[C@H](C(=O)O)C(C)C,0,0,0,0,1,0,0,0,0,CCCCC(=O)N(Cc1ccc(-c2ccccc2-c2nn[nH]n2)cc1)[C@H](C(=O)O)C(C)C
,,Ketobemidone,CCC(=O)C1(c2cccc(O)c2)CCN(C)CC1,,,,,1,,,,1,CCC(=O)C1(c2cccc(O)c2)CCN(C)CC1
,,Ipriflavone,CC(C)Oc1ccc2c(=O)c(-c3ccccc3)coc2c1,1,,,,1,1,,,1,CC(C)Oc1ccc2c(=O)c(-c3ccccc3)coc2c1
,,Ipriflavone M4,CC(CO)OC1=CC2=C(C=C1)C(=O)C(=CO2)C3=CC=CC=C3,1,0,0,0,0,0,0,0,0,CC(CO)Oc1ccc2c(=O)c(-c3ccccc3)coc2c1
,,N-Desacetyl-indiplon,CNc1cccc(-c2ccnc3c(C(=O)c4cccs4)cnn23)c1,1,,,,,,1,1,1,CNc1cccc(-c2ccnc3c(C(=O)c4cccs4)cnn23)c1
,,Indiplon,CC(=O)N(C)c1cccc(-c2ccnc3c(C(=O)c4cccs4)cnn23)c1,1,0,0,0,0,0,0,0,1,CC(=O)N(C)c1cccc(-c2ccnc3c(C(=O)c4cccs4)cnn23)c1
,,Eupatilin,COc1ccc(-c2cc(=O)c3c(O)c(OC)c(O)cc3o2)cc1OC,1,,,1,1,1,1,1,,COc1ccc(-c2cc(=O)c3c(O)c(OC)c(O)cc3o2)cc1OC
,,4-Nitroanisole,COc1ccc([N+](=O)[O-])cc1,,1,,,,,,1,,COc1ccc([N+](=O)[O-])cc1
,,Barnidipine,COC(=O)C1=C(C)NC(C)=C(C(=O)O[C@H]2CCN(Cc3ccccc3)C2)[C@H]1c1cccc([N+](=O)[O-])c1,,,,,,,1,,1,COC(=O)C1=C(C)NC(C)=C(C(=O)O[C@H]2CCN(Cc3ccccc3)C2)[C@H]1c1cccc([N+](=O)[O-])c1
,,Barnidipine M8,CC1=C(C(=C(C(=N1)C)C(=O)O[C@H]2CCN(C2)CC3=CC=CC=C3)C4=CC(=CC=C4)[N+](=O)[O-])C(=O)OC,,,,,,,,,1,COC(=O)c1c(C)nc(C)c(C(=O)O[C@H]2CCN(Cc3ccccc3)C2)c1-c1cccc([N+](=O)[O-])c1
,,Barnidipine M1,CC1=C([C@@H](C(=C(N1)C)C(=O)O[C@H]2CCNC2)C3=CC(=CC=C3)[N+](=O)[O-])C(=O)OC,,,,,,,,,0,COC(=O)C1=C(C)NC(C)=C(C(=O)O[C@H]2CCNC2)[C@H]1c1cccc([N+](=O)[O-])c1
,,Barnidipine M3,CC1=C([C@H](C(=C(N1)C)C(=O)OC)C2=CC(=CC=C2)[N+](=O)[O-])C(=O)O,,,,,,,,,0,COC(=O)C1=C(C)NC(C)=C(C(=O)O)[C@H]1c1cccc([N+](=O)[O-])c1
,,Brotizolam,Cc1nnc2n1-c1sc(Br)cc1C(c1ccccc1Cl)=NC2,0,0,0,,0,0,0,0,1,Cc1nnc2n1-c1sc(Br)cc1C(c1ccccc1Cl)=NC2
,,Trimethadione,CN1C(=O)OC(C)(C)C1=O,0,0,0,1,1,,0,1,1,CN1C(=O)OC(C)(C)C1=O
,,Tamsulosin,CCOc1ccccc1OCCN[C@H](C)Cc1ccc(OC)c(S(N)(=O)=O)c1,,,,,,,1,,1,CCOc1ccccc1OCCN[C@H](C)Cc1ccc(OC)c(S(N)(=O)=O)c1
,,Pregnenolone,CC(=O)[C@H]1CC[C@H]2[C@@H]3CC=C4C[C@@H](O)CC[C@]4(C)[C@H]3CC[C@]12C,,,,,,1,1,,1,CC(=O)[C@H]1CC[C@H]2[C@@H]3CC=C4C[C@@H](O)CC[C@]4(C)[C@H]3CC[C@]12C
,,Progesterone,CC(=O)[C@H]1CC[C@H]2[C@@H]3CCC4=CC(=O)CC[C@]4(C)[C@H]3CC[C@]12C,1,1,,,1,1,1,,1,CC(=O)[C@H]1CC[C@H]2[C@@H]3CCC4=CC(=O)CC[C@]4(C)[C@H]3CC[C@]12C
,,Zaleplon,CCN(C1=CC=CC(=C1)C2=CC=NC3=C(C=NN23)C#N)C(=O)C,,,,,,,,,1,CCN(C(C)=O)c1cccc(-c2ccnc3c(C#N)cnn23)c1
,,Meloxicam,Cc1cnc(NC(=O)C2=C(O)c3ccccc3S(=O)(=O)N2C)s1,,,,,1,,,,1,Cc1cnc(NC(=O)C2=C(O)c3ccccc3S(=O)(=O)N2C)s1
,,Perhexiline,C1CCC(C(CC2CCCCN2)C2CCCCC2)CC1,,,1,,,,1,,1,C1CCC(C(CC2CCCCN2)C2CCCCC2)CC1
,,S-MTPPA,Cc1ccsc1-c1ccc([C@H](C)C(=O)O)cc1,0,0,0,,1,0,0,,,Cc1ccsc1-c1ccc([C@H](C)C(=O)O)cc1
,,Tauromustine,CN(C)S(=O)(=O)CCNC(=O)N(CCCl)N=O,1,,,,1,1,1,,1,CN(C)S(=O)(=O)CCNC(=O)N(CCCl)N=O
,,Zolmitriptan,CN(C)CCc1c[nH]c2ccc(C[C@H]3COC(=O)N3)cc12,1,,,,0,0,0,,0,CN(C)CCc1c[nH]c2ccc(C[C@H]3COC(=O)N3)cc12
,,Artelinic acid,C[C@H]1[C@@H](OCc2ccc(C(=O)O)cc2)O[C@@H]2O[C@@]3(C)CC[C@H]4[C@H](C)CC[C@@H]1[C@@]24OO3,,,,,,,,,1,C[C@H]1[C@@H](OCc2ccc(C(=O)O)cc2)O[C@@H]2O[C@@]3(C)CC[C@H]4[C@H](C)CC[C@@H]1[C@@]24OO3
,,4_methoxy_N_butylamphetamine,CCCCNC(C)CC1=CC=C(OC)C=C1,,,,,,,1,,,CCCCNC(C)Cc1ccc(OC)cc1
,,amphetamine,CC(N)CC1=CC=CC=C1,,,,,,,1,,,CC(N)Cc1ccccc1
,,4_methoxy_N_ethylamphetamine,CCNC(C)CC1=CC=C(OC)C=C1,,,,,,,1,,,CCNC(C)Cc1ccc(OC)cc1
,,N_butyl_amphetamine,CCCCNC(C)CC1=CC=CC=C1,,,,,,,1,,,CCCCNC(C)Cc1ccccc1
,,N_ethyl_amphetamine,CCNC(C)CC1=CC=CC=C1,,,,,,,1,,,CCNC(C)Cc1ccccc1
,,GTS-21,COc1ccc(/C=C2\CCCN=C2c2cccnc2)c(OC)c1,1,,,,,,,1,1,COc1ccc(/C=C2\CCCN=C2c2cccnc2)c(OC)c1
,,Zotepine,CN(C)CCOC1=Cc2ccccc2Sc2ccc(Cl)cc21,1,,1,1,1,1,1,,1,CN(C)CCOC1=Cc2ccccc2Sc2ccc(Cl)cc21
,,NS-21,CCN(CC)CC#CC(C)(C)OC(=O)C(O)(c1ccccc1)C1CCCCC1,,,,,,,,,1,CCN(CC)CC#CC(C)(C)OC(=O)C(O)(c1ccccc1)C1CCCCC1
,,Aminopyrine,CN(c(c(C)n(C)n1c2ccccc2)c1=O)C,1,1,1,1,1,1,1,,1,Cc1c(N(C)C)c(=O)n(-c2ccccc2)n1C
,,Quazepam,Fc1ccccc1C1=NCC(=S)N(CC(F)(F)F)c2ccc(Cl)cc21,0,0,,,1,1,0,0,1,Fc1ccccc1C1=NCC(=S)N(CC(F)(F)F)c2ccc(Cl)cc21
,,2-Oxoquazepam,O=C1CN=C(c2ccccc2F)c2cc(Cl)ccc2N1CC(F)(F)F,0,0,,,1,0,0,0,1,O=C1CN=C(c2ccccc2F)c2cc(Cl)ccc2N1CC(F)(F)F
,,Aprindine,CCN(CC)CCCN(c1ccccc1)C1Cc2ccccc2C1,,,,,,,1,,,CCN(CC)CCCN(c1ccccc1)C1Cc2ccccc2C1
,,Monodemethylated mifepristone,CC#C[C@]1(O)CC[C@H]2[C@@H]3CCC4=CC(=O)CCC4=C3[C@@H](c3ccc(NC)cc3)C[C@@]21C,,,,,,,,,1,CC#C[C@]1(O)CC[C@H]2[C@@H]3CCC4=CC(=O)CCC4=C3[C@@H](c3ccc(NC)cc3)C[C@@]21C
,,"4,4'-Dichlorobiphenyl",Clc1ccc(-c2ccc(Cl)cc2)cc1,1,,,,,,,,,Clc1ccc(-c2ccc(Cl)cc2)cc1
,,YM-64227,CCc1ccc2c(C3CCCCC3)nc(=O)n(CC)c2n1,1,,,,,,,,,CCc1ccc2c(C3CCCCC3)nc(=O)n(CC)c2n1
,,Territrem A,COc1cc(-c2cc3c(c(=O)o2)CC2(O)C(C)(CCC4(O)C(C)(C)C=CC(=O)C42C)O3)cc2c1OCO2,0,0,0,,,0,,0,1,COc1cc(-c2cc3c(c(=O)o2)CC2(O)C(C)(CCC4(O)C(C)(C)C=CC(=O)C42C)O3)cc2c1OCO2
,,Benzphetamine,C[C@@H](Cc1ccccc1)N(C)Cc1ccccc1,,,1,,,,,,1,C[C@@H](Cc1ccccc1)N(C)Cc1ccccc1
,,Phenacetin,CCOc1ccc(NC(C)=O)cc1,1,,,,,,,,,CCOc1ccc(NC(C)=O)cc1
,,p-Isopropyloxyacetanilide,CC(=O)Nc1ccc(OC(C)C)cc1,1,,,,,,,,,CC(=O)Nc1ccc(OC(C)C)cc1
,,p-Methoxyacetanilide,COc1ccc(NC(C)=O)cc1,1,,,,,,,,,COc1ccc(NC(C)=O)cc1
,,(R)-Warfarin,CC(=O)C[C@H](c1ccccc1)c1c(O)c2ccccc2oc1=O,1,0,0,1,1,1,0,0,1,CC(=O)C[C@H](c1ccccc1)c1c(O)c2ccccc2oc1=O
,,(S)-Warfarin,CC(=O)C[C@@H](c1ccccc1)c1c(O)c2ccccc2oc1=O,,,,1,1,1,,,1,CC(=O)C[C@@H](c1ccccc1)c1c(O)c2ccccc2oc1=O
,,Nortriptyline,CNCCC=C1c2ccccc2CCc2ccccc21,1,,,,,1,1,,1,CNCCC=C1c2ccccc2CCc2ccccc21
,,Amitriptyline,CN(C)CCC=C1c2ccccc2CCc2ccccc21,1,,1,1,1,1,1,,1,CN(C)CCC=C1c2ccccc2CCc2ccccc21
,,Senecionine,C/C=C1/C[C@@H](C)[C@@](C)(O)C(=O)OCC2=CCN3CC[C@@H](OC1=O)[C@@H]23,,,,,,,,,1,C/C=C1/C[C@@H](C)[C@@](C)(O)C(=O)OCC2=CCN3CC[C@@H](OC1=O)[C@@H]23
,,MOCA,Nc1ccc(Cc2ccc(N)c(Cl)c2)cc1Cl,,1,,,,,,,1,Nc1ccc(Cc2ccc(N)c(Cl)c2)cc1Cl
,,6-Aminochrysene,Nc1cc2c3ccccc3ccc2c2ccccc12,1,1,1,,,,1,,1,Nc1cc2c3ccccc3ccc2c2ccccc12
,,Phenol,Oc1ccccc1,,,,,,,,1,,Oc1ccccc1
,,NNK,CN(CCCC(=O)c1cccnc1)N=O,1,1,,,,,,,1,CN(CCCC(=O)c1cccnc1)N=O
,,Quinoline,c1ccc2ncccc2c1,1,1,1,,0,,1,1,1,c1ccc2ncccc2c1
,,NDEA,CCN(CC)N=O,,1,1,1,1,1,1,1,1,CCN(CC)N=O
,,NDMA,CN(C)N=O,1,1,0,1,1,0,1,1,1,CN(C)N=O
,,NMBA,CCCCN(C)N=O,1,1,1,1,1,1,1,1,1,CCCCN(C)N=O
,,NMEA,CCN(C)N=O,0,1,1,1,1,1,1,1,1,CCN(C)N=O
,,"2-amino-3-methylimidazo[4,5-f/quinoline (IQ)",CN1C2=C(C3=C(C=C2)N=CC=C3)N=C1N,1,,,,,,,,,Cn1c(N)nc2c3cccnc3ccc21
,,4-Aminobiphenyl,Nc1ccc(-c2ccccc2)cc1,1,,,,,,,,,Nc1ccc(-c2ccccc2)cc1
,,MeIQx,Cc1cnc2ccc3c(nc(N)n3C)c2n1,1,,,,,,,,0,Cc1cnc2ccc3c(nc(N)n3C)c2n1
,,N-Nitrosonornicotine,O=NN1CCC[C@H]1c1cccnc1,,1,,,,,1,1,1,O=NN1CCC[C@H]1c1cccnc1
,,"Benzo[a]pyrene-7,8-diol",Oc1ccc2c(cc3ccc4cccc5ccc2c3c45)c1O,1,,,,,,,,,Oc1ccc2c(cc3ccc4cccc5ccc2c3c45)c1O
,,PhIP,Cn1c(N)nc2ncc(-c3ccccc3)cc21,1,,,,,,,,,Cn1c(N)nc2ncc(-c3ccccc3)cc21
,,o-Aminoazotoluene,Cc1cc(N=Nc2ccccc2C)ccc1N,1,,,,,,,,,Cc1cc(N=Nc2ccccc2C)ccc1N
,,Ochratoxin A,C[C@@H]1Cc2c(Cl)cc(C(=O)N[C@@H](Cc3ccccc3)C(=O)O)c(O)c2C(=O)O1,1,,,,1,,,,1,C[C@@H]1Cc2c(Cl)cc(C(=O)N[C@@H](Cc3ccccc3)C(=O)O)c(O)c2C(=O)O1
,,Valproic acid,CCCC(CCC)C(=O)O,,1,1,,1,1,,,,CCCC(CCC)C(=O)O
,,Ropivacaine,CCCN1CCCC[C@H]1C(=O)Nc1c(C)cccc1C,1,0,1,,,,1,0,1,CCCN1CCCC[C@H]1C(=O)Nc1c(C)cccc1C
,,Propofol,CC(C)c1cccc(C(C)C)c1O,1,1,1,1,1,1,1,1,1,CC(C)c1cccc(C(C)C)c1O
,,Valdecoxib,Cc1onc(-c2ccccc2)c1-c1ccc(S(N)(=O)=O)cc1,,,,,1,,,,1,Cc1onc(-c2ccccc2)c1-c1ccc(S(N)(=O)=O)cc1
,,5-Methoxytryptamine,COc1ccc2[nH]cc(CCN)c2c1,,,,,,,1,,,COc1ccc2[nH]cc(CCN)c2c1
,,5-MDMT,COc1ccc2[nH]cc(CCN(C)C)c2c1,,,,,,,1,,,COc1ccc2[nH]cc(CCN(C)C)c2c1
,,Pinoline,COc1ccc2[nH]c3c(c2c1)CCNC3,,,,,,,1,,,COc1ccc2[nH]c3c(c2c1)CCNC3
,,Granisetron,CN1[C@@H]2CCC[C@H]1CC(NC(=O)c1nn(C)c3ccccc13)C2,,,,,,,,,1,CN1[C@@H]2CCC[C@H]1CC(NC(=O)c1nn(C)c3ccccc13)C2
,,Ethylmorphine,CCOc1ccc2c3c1O[C@H]1[C@@H](O)C=C[C@H]4[C@@H](C2)N(C)CC[C@@]341,,,,,,,1,,1,CCOc1ccc2c3c1O[C@H]1[C@@H](O)C=C[C@H]4[C@@H](C2)N(C)CC[C@@]341
,,Theophylline,Cn1c(=O)c2[nH]cnc2n(C)c1=O,1,1,1,,,,1,1,1,Cn1c(=O)c2[nH]cnc2n(C)c1=O
,,Chlorproguanil,CC(C)NC(=N)NC(=N)Nc1ccc(Cl)c(Cl)c1,,,,,,1,,,,CC(C)NC(=N)NC(=N)Nc1ccc(Cl)c(Cl)c1
,,Astemizole,COc1ccc(CCN2CCC(Nc3nc4ccccc4n3Cc3ccc(F)cc3)CC2)cc1,0,0,0,0,0,0,1,0,1,COc1ccc(CCN2CCC(Nc3nc4ccccc4n3Cc3ccc(F)cc3)CC2)cc1
,,Domperidone,O=c1[nH]c2ccccc2n1CCCN1CCC(n2c(=O)[nH]c3cc(Cl)ccc32)CC1,1,,1,1,,,1,0,1,O=c1[nH]c2ccccc2n1CCCN1CCC(n2c(=O)[nH]c3cc(Cl)ccc32)CC1
,,Chlorpropamide,CCCNC(=O)NS(=O)(=O)c1ccc(Cl)cc1,1,,,1,1,1,1,,1,CCCNC(=O)NS(=O)(=O)c1ccc(Cl)cc1
,,Tienilic acid,O=C(O)COc1ccc(C(=O)c2cccs2)c(Cl)c1Cl,,,,1,1,,,,,O=C(O)COc1ccc(C(=O)c2cccs2)c(Cl)c1Cl
,,Tentoxin,CC(C)C[C@@H]1NC(=O)[C@H](C)N(C)C(=O)CNC(=O)/C(=C/c2ccccc2)N(C)C1=O,0,,,,0,,0,,1,CC(C)C[C@@H]1NC(=O)[C@H](C)N(C)C(=O)CNC(=O)/C(=C/c2ccccc2)N(C)C1=O
,,7-Ethoxycoumarin,CCOc1ccc2ccc(=O)oc2c1,1,1,,,,,,1,,CCOc1ccc2ccc(=O)oc2c1
,,7-Methoxycoumarin,COc1ccc2ccc(=O)oc2c1,1,1,,,,,,,,COc1ccc2ccc(=O)oc2c1
,,Pioglitazone,CCc1ccc(CCOc2ccc(CC3SC(=O)NC3=O)cc2)nc1,,,0,1,,1,,,1,CCc1ccc(CCOc2ccc(CC3SC(=O)NC3=O)cc2)nc1
,,Adinazolam,CN(C)Cc1nnc2n1-c1ccc(Cl)cc1C(c1ccccc1)=NC2,0,,,,0,1,0,0,1,CN(C)Cc1nnc2n1-c1ccc(Cl)cc1C(c1ccccc1)=NC2
,,MK-0767,COC1=C(C=C(C=C1)CC2C(=O)NC(=O)S2)C(=O)NCC3=CC=C(C=C3)C(F)(F)F,,,,,,,,,1,COc1ccc(CC2SC(=O)NC2=O)cc1C(=O)NCc1ccc(C(F)(F)F)cc1
,,Ethinylestradiol,C#C[C@]1(O)CC[C@H]2[C@@H]3CCc4cc(O)ccc4[C@H]3CC[C@@]21C,1,0,0,1,1,1,,0,1,C#C[C@]1(O)CC[C@H]2[C@@H]3CCc4cc(O)ccc4[C@H]3CC[C@@]21C
,,Aprepitant,C[C@@H](O[C@H]1OCCN(Cc2n[nH]c(=O)[nH]2)[C@H]1c1ccc(F)cc1)c1cc(C(F)(F)F)cc(C(F)(F)F)c1,1,0,0,0,0,1,0,0,1,C[C@@H](O[C@H]1OCCN(Cc2n[nH]c(=O)[nH]2)[C@H]1c1ccc(F)cc1)c1cc(C(F)(F)F)cc(C(F)(F)F)c1
,,Aprepitant M1,C[C@@H](O[C@H]1OCCN[C@H]1c1ccc(F)cc1)c1cc(C(F)(F)F)cc(C(F)(F)F)c1,,,,,,,,,1,C[C@@H](O[C@H]1OCCN[C@H]1c1ccc(F)cc1)c1cc(C(F)(F)F)cc(C(F)(F)F)c1
,,Itraconazole,CCC(C)N1N=CN(C1=O)C1=CC=C(C=C1)N1CCN(CC1)C1=CC=C(OC[C@H]2CO[C@@](CN3C=NC=N3)(O2)C2=C(Cl)C=C(Cl)C=C2)C=C1,0,0,0,,0,0,0,0,1,CCC(C)n1ncn(-c2ccc(N3CCN(c4ccc(OC[C@H]5CO[C@](Cn6cncn6)(c6ccc(Cl)cc6Cl)O5)cc4)CC3)cc2)c1=O
,,hydroxy-itraconazole,CC(O)C(N1N=CN(C2=CC=C(N3CCN(C4=CC=C(C=C4)OC[C@H]5CO[C@@](O5)(C6=C(C=C(C=C6)Cl)Cl)CN7C=NC=N7)CC3)C=C2)C1=O)C,,,,,,,,,1,CC(O)C(C)n1ncn(-c2ccc(N3CCN(c4ccc(OC[C@H]5CO[C@](Cn6cncn6)(c6ccc(Cl)cc6Cl)O5)cc4)CC3)cc2)c1=O
,,1-PP,c1cnc(N2CCNCC2)nc1,,,,,,,1,,,c1cnc(N2CCNCC2)nc1
,,Malathion,CCOC(=O)CC(SP(=S)(OC)OC)C(=O)OCC,1,,1,,,1,,,1,CCOC(=O)CC(SP(=S)(OC)OC)C(=O)OCC
,,Nelfinavir,Cc1c(O)cccc1C(=O)N[C@@H](CSc1ccccc1)[C@H](O)CN1C[C@H]2CCCC[C@H]2C[C@H]1C(=O)NC(C)(C)C,,,,,,1,,,1,Cc1c(O)cccc1C(=O)N[C@@H](CSc1ccccc1)[C@H](O)CN1C[C@H]2CCCC[C@H]2C[C@H]1C(=O)NC(C)(C)C
,,Laquinimod,CCN(C(=O)c1c(O)c2c(Cl)cccc2n(C)c1=O)c1ccccc1,0,,0,,0,,0,,1,CCN(C(=O)c1c(O)c2c(Cl)cccc2n(C)c1=O)c1ccccc1
,,Melatonin,COc1ccc2[nH]cc(CCNC(C)=O)c2c1,1,1,1,,1,1,1,1,1,COc1ccc2[nH]cc(CCNC(C)=O)c2c1
,,Sertraline,CN[C@H]1CC[C@@H](c2ccc(Cl)c(Cl)c2)c2ccccc21,,,1,,1,1,1,,1,CN[C@H]1CC[C@@H](c2ccc(Cl)c(Cl)c2)c2ccccc21
,,Alfentanil,CCC(=O)N(c1ccccc1)C1(COC)CCN(CCn2nnn(CC)c2=O)CC1,,,,,,,,,1,CCC(=O)N(c1ccccc1)C1(COC)CCN(CCn2nnn(CC)c2=O)CC1
,,Bortezomib M1,CC(C)C[C@H](NC(=O)[C@H](CC1=CC=CC=C1)NC(=O)C2=NC=CN=C2)O,,,,,,1,,,1,CC(C)C[C@@H](O)NC(=O)[C@H](Cc1ccccc1)NC(=O)c1cnccn1
,,Bortezomib M2,CC(C)C[C@@H](NC(=O)[C@H](CC1=CC=CC=C1)NC(=O)C2=NC=CN=C2)O,,,,,,1,,,1,CC(C)C[C@H](O)NC(=O)[C@H](Cc1ccccc1)NC(=O)c1cnccn1
,,Sulfadiazine,Nc1ccc(S(=O)(=O)Nc2ncccn2)cc1,,,1,1,1,1,,,,Nc1ccc(S(=O)(=O)Nc2ncccn2)cc1
,,PY74,COc1cc([N+](=O)[O-])ccc1N/N=C(\C(C)=O)C(=O)Nc1ccccc1OC,1,,0,,0,,0,0,1,COc1cc([N+](=O)[O-])ccc1N/N=C(\C(C)=O)C(=O)Nc1ccccc1OC
,,PY74-M1,COc1cc([N+](=O)[O-])ccc1N/N=C(\C(C)=O)C(=O)Nc1ccc(O)cc1OC,1,,0,,0,,0,0,0,COc1cc([N+](=O)[O-])ccc1N/N=C(\C(C)=O)C(=O)Nc1ccc(O)cc1OC
,,Buprenorphine,CO[C@]12CC[C@@]3(C[C@@H]1[C@](C)(O)C(C)(C)C)[C@H]1Cc4ccc(O)c5c4[C@@]3(CCN1CC1CC1)[C@H]2O5,,,,1,,,,,1,CO[C@]12CC[C@@]3(C[C@@H]1[C@](C)(O)C(C)(C)C)[C@H]1Cc4ccc(O)c5c4[C@@]3(CCN1CC1CC1)[C@H]2O5
,,DY-9760E,COc1cc2c(CCN3CCN(c4cccc(Cl)c4C)CC3)nn(Cc3c[nH]cn3)c2cc1OC,1,,,1,1,1,1,,1,COc1cc2c(CCN3CCN(c4cccc(Cl)c4C)CC3)nn(Cc3c[nH]cn3)c2cc1OC
,,Naphthalene,c1ccc2ccccc2c1,1,1,1,,,1,1,1,1,c1ccc2ccccc2c1
,,p-Cresol,Cc1ccc(O)cc1,1,,,,,1,1,1,,Cc1ccc(O)cc1
,,Mesoridazine,CN1CCCCC1CCN1c2ccccc2Sc2ccc(S(C)=O)cc21,1,,,,,1,1,,1,CN1CCCCC1CCN1c2ccccc2Sc2ccc(S(C)=O)cc21
,,Thioridazine,CSc1ccc2c(c1)N(CCC1CCCCN1C)c1ccccc1S2,1,1,1,,1,1,1,1,1,CSc1ccc2c(c1)N(CCC1CCCCN1C)c1ccccc1S2
,,Rutaecarpine,O=c1c2ccccc2nc2n1CCc1c-2[nH]c2ccccc12,1,0,,,1,,1,,1,O=c1c2ccccc2nc2n1CCc1c-2[nH]c2ccccc12
,,R-95913,C1CC1C(=O)C(C2=CC=CC=C2F)N3CCC4C(=CC(=O)S4)C3,0,0,1,0,1,1,1,0,1,O=C1C=C2CN(C(C(=O)C3CC3)c3ccccc3F)CCC2S1
,,FLU-1,Nc1ccc([N+](=O)[O-])c(C(F)(F)F)c1,,1,,,1,1,1,1,1,Nc1ccc([N+](=O)[O-])c(C(F)(F)F)c1
,,Flutamide,CC(C)C(=O)Nc1ccc([N+](=O)[O-])c(C(F)(F)F)c1,1,0,,,1,1,,,,CC(C)C(=O)Nc1ccc([N+](=O)[O-])c(C(F)(F)F)c1
,,4-nitro-3-(trifluoromethyl)phenylamine (Flu-1),C1=CC(=C(C=C1N)C(F)(F)F)[N+](=O)[O-],,,,,,1,,,,Nc1ccc([N+](=O)[O-])c(C(F)(F)F)c1
,,N-[4-nitro-3-(trifluoromethyl)phenyl]-acetamide (Flu-2),CC(=O)NC1=CC(=C(C=C1)[N+](=O)[O-])C(F)(F)F,,,,1,,,,,,CC(=O)Nc1ccc([N+](=O)[O-])c(C(F)(F)F)c1
,,2-methyl-N-[4-amino-3-(trifluoromethyl)phenyl]-propanamide (Flu-6),CC(C)C(=O)NC1=CC(=C(C=C1)N)C(F)(F)F,1,,,,,,,,,CC(C)C(=O)Nc1ccc(N)c(C(F)(F)F)c1
,,Quinacrine,CCN(CC)CCCC(C)Nc1c2ccc(Cl)cc2nc2ccc(OC)cc12,,,,,,,,,1,CCN(CC)CCCC(C)Nc1c2ccc(Cl)cc2nc2ccc(OC)cc12
,,Fluticasone Propionate,CCC(=O)O[C@@]1([C@@H](C[C@@H]2[C@@]1(C[C@@H]([C@]3([C@H]2C[C@@H](C4=CC(=O)C=C[C@@]43C)F)F)O)C)C)C(=O)SCF,0,0,0,0,0,,0,0,1,CCC(=O)O[C@]1(C(=O)SCF)[C@H](C)C[C@H]2[C@@H]3C[C@H](F)C4=CC(=O)C=C[C@]4(C)[C@@]3(F)[C@@H](O)C[C@@]21C
,,Endosulfan,O=S1OCC2C(CO1)C1(Cl)C(Cl)=C(Cl)C2(Cl)C1(Cl)Cl,0,0,1,0,,,0,0,1,O=S1OCC2C(CO1)C1(Cl)C(Cl)=C(Cl)C2(Cl)C1(Cl)Cl
,,Muraglitazar,COc1ccc(OC(=O)N(CC(=O)O)Cc2ccc(OCCc3nc(-c4ccccc4)oc3C)cc2)cc1,0,0,0,1,1,1,1,0,1,COc1ccc(OC(=O)N(CC(=O)O)Cc2ccc(OCCc3nc(-c4ccccc4)oc3C)cc2)cc1
,,Diphenhydramine,CN(C)CCOC(c1ccccc1)c1ccccc1,1,0,1,,1,1,1,0,1,CN(C)CCOC(c1ccccc1)c1ccccc1
,,Abbott-66193,CC(NC(N)=O)c1cc2ccccc2s1,1,,,,1,,1,,1,CC(NC(N)=O)c1cc2ccccc2s1
,,ML-3403,CSc1nc(-c2ccnc(NC(C)c3ccccc3)c2)c(-c2ccc(F)cc2)[nH]1,1,,,1,1,1,1,,1,CSc1nc(-c2ccnc(NC(C)c3ccccc3)c2)c(-c2ccc(F)cc2)[nH]1
,,ML-3603,CC(Nc1cc(-c2nc(S(C)=O)[nH]c2-c2ccc(F)cc2)ccn1)c1ccccc1,1,,,0,0,1,1,,1,CC(Nc1cc(-c2nc(S(C)=O)[nH]c2-c2ccc(F)cc2)ccn1)c1ccccc1
,,Pilocarpine,CC[C@@H]1C(=O)OC[C@@H]1Cc1cncn1C,0,1,0,,0,0,0,0,,CC[C@@H]1C(=O)OC[C@@H]1Cc1cncn1C
,,Proguanil,CC(C)NC(=N)NC(=N)Nc1ccc(Cl)cc1,0,,,,0,1,1,,1,CC(C)NC(=N)NC(=N)Nc1ccc(Cl)cc1
,,JPC-2056,CC(C)NC(=N)NC(=N)NOCCCOc1ccc(OC(F)(F)F)cc1Cl,1,,,,0,1,1,,1,CC(C)NC(=N)NC(=N)NOCCCOc1ccc(OC(F)(F)F)cc1Cl
,,PS-15,CC(C)NC(=N)NC(=N)NOCCCOc1cc(Cl)c(Cl)cc1Cl,1,,,,0,1,1,,1,CC(C)NC(=N)NC(=N)NOCCCOc1cc(Cl)c(Cl)cc1Cl
,,3-O-Methylfluorescein,COc1ccc2c(c1)Oc1cc(O)ccc1C21OC(=O)c2ccccc21,1,0,1,1,1,1,0,,0,COc1ccc2c(c1)Oc1cc(O)ccc1C21OC(=O)c2ccccc21
,,BPR0L075,COc1ccc2c(C(=O)c3cc(OC)c(OC)c(OC)c3)c[nH]c2c1,1,,,,1,1,1,1,1,COc1ccc2c(C(=O)c3cc(OC)c(OC)c(OC)c3)c[nH]c2c1
,,TPA023,CCn1ncnc1COc1nn2c(-c3ccccc3F)nnc2cc1C(C)(C)C,,,,,,,,,1,CCn1ncnc1COc1nn2c(-c3ccccc3F)nnc2cc1C(C)(C)C
,,MK-0457,Cc1cc(Nc2cc(N3CCN(C)CC3)nc(Sc3ccc(NC(=O)C4CC4)cc3)n2)n[nH]1,,,,1,,,,,1,Cc1cc(Nc2cc(N3CCN(C)CC3)nc(Sc3ccc(NC(=O)C4CC4)cc3)n2)n[nH]1
,,Diuron,CN(C)C(=O)Nc1ccc(Cl)c(Cl)c1,1,,1,,,1,1,,1,CN(C)C(=O)Nc1ccc(Cl)c(Cl)c1
,,Gefitinib,COc1cc2ncnc(Nc3ccc(F)c(Cl)c3)c2cc1OCCCN1CCOCC1,0,,,,,,1,,1,COc1cc2ncnc(Nc3ccc(F)c(Cl)c3)c2cc1OCCCN1CCOCC1
,,MPBP,CCC(C(=O)c1ccc(C)cc1)N1CCCC1,1,,,,,1,1,,,CCC(C(=O)c1ccc(C)cc1)N1CCCC1
,,Vicriviroc,COC[C@@H](c1ccc(C(F)(F)F)cc1)N1CCN(C2(C)CCN(C(=O)c3c(C)ncnc3C)CC2)C[C@@H]1C,0,0,0,0,1,0,0,0,1,COC[C@@H](c1ccc(C(F)(F)F)cc1)N1CCN(C2(C)CCN(C(=O)c3c(C)ncnc3C)CC2)C[C@@H]1C
,,Trazodone,C1CN(CCN1CCCN2C(=O)N3C=CC=CC3=N2)C4=CC(=CC=C4)Cl,0,0,,,,,1,0,1,O=c1n(CCCN2CCN(c3cccc(Cl)c3)CC2)nc2ccccn12
,,Licofelone-M1,CC1(CC2=C(C(=C(N2C1)CC(=O)O[C@H]3[C@@H]([C@H]([C@@H]([C@H](O3)C(=O)O)O)O)O)C4=CC=C(C=C4)Cl)C5=CC=CC=C5)C,,,,1,,,,,,CC1(C)Cc2c(-c3ccccc3)c(-c3ccc(Cl)cc3)c(CC(=O)O[C@@H]3O[C@H](C(=O)O)[C@@H](O)[C@H](O)[C@H]3O)n2C1
,,Licofelone,CC1(C)Cc2c(-c3ccccc3)c(-c3ccc(Cl)cc3)c(CC(=O)O)n2C1,0,,0,1,1,,,0,1,CC1(C)Cc2c(-c3ccccc3)c(-c3ccc(Cl)cc3)c(CC(=O)O)n2C1
,,Demethylsibutramine,CNC(CC(C)C)C1(c2ccc(Cl)cc2)CCC1,0,0,1,0,0,0,0,0,0,CNC(CC(C)C)C1(c2ccc(Cl)cc2)CCC1
,,Sibutramine,CC(C)CC(N(C)C)C1(c2ccc(Cl)cc2)CCC1,0,0,1,0,0,1,0,0,1,CC(C)CC(N(C)C)C1(c2ccc(Cl)cc2)CCC1
,,Cholic acid,C[C@H](CCC(=O)O)[C@H]1CC[C@H]2[C@@H]3[C@H](O)C[C@@H]4C[C@H](O)CC[C@]4(C)[C@H]3C[C@H](O)[C@]12C,0,0,0,0,0,0,0,0,1,C[C@H](CCC(=O)O)[C@H]1CC[C@H]2[C@@H]3[C@H](O)C[C@@H]4C[C@H](O)CC[C@]4(C)[C@H]3C[C@H](O)[C@]12C
,,Chenodeoxycholic acid,C[C@H](CCC(=O)O)[C@H]1CC[C@H]2[C@@H]3[C@H](O)C[C@@H]4C[C@H](O)CC[C@]4(C)[C@H]3CC[C@]12C,,,,0,0,,,0,1,C[C@H](CCC(=O)O)[C@H]1CC[C@H]2[C@@H]3[C@H](O)C[C@@H]4C[C@H](O)CC[C@]4(C)[C@H]3CC[C@]12C
,,Voreloxin,CN[C@H]1CN(c2ccc3c(=O)c(C(=O)O)cn(-c4nccs4)c3n2)C[C@@H]1OC,1,,,,0,0,1,,1,CN[C@H]1CN(c2ccc3c(=O)c(C(=O)O)cn(-c4nccs4)c3n2)C[C@@H]1OC
,,Nabumetone,COc1ccc2cc(CCC(C)=O)ccc2c1,1,0,1,0,0,1,1,1,0,COc1ccc2cc(CCC(C)=O)ccc2c1
,,2-Oxo-clopidogrel,COC(=O)[C@H](c1ccccc1Cl)N1CCC2SC(=O)C=C2C1,0,0,1,0,1,1,0,0,1,COC(=O)[C@H](c1ccccc1Cl)N1CCC2SC(=O)C=C2C1
,,clopidogrel,COC(=O)[C@H](C1=CC=CC=C1Cl)N2CCC3=C(C2)C=CS3,1,0,1,0,0,1,0,0,0,COC(=O)[C@H](c1ccccc1Cl)N1CCc2sccc2C1
,,Carbamazepine,NC(=O)N1c2ccccc2C=Cc2ccccc21,1,,,1,,,,,1,NC(=O)N1c2ccccc2C=Cc2ccccc21
,,Eplerenone,COC(=O)[C@@H]1CC2=CC(=O)CC[C@]2(C)[C@@]23O[C@@H]2C[C@@]2(C)[C@@H](CC[C@@]24CCC(=O)O4)[C@H]13,,,,,,,,,1,COC(=O)[C@@H]1CC2=CC(=O)CC[C@]2(C)[C@@]23O[C@@H]2C[C@@]2(C)[C@@H](CC[C@@]24CCC(=O)O4)[C@H]13
,,Quinine,C=C[C@H]1CN2CC[C@H]1C[C@H]2[C@H](O)c1ccnc2ccc(OC)cc12,,,,,,1,,,1,C=C[C@H]1CN2CC[C@H]1C[C@H]2[C@H](O)c1ccnc2ccc(OC)cc12
,,OSU-6162,CCCN1CCC[C@@H](c2cccc(S(C)(=O)=O)c2)C1,1,,,,,1,1,,1,CCCN1CCC[C@@H](c2cccc(S(C)(=O)=O)c2)C1
,,Olopatadine,CN(C)CC/C=C1/c2ccccc2COc2ccc(CC(=O)O)cc21,,,,,,,,,1,CN(C)CC/C=C1/c2ccccc2COc2ccc(CC(=O)O)cc21
,,Kaempferide,COc1ccc(-c2oc3cc(O)cc(O)c3c(=O)c2O)cc1,1,,,,1,,,,0,COc1ccc(-c2oc3cc(O)cc(O)c3c(=O)c2O)cc1
,,"N,N-Dimethyl-m-toluamide",CCN(CC)C(=O)c1cccc(C)c1,1,1,1,0,,1,1,1,1,CCN(CC)C(=O)c1cccc(C)c1
,,NO-1886,CCOP(=O)(Cc1ccc(C(=O)Nc2ccc(Br)cc2C#N)cc1)OCC,,,,1,,,,,1,CCOP(=O)(Cc1ccc(C(=O)Nc2ccc(Br)cc2C#N)cc1)OCC
,,Atomoxetine,CNCC[C@@H](Oc1ccccc1C)c1ccccc1,1,,1,,1,1,1,1,1,CNCC[C@@H](Oc1ccccc1C)c1ccccc1
,,Metoclopramide,CCN(CC)CCNC(=O)c1cc(Cl)c(N)cc1OC,1,0,0,1,0,1,1,0,1,CCN(CC)CCNC(=O)c1cc(Cl)c(N)cc1OC
,,Limonene,C=C(C)C1CC=C(C)CC1,0,0,0,1,1,1,,0,1,C=C(C)C1CC=C(C)CC1
,,18-Methoxycoronaridine,COCC[C@H]1C[C@H]2CN3CCc4c([nH]c5ccccc45)[C@](C(=O)OC)(C2)[C@H]13,,,,,1,1,1,,1,COCC[C@H]1C[C@H]2CN3CCc4c([nH]c5ccccc45)[C@](C(=O)OC)(C2)[C@H]13
,,Compound 1,O=S(=O)(Nc1ccc(CCNC[C@H](O)c2cccnc2)cc1)c1ccc(-c2nc(-c3ccc(C(F)(F)F)cc3)cs2)cc1,0,0,,0,0,0,0,0,1,O=S(=O)(Nc1ccc(CCNC[C@H](O)c2cccnc2)cc1)c1ccc(-c2nc(-c3ccc(C(F)(F)F)cc3)cs2)cc1
,,E-2101,CNC(=O)Cc1ccc2ccn(C3CCN(CCc4ccccc4F)CC3)c2c1,,,,,,,,,1,CNC(=O)Cc1ccc2ccn(C3CCN(CCc4ccccc4F)CC3)c2c1
,,Dibenzylfluorescein(DBF),O=C(OCc1ccccc1)c1ccccc1-c1c2ccc(=O)cc-2oc2cc(OCc3ccccc3)ccc12,,0,0,1,1,1,,0,1,O=C(OCc1ccccc1)c1ccccc1-c1c2ccc(=O)cc-2oc2cc(OCc3ccccc3)ccc12
,,7-Methoxy-4-trifluoromethylcoumarin(MFC),COc1ccc2c(C(F)(F)F)cc(=O)oc2c1,1,1,1,,1,1,1,1,0,COc1ccc2c(C(F)(F)F)cc(=O)oc2c1
,,3-Cyano-7-methoxycoumarin(CMC),COc1ccc2cc(C#N)c(=O)oc2c1,1,,1,0,,1,,1,0,COc1ccc2cc(C#N)c(=O)oc2c1
,,7-Benzyloxyquinoline(BQ),c1ccc(COc2ccc3cccnc3c2)cc1,1,,0,0,0,0,0,0,1,c1ccc(COc2ccc3cccnc3c2)cc1
,,"3-[2-(N,N-Diethyl-N-methylammonium)ethyl]-7 methoxy-4-trifluoromethylcoumarin(MeAMFC)",CC[N+](C)(CC)CCC1=C(C2=C(C=C(C=C2)OC)OC1=O)C(F)(F)F,,,,,,,1,,,CC[N+](C)(CC)CCc1c(C(F)(F)F)c2ccc(OC)cc2oc1=O
,,dibenzyl fluorescein(DBF),C1=CC=C(C=C1)COC2=CC3=C(C=C2)C4(C5=C(O3)C=C(C=C5)OCC6=CC=CC=C6)C7=CC=CC=C7C(=O)O4,,0,0,1,,1,,0,1,O=C1OC2(c3ccc(OCc4ccccc4)cc3Oc3cc(OCc4ccccc4)ccc32)c2ccccc21
,,Ketamine,CNC1(c2ccccc2Cl)CCCCC1=O,,,1,,1,,,,1,CNC1(c2ccccc2Cl)CCCCC1=O
,,Methoxychlor-mono-OH,COc1ccc(C(c2ccc(O)cc2)C(Cl)(Cl)Cl)cc1,1,,1,1,,1,1,,1,COc1ccc(C(c2ccc(O)cc2)C(Cl)(Cl)Cl)cc1
,,Methoxychlor-bis-OH,Oc1ccc(C(c2ccc(O)cc2)C(Cl)(Cl)Cl)cc1,,,1,,,1,,,1,Oc1ccc(C(c2ccc(O)cc2)C(Cl)(Cl)Cl)cc1
,,Methoxychlor-catechol,COc1ccc(C(c2ccc(O)c(O)c2)C(Cl)(Cl)Cl)cc1,1,,,1,1,1,1,,,COc1ccc(C(c2ccc(O)c(O)c2)C(Cl)(Cl)Cl)cc1
,,LY-333531,CN(C)C[C@@H]1CCn2cc(c3ccccc32)C2=C(C(=O)NC2=O)c2cn(c3ccccc23)CCO1,0,0,0,0,0,0,,0,1,CN(C)C[C@@H]1CCn2cc(c3ccccc32)C2=C(C(=O)NC2=O)c2cn(c3ccccc23)CCO1
,,Traxoprodil,C[C@@H]([C@@H](O)c1ccc(O)cc1)N1CCC(O)(c2ccccc2)CC1,,,,,,,1,,,C[C@@H]([C@@H](O)c1ccc(O)cc1)N1CCC(O)(c2ccccc2)CC1
,,Lansoprazole,Cc1c(OCC(F)(F)F)ccnc1CS(=O)c1nc2ccccc2[nH]1,,,,,1,1,,,1,Cc1c(OCC(F)(F)F)ccnc1CS(=O)c1nc2ccccc2[nH]1
,,Almotriptan,CN(C)CCc1c[nH]c2ccc(CS(=O)(=O)N3CCCC3)cc12,1,0,0,1,0,1,1,0,1,CN(C)CCc1c[nH]c2ccc(CS(=O)(=O)N3CCCC3)cc12
,,Voriconazole,C[C@@H](c1ncncc1F)[C@](O)(Cn1cncn1)c1ccc(F)cc1F,,,,,1,1,0,0,1,C[C@@H](c1ncncc1F)[C@](O)(Cn1cncn1)c1ccc(F)cc1F
,,Tolperisone,Cc1ccc(C(=O)C(C)CN2CCCCC2)cc1,1,0,1,,0,1,1,,,Cc1ccc(C(=O)C(C)CN2CCCCC2)cc1
,,Chloroquine,CCN(CC)CCCC(C)Nc1ccnc2cc(Cl)ccc12,,0,,1,,,1,,1,CCN(CC)CCCC(C)Nc1ccnc2cc(Cl)ccc12
,,Eletriptan,CN1CCC[C@@H]1Cc1c[nH]c2ccc(CCS(=O)(=O)c3ccccc3)cc12,1,,0,1,1,1,1,0,1,CN1CCC[C@@H]1Cc1c[nH]c2ccc(CCS(=O)(=O)c3ccccc3)cc12
,,Clindamycin,CCC[C@@H]1C[C@@H](C(=O)N[C@@H]([C@H]2O[C@H](SC)[C@H](O)[C@@H](O)[C@H]2O)[C@H](C)Cl)N(C)C1,0,0,0,0,0,0,,0,1,CCC[C@@H]1C[C@@H](C(=O)N[C@@H]([C@H]2O[C@H](SC)[C@H](O)[C@@H](O)[C@H]2O)[C@H](C)Cl)N(C)C1
,,MPPP,Cc1ccc(C(=O)C(C)N2CCCC2)cc1,,0,,0,,1,1,0,0,Cc1ccc(C(=O)C(C)N2CCCC2)cc1
,,2'-Hydroxy-indomethacin-phenethylamide,COc1ccc2c(c1)c(CC(=O)NCC(O)c1ccccc1)c(C)n2C(=O)c1ccc(Cl)cc1,,,,,,1,1,,1,COc1ccc2c(c1)c(CC(=O)NCC(O)c1ccccc1)c(C)n2C(=O)c1ccc(Cl)cc1
,,Indomethacin-phenethylamide,COc1ccc2c(c1)c(CC(=O)NCCc1ccccc1)c(C)n2C(=O)c1ccc(Cl)cc1,,,,,1,1,1,,1,COc1ccc2c(c1)c(CC(=O)NCCc1ccccc1)c(C)n2C(=O)c1ccc(Cl)cc1
,,Lornoxicam,CN1C(C(=O)Nc2ccccn2)=C(O)c2sc(Cl)cc2S1(=O)=O,,,,,1,,,,,CN1C(C(=O)Nc2ccccn2)=C(O)c2sc(Cl)cc2S1(=O)=O
,,dehydroepiandrosterone(DHEA),C[C@]12CC[C@H](O)CC1=CC[C@@H]1[C@@H]2CC[C@]2(C)C(=O)CC[C@@H]12,,0,0,0,0,0,0,,1,C[C@]12CC[C@H](O)CC1=CC[C@@H]1[C@@H]2CC[C@]2(C)C(=O)CC[C@@H]12
,,Isoquinoline,c1ccc2cnccc2c1,,,,,,,,,1,c1ccc2cnccc2c1
,,Methiocarb,CNC(=O)Oc1cc(C)c(SC)c(C)c1,1,1,1,,1,1,1,,1,CNC(=O)Oc1cc(C)c(SC)c(C)c1
,,Phorate,CCOP(=S)(OCC)SCSCC,1,1,1,,1,1,1,0,1,CCOP(=S)(OCC)SCSCC
,,Sulprofos,CCCSP(=S)(OCC)OC1=CC=C(C=C1)SC,1,,,,1,1,1,0,1,CCCSP(=S)(OCC)Oc1ccc(SC)cc1
,,disulfoton,CCOP(=S)(OCC)SCCSCC,1,,1,,1,1,1,,1,CCOP(=S)(OCC)SCCSCC
,,PMMA,CNC(C)Cc1ccc(OC)cc1,0,0,0,0,0,0,1,0,0,CNC(C)Cc1ccc(OC)cc1
,,Troglitazone,Cc1c(C)c2c(c(C)c1O)CCC(C)(COc1ccc(CC3SC(=O)NC3=O)cc1)O2,1,,,1,,1,1,1,1,Cc1c(C)c2c(c(C)c1O)CCC(C)(COc1ccc(CC3SC(=O)NC3=O)cc1)O2
,,Oxycodone,COc1ccc2c3c1O[C@H]1C(=O)CC[C@@]4(O)[C@@H](C2)N(C)CC[C@]314,,1,1,,1,1,1,,1,COc1ccc2c3c1O[C@H]1C(=O)CC[C@@]4(O)[C@@H](C2)N(C)CC[C@]314
,,Felodipine,CCOC(=O)C1=C(C)NC(C)=C(C(=O)OC)C1c1cccc(Cl)c1Cl,,,,,,,,,1,CCOC(=O)C1=C(C)NC(C)=C(C(=O)OC)C1c1cccc(Cl)c1Cl
,,Compound A,COc1ccc([C@H](CC(=O)O)N2CCN(CCCc3ccc4c(n3)NCCC4)C2=O)cn1,,,,,,,1,,1,COc1ccc([C@H](CC(=O)O)N2CCN(CCCc3ccc4c(n3)NCCC4)C2=O)cn1
,,Harmaline,COc1ccc2c3c([nH]c2c1)C(C)=NCC3,1,0,0,0,,,1,0,0,COc1ccc2c3c([nH]c2c1)C(C)=NCC3
,,Harmine,COc1ccc2c(c1)[nH]c1c(C)nccc12,1,0,,,1,1,1,0,,COc1ccc2c(c1)[nH]c1c(C)nccc12
,,Efavirenz,O=C1Nc2ccc(Cl)cc2[C@@](C#CC2CC2)(C(F)(F)F)O1,,,1,0,,0,0,0,,O=C1Nc2ccc(Cl)cc2[C@@](C#CC2CC2)(C(F)(F)F)O1
,,8-OH-Efavirenz,O=C1Nc2c(O)cc(Cl)cc2[C@@](C#CC2CC2)(C(F)(F)F)O1,0,1,1,0,1,1,1,0,0,O=C1Nc2c(O)cc(Cl)cc2[C@@](C#CC2CC2)(C(F)(F)F)O1
,,Tamoxifen,CC/C(=C(\c1ccccc1)c1ccc(OCCN(C)C)cc1)c1ccccc1,,,1,,,1,1,,1,CC/C(=C(\c1ccccc1)c1ccc(OCCN(C)C)cc1)c1ccccc1
,,N-desmethyltamoxifen,CC/C(=C(\C1=CC=CC=C1)/C2=CC=C(C=C2)OCCNC)/C3=CC=CC=C3,,,,,,,1,,,CC/C(=C(\c1ccccc1)c1ccc(OCCNC)cc1)c1ccccc1
,,4-hydroxytamoxifen,CC/C(=C(\C1=CC=C(C=C1)O)/C2=CC=C(C=C2)OCCN(C)C)/C3=CC=CC=C3,1,,,1,,,1,,1,CC/C(=C(\c1ccc(O)cc1)c1ccc(OCCN(C)C)cc1)c1ccccc1
,,Amodiaquine,CCN(CC)Cc1cc(Nc2ccnc3cc(Cl)ccc23)ccc1O,,,,1,,1,1,,1,CCN(CC)Cc1cc(Nc2ccnc3cc(Cl)ccc23)ccc1O
,,Midazolam,Cc1ncc2n1-c1ccc(Cl)cc1C(c1ccccc1F)=NC2,,,,,,,,,1,Cc1ncc2n1-c1ccc(Cl)cc1C(c1ccccc1F)=NC2
,,Nicotine,CN1CCC[C@H]1c1cccnc1,,1,1,,,,1,,,CN1CCC[C@H]1c1cccnc1
,,Pradefovir,Nc1ncnc2c1ncn2CCOC[P@@]1(=O)OCC[C@@H](c2cccc(Cl)c2)O1,,,,,,,,,1,Nc1ncnc2c1ncn2CCOC[P@@]1(=O)OCC[C@@H](c2cccc(Cl)c2)O1
,,Finasteride,CC(C)(C)NC(=O)[C@H]1CC[C@H]2[C@@H]3CC[C@H]4NC(=O)C=C[C@]4(C)[C@H]3CC[C@]12C,,,0,0,0,,0,0,1,CC(C)(C)NC(=O)[C@H]1CC[C@H]2[C@@H]3CC[C@H]4NC(=O)C=C[C@]4(C)[C@H]3CC[C@]12C
,,Omega-hydroxyl-finasteride,C[C@]12CC[C@H]3[C@H]([C@@H]1CC[C@@H]2C(=O)NC(C)(C)CO)CC[C@@H]4[C@@]3(C=CC(=O)N4)C,,,0,0,0,,0,0,1,CC(C)(CO)NC(=O)[C@H]1CC[C@H]2[C@@H]3CC[C@H]4NC(=O)C=C[C@]4(C)[C@H]3CC[C@]12C
,,omega-aldehyde-finasteride,C[C@]12CC[C@H]3[C@H]([C@@H]1CC[C@@H]2C(=O)NC(C)(C)C=O)CC[C@@H]4[C@@]3(C=CC(=O)N4)C,,,0,0,0,,0,0,1,CC(C)(C=O)NC(=O)[C@H]1CC[C@H]2[C@@H]3CC[C@H]4NC(=O)C=C[C@]4(C)[C@H]3CC[C@]12C
,,Ellipticine,Cc1c2ccncc2c(C)c2c1[nH]c1ccccc12,1,,,,1,,1,0,1,Cc1c2ccncc2c(C)c2c1[nH]c1ccccc12
,,BPU,Cc1cc(NC(=O)NC(=O)c2ccccc2N(C)C)ccc1Oc1ncc(Br)cn1,,,,1,,,1,,1,Cc1cc(NC(=O)NC(=O)c2ccccc2N(C)C)ccc1Oc1ncc(Br)cn1
,,Citalopram,CN(C)CCC[C@@]1(c2ccc(F)cc2)OCc2cc(C#N)ccc21,,,,,,1,1,,1,CN(C)CCC[C@@]1(c2ccc(F)cc2)OCc2cc(C#N)ccc21
,,Demethylcitalopram,CNCCC[C@@]1(c2ccc(F)cc2)OCc2cc(C#N)ccc21,,,,,,,1,,,CNCCC[C@@]1(c2ccc(F)cc2)OCc2cc(C#N)ccc21
,,Cocaine,COC(=O)[C@H]1[C@@H](OC(=O)c2ccccc2)C[C@@H]2CC[C@H]1N2C,,,,,,,,,1,COC(=O)[C@H]1[C@@H](OC(=O)c2ccccc2)C[C@@H]2CC[C@H]1N2C
,,o-Xylene,Cc1ccccc1C,,,,,,,,1,,Cc1ccccc1C
,,p-Xylene,Cc1ccc(C)cc1,,,,,,,,1,,Cc1ccc(C)cc1
,,m-Xylene,Cc1cccc(C)c1,1,,,,,,,1,,Cc1cccc(C)c1
,,Dichloromethane,ClCCl,,,,,,,,1,,ClCCl
,,n-Hexane,CCCCCC,,,1,,,,,,,CCCCCC
,,Vivid-red,O=c1ccc2nc3ccc(OCOCc4ccccc4)cc3oc-2c1,,,,,1,,,,,O=c1ccc2nc3ccc(OCOCc4ccccc4)cc3oc-2c1
,,Cilostazol,O=C1CCc2cc(OCCCCc3nnnn3C3CCCCC3)ccc2N1,1,,,,,,,,1,O=C1CCc2cc(OCCCCc3nnnn3C3CCCCC3)ccc2N1
,,Estradiol,C[C@]12CC[C@@H]3c4ccc(O)cc4CC[C@H]3[C@@H]1CC[C@@H]2O,1,,1,,1,1,1,,1,C[C@]12CC[C@@H]3c4ccc(O)cc4CC[C@H]3[C@@H]1CC[C@@H]2O
,,Estrone,C[C@]12CC[C@@H]3c4ccc(O)cc4CC[C@H]3[C@@H]1CCC2=O,1,,1,,1,,1,,1,C[C@]12CC[C@@H]3c4ccc(O)cc4CC[C@H]3[C@@H]1CCC2=O
,,Vitamin D2,C=C1CC[C@H](O)C/C1=C/C=C1\CCC[C@]2(C)[C@@H]([C@H](C)/C=C/[C@H](C)C(C)C)CC[C@@H]12,,,,,,,,,1,C=C1CC[C@H](O)C/C1=C/C=C1\CCC[C@]2(C)[C@@H]([C@H](C)/C=C/[C@H](C)C(C)C)CC[C@@H]12
,,Halofantrine,CCCCN(CCCC)CCC(O)c1cc2c(Cl)cc(Cl)cc2c2cc(C(F)(F)F)ccc12,,,,1,,0,0,,1,CCCCN(CCCC)CCC(O)c1cc2c(Cl)cc(Cl)cc2c2cc(C(F)(F)F)ccc12
,,Alachlor,CCc1cccc(CC)c1N(COC)C(=O)CCl,0,,1,,,,0,0,1,CCc1cccc(CC)c1N(COC)C(=O)CCl
,,Acetochlor,CCOCN(C(=O)CCl)c1c(C)cccc1CC,0,,1,,,,0,0,1,CCOCN(C(=O)CCl)c1c(C)cccc1CC
,,Butachlor,CCCCOCN(C(=O)CCl)c1c(CC)cccc1CC,0,,1,,,,0,0,1,CCCCOCN(C(=O)CCl)c1c(CC)cccc1CC
,,Metolachlor,CCc1cccc(C)c1N(C(=O)CCl)C(C)COC,0,,1,,,,0,0,1,CCc1cccc(C)c1N(C(=O)CCl)C(C)COC
,,Cerivastatin,COCc1c(C(C)C)nc(C(C)C)c(/C=C/[C@@H](O)C[C@@H](O)CC(=O)O)c1-c1ccc(F)cc1,,,,1,,,,,1,COCc1c(C(C)C)nc(C(C)C)c(/C=C/[C@@H](O)C[C@@H](O)CC(=O)O)c1-c1ccc(F)cc1
,,Gliclazide,Cc1ccc(S(=O)(=O)NC(=O)NN2CC3CCCC3C2)cc1,,,,,1,1,,,,Cc1ccc(S(=O)(=O)NC(=O)NN2CC3CCCC3C2)cc1
,,Rosuvastatin,CC(C)c1nc(N(C)S(C)(=O)=O)nc(-c2ccc(F)cc2)c1/C=C/[C@@H](O)C[C@@H](O)CC(=O)O,,,,,1,1,,,,CC(C)c1nc(N(C)S(C)(=O)=O)nc(-c2ccc(F)cc2)c1/C=C/[C@@H](O)C[C@@H](O)CC(=O)O
,,Gavestinel,O=C(/C=C/c1c(C(=O)O)[nH]c2cc(Cl)cc(Cl)c12)Nc1ccccc1,,,,,1,,,,,O=C(/C=C/c1c(C(=O)O)[nH]c2cc(Cl)cc(Cl)c12)Nc1ccccc1
,,M7,CCCCC1=NC2(CCC(O)C2)C(=O)N1Cc1ccc(-c2ccccc2-c2nn[nH]n2)cc1,,,,,1,,,,,CCCCC1=NC2(CCC(O)C2)C(=O)N1Cc1ccc(-c2ccccc2-c2nn[nH]n2)cc1
,,Lumiracoxib,Cc1ccc(Nc2c(F)cccc2Cl)c(CC(=O)O)c1,,,,,1,,,,,Cc1ccc(Nc2c(F)cccc2Cl)c(CC(=O)O)c1
,,Glipizide,Cc1cnc(C(=O)NCCc2ccc(S(=O)(=O)NC(=O)NC3CCCCC3)cc2)cn1,,,,,1,,,,,Cc1cnc(C(=O)NCCc2ccc(S(=O)(=O)NC(=O)NC3CCCCC3)cc2)cn1
,,Donepezil,COc1cc2c(cc1OC)C(=O)C(CC1CCN(Cc3ccccc3)CC1)C2,,,,,1,,1,,1,COc1cc2c(cc1OC)C(=O)C(CC1CCN(Cc3ccccc3)CC1)C2
,,Nateglinide,CC(C)C1CCC(C(=O)NC(Cc2ccccc2)C(=O)O)CC1,,,,,1,,,,1,CC(C)C1CCC(C(=O)NC(Cc2ccccc2)C(=O)O)CC1
,,Mestranol,C#C[C@]1(O)CC[C@H]2[C@@H]3CCc4cc(OC)ccc4[C@H]3CC[C@@]21C,,,,,1,,,,,C#C[C@]1(O)CC[C@H]2[C@@H]3CCc4cc(OC)ccc4[C@H]3CC[C@@]21C
,,17beta-OH-Progesterone,CC(=O)[C@@]1(O)CC[C@H]2[C@@H]3CCC4=CC(=O)CC[C@]4(C)[C@H]3CC[C@@]21C,,,,,,,1,,,CC(=O)[C@@]1(O)CC[C@H]2[C@@H]3CCC4=CC(=O)CC[C@]4(C)[C@H]3CC[C@@]21C
,,Deltamethrin,CC1(C)C(C=C(Br)Br)C1C(=O)OC(C#N)c1cccc(Oc2ccccc2)c1,,,,1,,1,,,1,CC1(C)C(C=C(Br)Br)C1C(=O)OC(C#N)c1cccc(Oc2ccccc2)c1
,,Esfenvalerate,CC(C)C(C(=O)OC(C#N)c1cccc(Oc2ccccc2)c1)c1ccc(Cl)cc1,,,,1,1,1,,,1,CC(C)C(C(=O)OC(C#N)c1cccc(Oc2ccccc2)c1)c1ccc(Cl)cc1
,,Zaltoprofen,CC(C(=O)O)c1ccc2c(c1)CC(=O)c1ccccc1S2,,,,,1,,,,,CC(C(=O)O)c1ccc2c(c1)CC(=O)c1ccccc1S2
,,Glimepiride,CCC1=C(C)CN(C(=O)NCCc2ccc(S(=O)(=O)NC(=O)NC3CCC(C)CC3)cc2)C1=O,,,,,1,,,,,CCC1=C(C)CN(C(=O)NCCc2ccc(S(=O)(=O)NC(=O)NC3CCC(C)CC3)cc2)C1=O
,,Tizanidine,Clc1ccc2nsnc2c1NC1=NCCN1,1,,,,,,,,,Clc1ccc2nsnc2c1NC1=NCCN1
,,1-Naphtaldehyde,O=Cc1cccc2ccccc12,,,,,,,,,1,O=Cc1cccc2ccccc12
,,N-Desmethylmianserin,c1ccc2c(c1)Cc1ccccc1N1CCNCC21,1,,,,,,1,,1,c1ccc2c(c1)Cc1ccccc1N1CCNCC21
,,TSU-68,Cc1[nH]c(/C=C2\C(=O)Nc3ccccc32)c(C)c1CCC(=O)O,1,,,1,,,,,,Cc1[nH]c(/C=C2\C(=O)Nc3ccccc32)c(C)c1CCC(=O)O
,,Aminoflavone,Cc1c(F)c(N)c2c(=O)cc(-c3ccc(N)c(F)c3)oc2c1F,1,,,,1,1,,,,Cc1c(F)c(N)c2c(=O)cc(-c3ccc(N)c(F)c3)oc2c1F
,,N-Desmethyldiphenhydramine,CNCCOC(c1ccccc1)c1ccccc1,1,,,,1,1,1,,,CNCCOC(c1ccccc1)c1ccccc1
,,Aminoflavone-N4'-hydroxyl,Cc1c(F)c(N)c2c(=O)cc(-c3ccc(NO)c(F)c3)oc2c1F,1,,,,1,1,,,,Cc1c(F)c(N)c2c(=O)cc(-c3ccc(NO)c(F)c3)oc2c1F
,,Aminoflavone-N5-hydroxyl,Cc1c(F)c(NO)c2c(=O)cc(-c3ccc(N)c(F)c3)oc2c1F,1,,,,1,1,,,,Cc1c(F)c(NO)c2c(=O)cc(-c3ccc(N)c(F)c3)oc2c1F
,,N-Desmethylclomipramine,CNCCCN1c2ccccc2CCc2ccc(Cl)cc21,1,,,,,1,1,,1,CNCCCN1c2ccccc2CCc2ccc(Cl)cc21
,,(R)-Mianserin-8-hydroxy,CN1CCN2c3cc(O)ccc3Cc3ccccc3C2C1,1,,,,,,1,,1,CN1CCN2c3cc(O)ccc3Cc3ccccc3C2C1
,,Phenytoin,O=C1NC(=O)C(c2ccccc2)(c2ccccc2)N1,0,0,0,1,1,,0,0,0,O=C1NC(=O)C(c2ccccc2)(c2ccccc2)N1
,,p-Hydroxynefazodone,CCc1nn(CCCN2CCN(c3ccc(O)c(Cl)c3)CC2)c(=O)n1CCOc1ccccc1,,,,,,,,,1,CCc1nn(CCCN2CCN(c3ccc(O)c(Cl)c3)CC2)c(=O)n1CCOc1ccccc1
,,Triamterene,Nc1nc(N)c2nc(-c3ccccc3)c(N)nc2n1,1,,,,,,,,,Nc1nc(N)c2nc(-c3ccccc3)c(N)nc2n1
,,Imatinib,Cc1ccc(NC(=O)c2ccc(CN3CCN(C)CC3)cc2)cc1Nc1nccc(-c2cccnc2)n1,,,,,,,,,1,Cc1ccc(NC(=O)c2ccc(CN3CCN(C)CC3)cc2)cc1Nc1nccc(-c2cccnc2)n1
,,O-Demethylencainide,CN1CCCCC1CCc1ccccc1NC(=O)c1ccc(O)cc1,,,,,,,1,,,CN1CCCCC1CCc1ccccc1NC(=O)c1ccc(O)cc1
,,"2,6-Xylidine",Cc1cccc(C)c1N,,1,,,,,,1,,Cc1cccc(C)c1N
,,Salicylate,O=C(O)c1ccccc1O,,,,,,,,1,1,O=C(O)c1ccccc1O
,,Fluvastatin,CC(C)n1c(/C=C/[C@@H](O)C[C@@H](O)CC(=O)O)c(-c2ccc(F)cc2)c2ccccc21,0,0,0,1,1,0,1,0,1,CC(C)n1c(/C=C/[C@@H](O)C[C@@H](O)CC(=O)O)c(-c2ccc(F)cc2)c2ccccc21
,,Quinidine,C=C[C@H]1CN2CC[C@H]1C[C@@H]2[C@@H](O)c1ccnc2ccc(OC)cc12,,,,,1,,,1,1,C=C[C@H]1CN2CC[C@H]1C[C@@H]2[C@@H](O)c1ccnc2ccc(OC)cc12
,,1-Nitropyrene,O=[N+]([O-])c1ccc2ccc3cccc4ccc1c2c34,1,,,,,,,,1,O=[N+]([O-])c1ccc2ccc3cccc4ccc1c2c34
,,2-Nitropyrene,C1=CC2=C3C(=C1)C=CC4=C3C(=CC(=C4)[N+](=O)[O-])C=C2,0,0,,,0,,0,0,0,O=[N+]([O-])c1cc2ccc3cccc4ccc(c1)c2c34
,,4-Nitropyrene,O=[N+]([O-])c1cc2cccc3ccc4cccc1c4c32,1,,,,,,,,1,O=[N+]([O-])c1cc2cccc3ccc4cccc1c4c32
,,Cortisol,C[C@]12CCC(=O)C=C1CC[C@@H]1[C@@H]2[C@@H](O)C[C@@]2(C)[C@H]1CC[C@]2(O)C(=O)CO,,,,,,,,,1,C[C@]12CCC(=O)C=C1CC[C@@H]1[C@@H]2[C@@H](O)C[C@@]2(C)[C@H]1CC[C@]2(O)C(=O)CO
,,Cyclophosphamide,O=P1(N(CCCl)CCCl)NCCCO1,,1,1,1,1,1,,,1,O=P1(N(CCCl)CCCl)NCCCO1
,,Ifosfamide,O=P1(NCCCl)OCCCN1CCCl,,1,1,1,1,1,,,1,O=P1(NCCCl)OCCCN1CCCl
,,Clozapine,CN1CCN(C2=Nc3cc(Cl)ccc3Nc3ccccc32)CC1,1,,,1,1,1,1,1,1,CN1CCN(C2=Nc3cc(Cl)ccc3Nc3ccccc32)CC1
,,Diallyl disulfide,C=CCSSCC=C,,1,,1,1,1,1,1,,C=CCSSCC=C
,,RPR-106541,CCC[C@@H]1O[C@@H]2C[C@H]3[C@@H]4C[C@H](F)C5=CC(=O)CC[C@]5(C)[C@@]4(F)[C@@H](O)C[C@]3(C)[C@]2(SC)O1,,,,,,,,,1,CCC[C@@H]1O[C@@H]2C[C@H]3[C@@H]4C[C@H](F)C5=CC(=O)CC[C@]5(C)[C@@]4(F)[C@@H](O)C[C@]3(C)[C@]2(SC)O1
,,ABT-378,Cc1cccc(C)c1OCC(=O)N[C@@H](Cc1ccccc1)[C@@H](O)C[C@H](Cc1ccccc1)NC(=O)[C@H](C(C)C)N1CCCNC1=O,,,,,,,,,1,Cc1cccc(C)c1OCC(=O)N[C@@H](Cc1ccccc1)[C@@H](O)C[C@H](Cc1ccccc1)NC(=O)[C@H](C(C)C)N1CCCNC1=O
,,Nefazodone,CCc1nn(CCCN2CCN(c3cccc(Cl)c3)CC2)c(=O)n1CCOc1ccccc1,0,,,,0,0,0,,1,CCc1nn(CCCN2CCN(c3cccc(Cl)c3)CC2)c(=O)n1CCOc1ccccc1
,,Terbinafine,CN(C/C=C/C#CC(C)(C)C)Cc1cccc2ccccc12,1,,1,1,1,1,,,1,CN(C/C=C/C#CC(C)(C)C)Cc1cccc2ccccc12
,,Zopiclone,CN1CCN(C(=O)OC2c3nccnc3C(=O)N2c2ccc(Cl)cn2)CC1,,,,1,1,,,,1,CN1CCN(C(=O)OC2c3nccnc3C(=O)N2c2ccc(Cl)cn2)CC1
,,Dacarbazine,CN(C)/N=N/c1nc[nH]c1C(N)=O,1,,,,,,,1,,CN(C)/N=N/c1nc[nH]c1C(N)=O
,,Risperidone,Cc1nc2n(c(=O)c1CCN1CCC(c3noc4cc(F)ccc34)CC1)CCCC2,,,,,,,1,,1,Cc1nc2n(c(=O)c1CCN1CCC(c3noc4cc(F)ccc34)CC1)CCCC2
,,9-OH-Risperidone,CC1=C(C(=O)N2CCCC(C2=N1)O)CCN3CCC(CC3)C4=NOC5=C4C=CC(=C5)F,,,,,,,1,,,Cc1nc2n(c(=O)c1CCN1CCC(c3noc4cc(F)ccc34)CC1)CCCC2O
,,Quetiapine,OCCOCCN1CCN(C2=Nc3ccccc3Sc3ccccc32)CC1,,,,,,,,,1,OCCOCCN1CCN(C2=Nc3ccccc3Sc3ccccc32)CC1
,,Sertindole,O=C1NCCN1CCN1CCC(c2cn(-c3ccc(F)cc3)c3ccc(Cl)cc23)CC1,,,,,,,1,,1,O=C1NCCN1CCN1CCC(c2cn(-c3ccc(F)cc3)c3ccc(Cl)cc23)CC1
,,Chlorzoxazone,O=c1[nH]c2cc(Cl)ccc2o1,1,1,1,,1,1,1,1,1,O=c1[nH]c2cc(Cl)ccc2o1
,,Reboxetine,CCOc1ccccc1O[C@H](c1ccccc1)[C@H]1CNCCO1,,,,,,,,,1,CCOc1ccccc1O[C@H](c1ccccc1)[C@H]1CNCCO1
,,Palmitic acid,CCCCCCCCCCCCCCCC(=O)O,,,,,,,,1,,CCCCCCCCCCCCCCCC(=O)O
,,Oleic acid,CCCCCCCC/C=C\CCCCCCCC(=O)O,,,,,,,,1,,CCCCCCCC/C=C\CCCCCCCC(=O)O
,,Stearic acid,CCCCCCCCCCCCCCCCCC(=O)O,,,,,,,,1,,CCCCCCCCCCCCCCCCCC(=O)O
,,Myristic acid,CCCCCCCCCCCCCC(=O)O,,,,,,,,1,,CCCCCCCCCCCCCC(=O)O
,,Azelastine,CN1CCCC(n2nc(Cc3ccc(Cl)cc3)c3ccccc3c2=O)CC1,1,,,,,1,1,,1,CN1CCCC(n2nc(Cc3ccc(Cl)cc3)c3ccccc3c2=O)CC1
,,Mephobarbital(Mephobarbitone),CCC1(c2ccccc2)C(=O)NC(=O)N(C)C1=O,,,1,,,1,,,,CCC1(c2ccccc2)C(=O)NC(=O)N(C)C1=O
,,Nevirapine,Cc1ccnc2c1NC(=O)c1cccnc1N2C1CC1,,,1,,1,,1,,1,Cc1ccnc2c1NC(=O)c1cccnc1N2C1CC1
,,H259-31,O=S(Cc1cc(OCC2CC2)ccn1)c1nc2ccc(F)cc2[nH]1,1,,,,1,1,,,1,O=S(Cc1cc(OCC2CC2)ccn1)c1nc2ccc(F)cc2[nH]1
,,Pimobendan,COc1ccc(-c2nc3ccc(C4=NNC(=O)CC4C)cc3[nH]2)cc1,1,,,,,,,,1,COc1ccc(-c2nc3ccc(C4=NNC(=O)CC4C)cc3[nH]2)cc1
,,Triazolam,Cc1nnc2n1-c1ccc(Cl)cc1C(c1ccccc1Cl)=NC2,,,,,,,,,1,Cc1nnc2n1-c1ccc(Cl)cc1C(c1ccccc1Cl)=NC2
,,L-775606,Fc1cccc(CCN2CCN(CCCc3c[nH]c4ccc(-n5cnnc5)cc34)CC2)c1,0,0,,1,0,,0,0,1,Fc1cccc(CCN2CCN(CCCc3c[nH]c4ccc(-n5cnnc5)cc34)CC2)c1
,,Ambroxol,Nc1c(Br)cc(Br)cc1CNC1CCC(O)CC1,0,0,0,0,0,0,0,0,1,Nc1c(Br)cc(Br)cc1CNC1CCC(O)CC1
,,all-trans-Retinal,CC1=C(/C=C/C(C)=C/C=C/C(C)=C/C=O)C(C)(C)CCC1,1,0,0,0,0,0,0,0,1,CC1=C(/C=C/C(C)=C/C=C/C(C)=C/C=O)C(C)(C)CCC1
,,9-cis-Retinal,CC1=C(/C=C/C(C)=C\C=C\C(C)=C\C=O)C(C)(C)CCC1,1,,,,,1,,,1,CC1=C(/C=C/C(C)=C\C=C\C(C)=C\C=O)C(C)(C)CCC1
,,MDMA,CNC(C)Cc1ccc2c(c1)OCO2,1,,,,,,1,,1,CNC(C)Cc1ccc2c(c1)OCO2
,,MDA,CC(N)Cc1ccc2c(c1)OCO2,,,,,,,1,,1,CC(N)Cc1ccc2c(c1)OCO2
,,Bupivacaine,CCCCN1CCCCC1C(=O)Nc1c(C)cccc1C,0,,,,,1,1,0,1,CCCCN1CCCCC1C(=O)Nc1c(C)cccc1C
,,miocamycin Mb2,CCC(=O)O[C@@H]1CC(=O)O[C@H](C)C\C=C\C=C\[C@H](OC(C)=O)[C@H](C)C[C@H](CC=O)[C@H](O[C@@H]2O[C@H](C)[C@@H](O[C@H]3C[C@@](C)(O)[C@@H](O)[C@H](C)O3)[C@@H]([C@H]2O)N(C)C)[C@H]1OC,,,,,,,,,1,CCC(=O)O[C@@H]1CC(=O)O[C@H](C)C/C=C/C=C/[C@H](OC(C)=O)[C@H](C)C[C@H](CC=O)[C@H](O[C@@H]2O[C@H](C)[C@@H](O[C@H]3C[C@@](C)(O)[C@@H](O)[C@H](C)O3)[C@H](N(C)C)[C@H]2O)[C@H]1OC
,,miocamycin Mb6,CCC(=O)O[C@@H]1CC(=O)O[C@H](C)C\C=C\C=C\[C@H](O)[C@H](C)C[C@H](CC=O)[C@H](O[C@@H]2O[C@H](C)[C@@H](O[C@H]3C[C@@](C)(O)[C@@H](O)[C@H](C)O3)[C@@H]([C@H]2O)N(C)C)[C@H]1OC,,,,,,,,,1,CCC(=O)O[C@@H]1CC(=O)O[C@H](C)C/C=C/C=C/[C@H](O)[C@H](C)C[C@H](CC=O)[C@H](O[C@@H]2O[C@H](C)[C@@H](O[C@H]3C[C@@](C)(O)[C@@H](O)[C@H](C)O3)[C@H](N(C)C)[C@H]2O)[C@H]1OC
,,Celecoxib,Cc1ccc(-c2cc(C(F)(F)F)nn2-c2ccc(S(N)(=O)=O)cc2)cc1,1,,,,1,1,1,,1,Cc1ccc(-c2cc(C(F)(F)F)nn2-c2ccc(S(N)(=O)=O)cc2)cc1
,,Trimipramine,CC(CN(C)C)CN1c2ccccc2CCc2ccccc21,,,,,,1,1,,,CC(CN(C)C)CN1c2ccccc2CCc2ccccc21
,,Torasemide,Cc1cccc(Nc2ccncc2S(=O)(=O)NC(=O)NC(C)C)c1,,,,1,1,,,,,Cc1cccc(Nc2ccncc2S(=O)(=O)NC(=O)NC(C)C)c1
,,NDBA,CCCCN(CCCC)N=O,,1,,,,,,1,,CCCCN(CCCC)N=O
,,NMPhA,CN(N=O)c1ccccc1,,1,,,,,,0,,CN(N=O)c1ccccc1
,,Disopyramide,CC(C)N(CC[C@](C(N)=O)(c1ccccc1)c1ccccn1)C(C)C,,,,,,,,,1,CC(C)N(CC[C@](C(N)=O)(c1ccccc1)c1ccccn1)C(C)C
,,Omeprazole,COc1ccc2[nH]c([S@@](=O)Cc3ncc(C)c(OC)c3C)nc2c1,,1,,1,1,1,,,1,COc1ccc2[nH]c([S@@](=O)Cc3ncc(C)c(OC)c3C)nc2c1
,,NPYR,O=NN1CCCC1,,1,,,,,,1,,O=NN1CCCC1
,,NDPA,CCCN(CCC)N=O,,1,1,1,1,,1,1,1,CCCN(CCC)N=O
,,Ezlopitant,COc1ccc(C(C)C)cc1CN[C@H]1C2CCN(CC2)[C@H]1C(c1ccccc1)c1ccccc1,,,,,,,1,,1,COc1ccc(C(C)C)cc1CN[C@H]1C2CCN(CC2)[C@H]1C(c1ccccc1)c1ccccc1
,,Cibenzoline,c1ccc(C2(c3ccccc3)CC2C2=NCCN2)cc1,,,,,,,1,,1,c1ccc(C2(c3ccccc3)CC2C2=NCCN2)cc1
,,Mirtazapine,CN1CCN2C(C1)C3=CC=CC=C3CC4=C2N=CC=C4,1,,,1,1,,1,,1,CN1CCN2c3ncccc3Cc3ccccc3C2C1
,,2-Methoxyacetophenone,COc1ccccc1C(C)=O,,1,,,,,,,,COc1ccccc1C(C)=O
,,Hexamethylphosphoramide,CN(C)P(=O)(N(C)C)N(C)C,,1,,,,,,,,CN(C)P(=O)(N(C)C)N(C)C
,,Acenocoumarol,CC(=O)CC(c1ccc([N+](=O)[O-])cc1)c1c(O)c2ccccc2oc1=O,1,,,,1,1,,,,CC(=O)CC(c1ccc([N+](=O)[O-])cc1)c1c(O)c2ccccc2oc1=O
,,7-Hydroxy-delta-8-tetrahydrocannabinol,CCCCCc1cc(O)c2c(c1)OC(C)(C)[C@@H]1[C@@H](O)C=C(C)C[C@@H]21,,,,1,,,,,1,CCCCCc1cc(O)c2c(c1)OC(C)(C)[C@@H]1[C@@H](O)C=C(C)C[C@@H]21
,,Amiodarone,CCCCc1oc2ccccc2c1C(=O)c1cc(I)c(OCCN(CC)CC)c(I)c1,1,,,1,,1,1,,1,CCCCc1oc2ccccc2c1C(=O)c1cc(I)c(OCCN(CC)CC)c(I)c1
,,K-11777,CN1CCN(C(=O)N[C@@H](Cc2ccccc2)C(=O)N[C@H](/C=C/S(=O)(=O)c2ccccc2)CCc2ccccc2)CC1,,,,,,,1,,1,CN1CCN(C(=O)N[C@@H](Cc2ccccc2)C(=O)N[C@H](/C=C/S(=O)(=O)c2ccccc2)CCc2ccccc2)CC1
,,4'-HPPH,O=C1NC(=O)C(c2ccccc2)(c2ccc(O)cc2)N1,,,,,,,,,1,O=C1NC(=O)C(c2ccccc2)(c2ccc(O)cc2)N1
,,3'-HPPH,O=C1NC(=O)C(c2ccccc2)(c2cccc(O)c2)N1,,,,,,,,,1,O=C1NC(=O)C(c2ccccc2)(c2cccc(O)c2)N1
,,Atorvastatin,CC(C)c1c(C(=O)Nc2ccccc2)c(-c2ccccc2)c(-c2ccc(F)cc2)n1CC[C@@H](O)C[C@@H](O)CC(=O)O,,,,,,,,,1,CC(C)c1c(C(=O)Nc2ccccc2)c(-c2ccccc2)c(-c2ccc(F)cc2)n1CC[C@@H](O)C[C@@H](O)CC(=O)O
,,DMXAA,Cc1ccc2c(=O)c3cccc(CC(=O)O)c3oc2c1C,1,0,0,,0,0,0,0,0,Cc1ccc2c(=O)c3cccc(CC(=O)O)c3oc2c1C
,,Tegafur,O=c1[nH]c(=O)n(C2CCCO2)cc1F,1,1,1,1,1,1,1,1,1,O=c1[nH]c(=O)n(C2CCCO2)cc1F
,,EMAMC,CCNCc1cc(=O)oc2cc(OC)ccc12,1,,,,,1,1,,,CCNCc1cc(=O)oc2cc(OC)ccc12
,,MAMC,COc1ccc2c(CN)cc(=O)oc2c1,1,,,,,1,1,,,COc1ccc2c(CN)cc(=O)oc2c1
,,BMAMC,CCCCNCc1cc(=O)oc2cc(OC)ccc12,1,,,,1,1,1,,,CCCCNCc1cc(=O)oc2cc(OC)ccc12
,,PMAMC,CCCNCc1cc(=O)oc2cc(OC)ccc12,1,,,,,1,1,,,CCCNCc1cc(=O)oc2cc(OC)ccc12
,,MMAMC,CNCc1cc(=O)oc2cc(OC)ccc12,1,,,,,1,1,,,CNCc1cc(=O)oc2cc(OC)ccc12
,,DiMMAMC,COc1ccc2c(CN(C)C)cc(=O)oc2c1,1,,,,,1,1,,,COc1ccc2c(CN(C)C)cc(=O)oc2c1
,,Ranitidine,CN/C(=C\[N+](=O)[O-])NCCSCc1ccc(CN(C)C)o1,1,,,,,1,1,,,CN/C(=C\[N+](=O)[O-])NCCSCc1ccc(CN(C)C)o1
,,Flunitrazepam,CN1C(=O)CN=C(c2ccccc2F)c2cc([N+](=O)[O-])ccc21,1,1,1,1,1,1,1,,1,CN1C(=O)CN=C(c2ccccc2F)c2cc([N+](=O)[O-])ccc21
,,4-Vinyl-1-cyclohexene,C=CC1CCC=CC1,,,1,,,,,1,,C=CC1CC=CCC1
,,"4-Vinyl-1-cyclohexene-1,2-epoxide",C=CC1CCC2C(C1)O2,,1,1,,,,,1,1,C=CC1CCC2OC2C1
,,Epoxy-4-vinylcyclohexen,C1CC(CC=C1)C2CO2,,1,1,,,,,1,1,C1=CCC(C2CO2)CC1
,,Sulfamethoxazole,Cc1cc(NS(=O)(=O)c2ccc(N)cc2)no1,,,,,1,,,,,Cc1cc(NS(=O)(=O)c2ccc(N)cc2)no1
,,DDB,COC(=O)c1cc(OC)c2c(c1-c1c(C(=O)OC)cc(OC)c3c1OCO3)OCO2,1,,,,1,,,,1,COC(=O)c1cc(OC)c2c(c1-c1c(C(=O)OC)cc(OC)c3c1OCO3)OCO2
,,Sulfinpyrazone,O=C1C(CCS(=O)c2ccccc2)C(=O)N(c2ccccc2)N1c1ccccc1,,,,,0,,,,1,O=C1C(CCS(=O)c2ccccc2)C(=O)N(c2ccccc2)N1c1ccccc1
,,Sulfinpyrazone sulfide,O=C1C(CCSc2ccccc2)C(=O)N(c2ccccc2)N1c1ccccc1,,,,,1,,,,1,O=C1C(CCSc2ccccc2)C(=O)N(c2ccccc2)N1c1ccccc1
,,Etoricoxib,Cc1ccc(-c2ncc(Cl)cc2-c2ccc(S(C)(=O)=O)cc2)cn1,,,,,,,,,1,Cc1ccc(-c2ncc(Cl)cc2-c2ccc(S(C)(=O)=O)cc2)cn1
,,alpha-Thujone,CC(C)[C@]12CC(=O)[C@H](C)[C@H]1C2,,1,1,,,,1,,1,CC(C)[C@]12CC(=O)[C@H](C)[C@H]1C2
,,beta-Thujone,CC(C)[C@]12CC(=O)[C@@H](C)[C@H]1C2,,,,,,,,,1,CC(C)[C@]12CC(=O)[C@@H](C)[C@H]1C2
,,Piroxicam,CN1C(C(=O)Nc2ccccn2)=C(O)c2ccccc2S1(=O)=O,,,,,1,,,,,CN1C(C(=O)Nc2ccccn2)=C(O)c2ccccc2S1(=O)=O
,,CJ-12 458,C=C(C)c1ccc(OC)c(CN[C@H]2C3CCN(CC3)[C@H]2C(c2ccccc2)c2ccccc2)c1,,,,,,,1,,1,C=C(C)c1ccc(OC)c(CN[C@H]2C3CCN(CC3)[C@H]2C(c2ccccc2)c2ccccc2)c1
,,Decursinol angelate,C/C=C(/C)C(=O)O[C@H]1Cc2cc3ccc(=O)oc3cc2OC1(C)C,,1,,,,,,,,C/C=C(/C)C(=O)O[C@H]1Cc2cc3ccc(=O)oc3cc2OC1(C)C
,,Emetine,CC[C@H]1CN2CCc3cc(OC)c(OC)cc3[C@@H]2C[C@@H]1C[C@H]1NCCc2cc(OC)c(OC)cc21,,,,,,,1,,1,CC[C@H]1CN2CCc3cc(OC)c(OC)cc3[C@@H]2C[C@@H]1C[C@H]1NCCc2cc(OC)c(OC)cc21
,,Bupropion,CC(NC(C)(C)C)C(=O)c1cccc(Cl)c1,,,1,,,,,1,1,CC(NC(C)(C)C)C(=O)c1cccc(Cl)c1
,,Tramadol,COc1cccc([C@@]2(O)CCCC[C@@H]2CN(C)C)c1,,,1,,1,1,1,,1,COc1cccc([C@@]2(O)CCCC[C@@H]2CN(C)C)c1
,,Cisapride,COc1cc(N)c(Cl)cc1C(=O)N[C@@H]1CCN(CCCOc2ccc(F)cc2)C[C@@H]1OC,,1,1,1,,,,,1,COc1cc(N)c(Cl)cc1C(=O)N[C@@H]1CCN(CCCOc2ccc(F)cc2)C[C@@H]1OC
,,AMMC,CC[N+](C)(CC)CCc1c(C)c2ccc(OC)cc2oc1=O,,,,,,,1,,,CC[N+](C)(CC)CCc1c(C)c2ccc(OC)cc2oc1=O
,,Tegaserod,CCCCCNC(N/N=C/C1=CNC2=C1C=C(OC)C=C2)=N,,,,,,,1,,,CCCCCNC(=N)N/N=C/c1c[nH]c2ccc(OC)cc12
,,CP-199331,COc1ccc(NS(=O)(=O)C(F)(F)F)cc1C[C@@H]1COc2ccc(OCc3nc4cc(F)c(F)cc4s3)cc2[C@@H]1O,,,,,,,,,1,COc1ccc(NS(=O)(=O)C(F)(F)F)cc1C[C@@H]1COc2ccc(OCc3nc4cc(F)c(F)cc4s3)cc2[C@@H]1O
,,Irinotecan,CCc1c2c(nc3ccc(OC(=O)N4CCC(N5CCCCC5)CC4)cc13)-c1cc3c(c(=O)n1C2)COC(=O)[C@]3(O)CC,,,,,,,,,1,CCc1c2c(nc3ccc(OC(=O)N4CCC(N5CCCCC5)CC4)cc13)-c1cc3c(c(=O)n1C2)COC(=O)[C@]3(O)CC
,,"N,N-Diethylformamide",CCN(C=O)CC,0,,0,,,,,1,1,CCN(C=O)CC
,,"N,N-dimethylformamide",CN(C)C=O,0,,0,,,,,1,0,CN(C)C=O
,,RHP+,OC(CCC[n+]1ccc(-c2ccc(Cl)cc2)cc1)c1ccc(F)cc1,1,,,,,,,,1,OC(CCC[n+]1ccc(-c2ccc(Cl)cc2)cc1)c1ccc(F)cc1
,,Reduced haloperidol,OC(CCCN1CCC(O)(c2ccc(Cl)cc2)CC1)c1ccc(F)cc1,,,,,,,,,1,OC(CCCN1CCC(O)(c2ccc(Cl)cc2)CC1)c1ccc(F)cc1
,,SNI-2011,C[C@H]1O[C@]2(CS1)CN1CCC2CC1,,,,,1,,1,,1,C[C@H]1O[C@]2(CS1)CN1CCC2CC1
,,Alprazolam,Cc1nnc2n1-c1ccc(Cl)cc1C(c1ccccc1)=NC2,,,,,,,,,1,Cc1nnc2n1-c1ccc(Cl)cc1C(c1ccccc1)=NC2
,,Fluvoxamine,COCCCC/C(=N\OCCN)c1ccc(C(F)(F)F)cc1,1,,,,,,1,,,COCCCC/C(=N\OCCN)c1ccc(C(F)(F)F)cc1
,,Tamarixetin,COc1ccc(-c2oc3cc(O)cc(O)c3c(=O)c2O)cc1O,1,,,,1,,0,,1,COc1ccc(-c2oc3cc(O)cc(O)c3c(=O)c2O)cc1O
,,Hesperetin,COC1=C(C=C(C=C1)[C@@H]2CC(=O)C3=C(C=C(C=C3O2)O)O)O,1,,,,0,,0,,0,COc1ccc([C@@H]2CC(=O)c3c(O)cc(O)cc3O2)cc1O
,,Kaempferol,C1=CC(=CC=C1C2=C(C(=O)C3=C(C=C(C=C3O2)O)O)O)O,1,,,,0,,0,,0,O=c1c(O)c(-c2ccc(O)cc2)oc2cc(O)cc(O)c12
,,Naringenin,C1[C@H](OC2=CC(=CC(=C2C1=O)O)O)C3=CC=C(C=C3)O,1,,,,0,,0,,1,O=C1C[C@@H](c2ccc(O)cc2)Oc2cc(O)cc(O)c21
,,Apigenin,C1=CC(=CC=C1C2=CC(=O)C3=C(C=C(C=C3O2)O)O)O,1,,,,0,,0,,1,O=c1cc(-c2ccc(O)cc2)oc2cc(O)cc(O)c12
,,Thalidomide,O=C1CCC(N2C(=O)c3ccccc3C2=O)C(=O)N1,,,1,,1,1,,,,O=C1CCC(N2C(=O)c3ccccc3C2=O)C(=O)N1
,,Maprotiline,CNCCCC12CCC(c3ccccc31)c1ccccc12,1,,,,,,1,,,CNCCCC12CCC(c3ccccc31)c1ccccc12
,,Bromodichloromethane,ClC(Cl)Br,1,1,0,,,,0,1,1,ClC(Cl)Br
,,Raloxifene,O=C(c1ccc(OCCN2CCCCC2)cc1)c1c(-c2ccc(O)cc2)sc2cc(O)ccc12,0,,,,0,,1,0,1,O=C(c1ccc(OCCN2CCCCC2)cc1)c1c(-c2ccc(O)cc2)sc2cc(O)ccc12
,,Formononetin,COc1ccc(-c2coc3cc(O)ccc3c2=O)cc1,1,1,1,,1,1,1,,,COc1ccc(-c2coc3cc(O)ccc3c2=O)cc1
,,Biochanin A,COc1ccc(-c2coc3cc(O)cc(O)c3c2=O)cc1,1,,,,1,1,1,1,,COc1ccc(-c2coc3cc(O)cc(O)c3c2=O)cc1
,,Doxepin,CN(C)CC/C=C1\c2ccccc2COc2ccccc21,1,,,,1,1,1,,1,CN(C)CC/C=C1\c2ccccc2COc2ccccc21
,,Imidacloprid,O=[N+]([O-])/N=C1\NCCN1Cc1ccc(Cl)nc1,,,,,,,,,1,O=[N+]([O-])/N=C1\NCCN1Cc1ccc(Cl)nc1
,,Carbaryl,CNC(=O)Oc1cccc2ccccc12,1,,1,,,1,,,1,CNC(=O)Oc1cccc2ccccc12
,,Myristicin,C=CCc1cc(OC)c2c(c1)OCO2,1,0,,,,0,0,0,1,C=CCc1cc(OC)c2c(c1)OCO2
,,trans-Retinoic acid,CC1=C(/C=C/C(C)=C/C=C/C(C)=C/C(=O)O)C(C)(C)CCC1,1,,,1,1,,,,1,CC1=C(/C=C/C(C)=C/C=C/C(C)=C/C(=O)O)C(C)(C)CCC1
,,Tangeretin-T27,COc1c(OC)c(OC)c2c(=O)cc(-c3ccc(O)cc3)oc2c1OC,1,,,,0,,0,,1,COc1c(OC)c(OC)c2c(=O)cc(-c3ccc(O)cc3)oc2c1OC
,,Tangeretin,COc1ccc(-c2cc(=O)c3c(OC)c(OC)c(OC)c(OC)c3o2)cc1,1,,,,0,,1,,1,COc1ccc(-c2cc(=O)c3c(OC)c(OC)c(OC)c(OC)c3o2)cc1
,,CQA 206-291,CCN(CC)S(=O)(=O)N[C@H]1C[C@@H]2c3cccc4c3c(cn4CC)C[C@H]2N(C)C1,,,,,,,,,1,CCN(CC)S(=O)(=O)N[C@H]1C[C@@H]2c3cccc4c3c(cn4CC)C[C@H]2N(C)C1
,,Minaprine,Cc1cc(-c2ccccc2)nnc1NCCN1CCOCC1,,,,,,,1,,,Cc1cc(-c2ccccc2)nnc1NCCN1CCOCC1
,,Pyrazoloacridine,COc1ccc2c(c1)-c1nn(CCCN(C)C)c3ccc([N+](=O)[O-])c(c13)N2,1,,,,,,,,1,COc1ccc2c(c1)-c1nn(CCCN(C)C)c3ccc([N+](=O)[O-])c(c13)N2
,,KR-31543,COC(OC)[C@@]1(C)Oc2ccc(N)cc2[C@H](N(Cc2nnn(C)n2)c2ccc(Cl)cc2)[C@H]1O,1,,1,1,1,1,1,1,1,COC(OC)[C@@]1(C)Oc2ccc(N)cc2[C@H](N(Cc2nnn(C)n2)c2ccc(Cl)cc2)[C@H]1O
,,Meperidine,CCOC(=O)C1(c2ccccc2)CCN(C)CC1,1,,1,1,,1,1,,1,CCOC(=O)C1(c2ccccc2)CCN(C)CC1
,,Methylformamide,CNC=O,,,,,,,,1,,CNC=O
,,Clobazam,CN1C(=O)CC(=O)N(c2ccccc2)c2cc(Cl)ccc21,,0,1,1,1,1,1,0,1,CN1C(=O)CC(=O)N(c2ccccc2)c2cc(Cl)ccc21
,,4'-Hydroxyclobazam,CN1C(=O)CC(=O)N(C2=C1C=CC(=C2)Cl)C3=CC=C(C=C3)O,0,0,,,,,0,0,,CN1C(=O)CC(=O)N(c2ccc(O)cc2)c2cc(Cl)ccc21
,,N-Desmethylclobazam,C1C(=O)NC2=C(C=C(C=C2)Cl)N(C1=O)C3=CC=CC=C3,,0,0,0,0,1,,0,,O=C1CC(=O)N(c2ccccc2)c2cc(Cl)ccc2N1
,,Mycophenolic acid,COc1c(C)c2c(c(O)c1C/C=C(\C)CCC(=O)O)C(=O)OC2,0,0,0,0,0,0,0,0,1,COc1c(C)c2c(c(O)c1C/C=C(\C)CCC(=O)O)C(=O)OC2
,,M17055,Cc1ccccc1C(=O)N1CC/C(=N\OS(=O)(=O)O)c2ccc(Cl)cc21,0,0,0,0,1,0,0,0,1,Cc1ccccc1C(=O)N1CC/C(=N\OS(=O)(=O)O)c2ccc(Cl)cc21
,,9-Anthraldehyde,O=Cc1c2ccccc2cc2ccccc12,,1,1,0,0,1,0,1,1,O=Cc1c2ccccc2cc2ccccc12
,,11-Oxo-delta8-tetrahydrocannabinol,CCCCCc1cc(O)c2c(c1)OC(C)(C)[C@@H]1CC=C(C=O)C[C@@H]21,,0,0,1,1,1,,0,1,CCCCCc1cc(O)c2c(c1)OC(C)(C)[C@@H]1CC=C(C=O)C[C@@H]21
,,NE-100,CCCN(CCC)CCc1ccc(OC)c(OCCc2ccccc2)c1,1,,,,1,1,1,,1,CCCN(CCC)CCc1ccc(OC)c(OCCc2ccccc2)c1
,,TR-14035,COc1cccc(OC)c1-c1ccc(C[C@H](NC(=O)c2c(Cl)cccc2Cl)C(=O)O)cc1,0,0,0,,1,0,0,0,0,COc1cccc(OC)c1-c1ccc(C[C@H](NC(=O)c2c(Cl)cccc2Cl)C(=O)O)cc1
,,Nicardipine,COC(=O)C1=C(C)NC(C)=C(C(=O)OCCN(C)Cc2ccccc2)C1c1cccc([N+](=O)[O-])c1,,,,1,1,1,1,,1,COC(=O)C1=C(C)NC(C)=C(C(=O)OCCN(C)Cc2ccccc2)C1c1cccc([N+](=O)[O-])c1
,,delta3-carene,CC1=CC[C@@H]2[C@H](C1)C2(C)C,1,,1,0,0,1,1,0,0,CC1=CC[C@@H]2[C@H](C1)C2(C)C
,,Fluoxetine,CNCCC(Oc1ccc(C(F)(F)F)cc1)c1ccccc1,1,,1,,1,1,1,,1,CNCCC(Oc1ccc(C(F)(F)F)cc1)c1ccccc1
,,Trichloroethane,CC(Cl)(Cl)Cl,,,,,,,,1,,CC(Cl)(Cl)Cl
,,Selegiline,C#CCN(C)[C@H](C)Cc1ccccc1,1,1,1,,1,1,1,1,1,C#CCN(C)[C@H](C)Cc1ccccc1
,,CP-677-623,COc1ccc(OC(F)(F)F)cc1CN,1,,1,,1,1,1,,,COc1ccc(OC(F)(F)F)cc1CN
,,CP-122-721,COc1ccc(OC(F)(F)F)cc1CN[C@H]1CCCN[C@H]1c1ccccc1,0,0,0,,0,0,1,0,1,COc1ccc(OC(F)(F)F)cc1CN[C@H]1CCCN[C@H]1c1ccccc1
,,CP-125-611,Oc1ccc(OC(F)(F)F)cc1CN[C@H]1CCCN[C@H]1c1ccccc1,1,1,1,1,1,1,1,1,1,Oc1ccc(OC(F)(F)F)cc1CN[C@H]1CCCN[C@H]1c1ccccc1
,,Clotiazepam,CCc1cc2c(s1)N(C)C(=O)CN=C2c1ccccc1Cl,1,0,1,0,0,1,1,0,1,CCc1cc2c(s1)N(C)C(=O)CN=C2c1ccccc1Cl
,,Etizolam,CCc1cc2c(s1)-n1c(C)nnc1CN=C2c1ccccc1Cl,0,0,1,0,0,1,0,0,1,CCc1cc2c(s1)-n1c(C)nnc1CN=C2c1ccccc1Cl
,,Digitoxin,C[C@H]1O[C@@H](O[C@H]2[C@@H](O)C[C@H](O[C@H]3[C@@H](O)C[C@H](O[C@H]4CC[C@@]5(C)[C@H](CC[C@@H]6[C@@H]5CC[C@]5(C)[C@@H](C7=CC(=O)OC7)CC[C@]65O)C4)O[C@@H]3C)O[C@@H]2C)C[C@H](O)[C@@H]1O,,,,,,,,,1,C[C@H]1O[C@@H](O[C@H]2[C@@H](O)C[C@H](O[C@H]3[C@@H](O)C[C@H](O[C@H]4CC[C@@]5(C)[C@H](CC[C@@H]6[C@@H]5CC[C@]5(C)[C@@H](C7=CC(=O)OC7)CC[C@]65O)C4)O[C@@H]3C)O[C@@H]2C)C[C@H](O)[C@@H]1O
,,Loratadine,CCOC(=O)N1CCC(=C2c3ccc(Cl)cc3CCc3cccnc32)CC1,,,1,,,1,1,0,1,CCOC(=O)N1CCC(=C2c3ccc(Cl)cc3CCc3cccnc32)CC1
,,2-Acetylaminofluorene,CC(=O)Nc1ccc2c(c1)Cc1ccccc1-2,1,,,,,,,,,CC(=O)Nc1ccc2c(c1)Cc1ccccc1-2
,,Nifedipine,COC(=O)C1=C(C)NC(C)=C(C(=O)OC)C1c1ccccc1[N+](=O)[O-],,,,,,,,,1,COC(=O)C1=C(C)NC(C)=C(C(=O)OC)C1c1ccccc1[N+](=O)[O-]
,,GBR-12909,Fc1ccc(C(OCCN2CCN(CCCc3ccccc3)CC2)c2ccc(F)cc2)cc1,,,,,,,1,,,Fc1ccc(C(OCCN2CCN(CCCc3ccccc3)CC2)c2ccc(F)cc2)cc1
,,Furametpyr,Cc1nn(C)c(Cl)c1C(=O)Nc1cccc2c1C(C)OC2(C)C,1,,,,,1,,,1,Cc1nn(C)c(Cl)c1C(=O)Nc1cccc2c1C(C)OC2(C)C
,,Styrene,C=Cc1ccccc1,1,,1,1,,,,1,1,C=Cc1ccccc1
,,Benzo[a]pyrene,c1ccc2c(c1)cc1ccc3cccc4ccc2c1c34,1,,,,,,,,1,c1ccc2c(c1)cc1ccc3cccc4ccc2c1c34
,,Budesonide,CCCC1O[C@@H]2C[C@H]3[C@@H]4CCC5=CC(=O)C=C[C@]5(C)[C@H]4[C@@H](O)C[C@]3(C)[C@]2(C(=O)CO)O1,,,,,,,,,1,CCCC1O[C@@H]2C[C@H]3[C@@H]4CCC5=CC(=O)C=C[C@]5(C)[C@H]4[C@@H](O)C[C@]3(C)[C@]2(C(=O)CO)O1
,,Losartan,CCCCc1nc(Cl)c(CO)n1Cc1ccc(-c2ccccc2-c2nnn[nH]2)cc1,,,,,1,,,,1,CCCCc1nc(Cl)c(CO)n1Cc1ccc(-c2ccccc2-c2nnn[nH]2)cc1
,,E3179,CCCCc1nc(Cl)c(C=O)n1Cc1ccc(-c2ccccc2-c2nnn[nH]2)cc1,,,,,1,,,,1,CCCCc1nc(Cl)c(C=O)n1Cc1ccc(-c2ccccc2-c2nnn[nH]2)cc1
,,"1,2,4-Trichlorobenzene",Clc1ccc(Cl)c(Cl)c1,1,,,,,,,1,1,Clc1ccc(Cl)c(Cl)c1
,,o-Dichlorobenzene,Clc1ccccc1Cl,1,,,,,,,1,1,Clc1ccccc1Cl
,,"1,4-Dichlorobenzene",Clc1ccc(Cl)cc1,,,,,,,,1,,Clc1ccc(Cl)cc1
,,Methoxyphenamine,CNC(C)Cc1ccccc1OC,,,,,,,1,,,CNC(C)Cc1ccccc1OC
,,DBAJAC,c1ccc2c(c1)ccc1nc3ccc4ccccc4c3cc12,1,,,,,,,,1,c1ccc2c(c1)ccc1nc3ccc4ccccc4c3cc12
,,7MBAC,Cc1c2ccccc2nc2c1ccc1ccccc12,1,,,,,,,,1,Cc1c2ccccc2nc2c1ccc1ccccc12
,,Phenanthrene,c1ccc2c(c1)ccc1ccccc12,1,,1,1,1,,,1,1,c1ccc2c(c1)ccc1ccccc12
,,Zatosetron,CN1[C@@H]2CC[C@H]1CC(NC(=O)c1cc(Cl)cc3c1OC(C)(C)C3)C2,,,,,,,,,1,CN1[C@@H]2CC[C@H]1CC(NC(=O)c1cc(Cl)cc3c1OC(C)(C)C3)C2
,,Chlorpromazine compound 1,CN(C)CCCCCN1c2ccccc2Sc2ccc(C(F)(F)F)cc21,,,,,1,,1,1,1,CN(C)CCCCCN1c2ccccc2Sc2ccc(C(F)(F)F)cc21
,,Teniposide,COc1cc([C@@H]2c3cc4c(cc3[C@@H](O[C@@H]3O[C@@H]5CO[C@@H](c6cccs6)O[C@H]5[C@H](O)[C@H]3O)[C@H]3COC(=O)[C@H]23)OCO4)cc(OC)c1O,,0,0,0,0,,,,1,COc1cc([C@@H]2c3cc4c(cc3[C@@H](O[C@@H]3O[C@@H]5CO[C@@H](c6cccs6)O[C@H]5[C@H](O)[C@H]3O)[C@H]3COC(=O)[C@H]23)OCO4)cc(OC)c1O
,,Acrylonitrile,C=CC#N,,,,,,,,1,,C=CC#N
,,Desimipramine,CNCCCN1c2ccccc2CCc2ccccc21,,,,,,,1,,,CNCCCN1c2ccccc2CCc2ccccc21
,,"1,1-Dichloro-2,2,2-trifluoroethane",FC(F)(F)C(Cl)Cl,,,,,,,,1,,FC(F)(F)C(Cl)Cl
,,Brofaromine,COc1cc(Br)c2oc(C3CCNCC3)cc2c1,,,,,,,1,,,COc1cc(Br)c2oc(C3CCNCC3)cc2c1
,,Propafenone,CCCNCC(O)COc1ccccc1C(=O)CCc1ccccc1,1,,,,,,1,,1,CCCNCC(O)COc1ccccc1C(=O)CCc1ccccc1
,,Dimethylformamide,CN(C)C=O,,,,,,,,1,,CN(C)C=O
,,6-Nitrochrysene,O=[N+]([O-])c1cc2c3ccccc3ccc2c2ccccc12,1,,,,,,,1,1,O=[N+]([O-])c1cc2c3ccccc3ccc2c2ccccc12
,,6-Methylchrysene,Cc1cc2c3ccccc3ccc2c2ccccc12,1,,,,,,1,1,1,Cc1cc2c3ccccc3ccc2c2ccccc12
,,5-Methylchrysene,Cc1cc2ccccc2c2ccc3ccccc3c12,1,,,,,,1,1,1,Cc1cc2ccccc2c2ccc3ccccc3c12
,,N-Ac-PCBC,N[C@@H](CS/C(Cl)=C(/Cl)C(Cl)=C(Cl)Cl)C(=O)O,,,,,,,,,1,N[C@@H](CS/C(Cl)=C(/Cl)C(Cl)=C(Cl)Cl)C(=O)O
,,3-Methylindole,Cc1c[nH]c2ccccc12,1,1,,,,,,1,,Cc1c[nH]c2ccccc12
,,Tacrine,Nc1c2c(nc3ccccc13)CCCC2,1,,,,,,,,,Nc1c2c(nc3ccccc13)CCCC2
,,Ondansetron,Cc1nccn1CC1CCc2c(c3ccccc3n2C)C1=O,1,,,,,,1,,1,Cc1nccn1CC1CCc2c(c3ccccc3n2C)C1=O
,,Dexamethasone,C[C@@H]1C[C@H]2[C@@H]3CCC4=CC(=O)C=C[C@]4(C)[C@@]3(F)[C@@H](O)C[C@]2(C)[C@@]1(O)C(=O)CO,,,,,,,,,1,C[C@@H]1C[C@H]2[C@@H]3CCC4=CC(=O)C=C[C@]4(C)[C@@]3(F)[C@@H](O)C[C@]2(C)[C@@]1(O)C(=O)CO
,,"9 alpha-fluoro-androsta-1,4-diene-11 beta-hydroxy-16 alpha-methyl-3,17-dione",C[C@@H]1C[C@H]2[C@@H]3CCC4=CC(=O)C=C[C@@]4([C@]3([C@H](C[C@@]2(C1=O)C)O)F)C,,,,,,,,,1,C[C@@H]1C[C@H]2[C@@H]3CCC4=CC(=O)C=C[C@]4(C)[C@@]3(F)[C@@H](O)C[C@]2(C)C1=O
,,SM-12502,C[C@@H]1S[C@H](c2cccnc2)N(C)C1=O,,1,,,,,,,,C[C@@H]1S[C@H](c2cccnc2)N(C)C1=O
,,Tirilazad,C[C@@H]1C[C@H]2[C@@H]3CCC4=CC(=O)C=C[C@]4(C)C3=CC[C@]2(C)[C@H]1C(=O)CN1CCN(c2cc(N3CCCC3)nc(N3CCCC3)n2)CC1,,,,,,,,,1,C[C@@H]1C[C@H]2[C@@H]3CCC4=CC(=O)C=C[C@]4(C)C3=CC[C@]2(C)[C@H]1C(=O)CN1CCN(c2cc(N3CCCC3)nc(N3CCCC3)n2)CC1
,,4-Demethylolanzapine,Cc1cc2c(s1)Nc1ccccc1N=C2N1CCNCC1,,,,,,,1,,,Cc1cc2c(s1)Nc1ccccc1N=C2N1CCNCC1
,,Olanzapine,Cc1cc2c(s1)Nc1ccccc1N=C2N1CCN(C)CC1,1,,,,,,1,,1,Cc1cc2c(s1)Nc1ccccc1N=C2N1CCN(C)CC1
,,"2,6-Dichlorobenzonitrilie",N#Cc1c(Cl)cccc1Cl,,1,,,,,,,,N#Cc1c(Cl)cccc1Cl
,,DETC-Me,CCN(CC)C(=O)SC,,1,1,,1,,1,1,1,CCN(CC)C(=O)SC
,,Zileuton,CC(c1cc2ccccc2s1)N(O)C(N)=O,1,,,,1,,,1,1,CC(c1cc2ccccc2s1)N(O)C(N)=O
,,Mexazolam,CC1COC2(c3ccccc3Cl)c3cc(Cl)ccc3NC(=O)CN12,,,,,,,,,1,CC1COC2(c3ccccc3Cl)c3cc(Cl)ccc3NC(=O)CN12
,,Clomipramine,CN(C)CCCN1c2ccccc2CCc2ccc(Cl)cc21,1,,,1,,1,1,,1,CN(C)CCCN1c2ccccc2CCc2ccc(Cl)cc21
,,Enflurane,FC(F)OC(F)(F)C(F)Cl,,,,,,,,1,,FC(F)OC(F)(F)C(F)Cl
,,Salmeterol,OCc1cc(C(O)CNCCCCCCOCCCCc2ccccc2)ccc1O,,,,,,,,,1,OCc1cc(C(O)CNCCCCCCOCCCCc2ccccc2)ccc1O
,,Reduced dolasetron,O=C(OC1CC2CC3C[C@@H](C1)N2CC3O)c1c[nH]c2ccccc12,,,,,,,1,,1,O=C(OC1CC2CC3C[C@@H](C1)N2CC3O)c1c[nH]c2ccccc12
,,Pentachlorobenzene,Clc1cc(Cl)c(Cl)c(Cl)c1Cl,,,,,,,,,1,Clc1cc(Cl)c(Cl)c(Cl)c1Cl
,,Mianserin,CN1CCN2c3ccccc3Cc3ccccc3C2C1,1,,1,,,1,1,,1,CN1CCN2c3ccccc3Cc3ccccc3C2C1
,,Cyclobenzaprine,CN(C)CCC=C1c2ccccc2C=Cc2ccccc21,1,,,,0,0,1,0,1,CN(C)CCC=C1c2ccccc2C=Cc2ccccc21
,,Aceclofenac,O=C(O)COC(=O)Cc1ccccc1Nc1c(Cl)cccc1Cl,,,,,1,,,,,O=C(O)COC(=O)Cc1ccccc1Nc1c(Cl)cccc1Cl
,,"1,2-Dibromoethane",BrCCBr,0,1,1,0,0,,,1,0,BrCCBr
,,Cinnarizine,C(=C/c1ccccc1)\CN1CCN(C(c2ccccc2)c2ccccc2)CC1,1,0,1,0,1,0,1,0,0,C(=C/c1ccccc1)\CN1CCN(C(c2ccccc2)c2ccccc2)CC1
,,Flunarizine,Fc1ccc(C(c2ccc(F)cc2)N2CCN(C/C=C/c3ccccc3)CC2)cc1,0,1,0,0,1,0,1,0,0,Fc1ccc(C(c2ccc(F)cc2)N2CCN(C/C=C/c3ccccc3)CC2)cc1
,,S-145,O=C(O)CCC/C=C\C[C@H]1[C@@H]2CC[C@@H](C2)[C@@H]1NS(=O)(=O)c1ccccc1,,,,,1,,,,1,O=C(O)CCC/C=C\C[C@H]1[C@@H]2CC[C@@H](C2)[C@@H]1NS(=O)(=O)c1ccccc1
,,Tetranor,O=C(O)CC[C@H]1[C@@H]2CC[C@@H](C2)[C@@H]1NS(=O)(=O)c1ccccc1,,,,,1,,,,1,O=C(O)CC[C@H]1[C@@H]2CC[C@@H](C2)[C@@H]1NS(=O)(=O)c1ccccc1
,,Bisnor,O=C(O)C/C=C\C[C@H]1[C@@H]2CC[C@@H](C2)[C@@H]1NS(=O)(=O)c1ccccc1,,,,,1,,,,1,O=C(O)C/C=C\C[C@H]1[C@@H]2CC[C@@H](C2)[C@@H]1NS(=O)(=O)c1ccccc1
,,Seratrodast,CC1=C(C)C(=O)C(C(CCCCCC(=O)O)c2ccccc2)=C(C)C1=O,,,1,1,1,1,,,1,CC1=C(C)C(=O)C(C(CCCCCC(=O)O)c2ccccc2)=C(C)C1=O
,,NNAL,CN(CCCC(O)c1cccnc1)N=O,,,,,,,,,1,CN(CCCC(O)c1cccnc1)N=O
,,Saquinavir,CC(C)(C)NC(=O)[C@@H]1C[C@@H]2CCCC[C@@H]2CN1C[C@@H](O)[C@H](Cc1ccccc1)NC(=O)[C@H](CC(N)=O)NC(=O)c1ccc2ccccc2n1,,,,,,,,,1,CC(C)(C)NC(=O)[C@@H]1C[C@@H]2CCCC[C@@H]2CN1C[C@@H](O)[C@H](Cc1ccccc1)NC(=O)[C@H](CC(N)=O)NC(=O)c1ccc2ccccc2n1
,,MTBE,COC(C)(C)C,,1,,,,,,1,,COC(C)(C)C
,,TAME,CCC(C)(C)OC,,1,,,,,,1,,CCC(C)(C)OC
,,ETBE,CCOC(C)(C)C,,1,,,,,,1,,CCOC(C)(C)C
,,Halothane,FC(F)(F)C(Cl)Br,1,1,1,,,,1,1,,FC(F)(F)C(Cl)Br
,,Erythromycin,CC[C@H]1OC(=O)[C@H](C)[C@@H](O[C@H]2C[C@@](C)(OC)[C@@H](O)[C@H](C)O2)[C@H](C)[C@@H](O[C@@H]2O[C@H](C)C[C@H](N(C)C)[C@H]2O)[C@](C)(O)C[C@@H](C)C(=O)[C@H](C)[C@@H](O)[C@]1(C)O,,,,,,,,,1,CC[C@H]1OC(=O)[C@H](C)[C@@H](O[C@H]2C[C@@](C)(OC)[C@@H](O)[C@H](C)O2)[C@H](C)[C@@H](O[C@@H]2O[C@H](C)C[C@H](N(C)C)[C@H]2O)[C@](C)(O)C[C@@H](C)C(=O)[C@H](C)[C@@H](O)[C@]1(C)O
,,Phencyclidine,c1ccc(C2(N3CCCCC3)CCCCC2)cc1,,,,,,,,,1,c1ccc(C2(N3CCCCC3)CCCCC2)cc1
,,Clarithromycin,CC[C@H]1OC(=O)[C@H](C)[C@@H](O[C@H]2C[C@@](C)(OC)[C@@H](O)[C@H](C)O2)[C@H](C)[C@@H](O[C@@H]2O[C@H](C)C[C@H](N(C)C)[C@H]2O)[C@](C)(OC)C[C@@H](C)C(=O)[C@H](C)[C@@H](O)[C@]1(C)O,0,0,,,0,0,0,0,1,CC[C@H]1OC(=O)[C@H](C)[C@@H](O[C@H]2C[C@@](C)(OC)[C@@H](O)[C@H](C)O2)[C@H](C)[C@@H](O[C@@H]2O[C@H](C)C[C@H](N(C)C)[C@H]2O)[C@](C)(OC)C[C@@H](C)C(=O)[C@H](C)[C@@H](O)[C@]1(C)O
,,Pantoprazole,COc1ccnc(CS(=O)c2nc3ccc(OC(F)F)cc3[nH]2)c1OC,,,,,,1,,,1,COc1ccnc(CS(=O)c2nc3ccc(OC(F)F)cc3[nH]2)c1OC
,,Imipramine,CN(C)CCCN1c2ccccc2CCc2ccccc21,1,,1,1,,1,1,,1,CN(C)CCCN1c2ccccc2CCc2ccccc21
,,Flosequinan,Cn1cc(S(C)=O)c(=O)c2ccc(F)cc21,,,,,,,,,1,Cn1cc(S(C)=O)c(=O)c2ccc(F)cc21
,,Diltiazem,COc1ccc([C@@H]2Sc3ccccc3N(CCN(C)C)C(=O)[C@@H]2OC(C)=O)cc1,,,,1,1,,1,,1,COc1ccc([C@@H]2Sc3ccccc3N(CCN(C)C)C(=O)[C@@H]2OC(C)=O)cc1
,,Ropinirole,CCCN(CCC)CCc1cccc2c1CC(=O)N2,1,,,,,,,,1,CCCN(CCC)CCc1cccc2c1CC(=O)N2
,,Naproxen,COc1ccc2cc([C@H](C)C(=O)O)ccc2c1,1,0,,1,1,0,0,0,0,COc1ccc2cc([C@H](C)C(=O)O)ccc2c1
,,Carvedilol,COc1ccccc1OCCNCC(O)COc1cccc2[nH]c3ccccc3c12,1,,,,1,,1,1,1,COc1ccccc1OCCNCC(O)COc1cccc2[nH]c3ccccc3c12
,,3-Ethoxy-4-trifluoromethylcoumarin,CCOc1ccc2c(C(F)(F)F)cc(=O)oc2c1,1,,1,,1,1,,1,,CCOc1ccc2c(C(F)(F)F)cc(=O)oc2c1
,,Montelukast,CC(C)(O)c1ccccc1CC[C@@H](SCC1(CC(=O)O)CC1)c1cccc(/C=C/c2ccc3ccc(Cl)cc3n2)c1,0,0,,1,1,,0,0,,CC(C)(O)c1ccccc1CC[C@@H](SCC1(CC(=O)O)CC1)c1cccc(/C=C/c2ccc3ccc(Cl)cc3n2)c1
,,Methamphetamine,CN[C@@H](C)Cc1ccccc1,,,,,,,1,,,CN[C@@H](C)Cc1ccccc1
,,Fentanyl,CCC(=O)N(c1ccccc1)C1CCN(CCc2ccccc2)CC1,,,,,1,,1,,1,CCC(=O)N(c1ccccc1)C1CCN(CCc2ccccc2)CC1
,,RP 73401 (Piclamilast),COc1ccc(C(=O)Nc2c(Cl)cncc2Cl)cc1OC1CCCC1,0,0,1,0,0,0,0,0,0,COc1ccc(C(=O)Nc2c(Cl)cncc2Cl)cc1OC1CCCC1
,,Riluzole,Nc1nc2ccc(OC(F)(F)F)cc2s1,1,,,,,,,,,Nc1nc2ccc(OC(F)(F)F)cc2s1
,,Onapristone,CN(C)c1ccc([C@H]2C[C@]3(C)[C@@H](CC[C@]3(O)CCCO)[C@@H]3CCC4=CC(=O)CCC4=C32)cc1,,,,,,,,,1,CN(C)c1ccc([C@H]2C[C@]3(C)[C@@H](CC[C@]3(O)CCCO)[C@@H]3CCC4=CC(=O)CCC4=C32)cc1
,,Lilopristone,CN(C)c1ccc([C@H]2C[C@@]3(C)[C@@H](CC[C@@]3(O)/C=C\CO)[C@@H]3CCC4=CC(=O)CCC4=C32)cc1,,,,,,,,,1,CN(C)c1ccc([C@H]2C[C@@]3(C)[C@@H](CC[C@@]3(O)/C=C\CO)[C@@H]3CCC4=CC(=O)CCC4=C32)cc1
,,Simvastatin,CCC(C)(C)C(=O)O[C@H]1C[C@@H](C)C=C2C=C[C@H](C)[C@H](CC[C@@H]3C[C@@H](O)CC(=O)O3)[C@H]21,,,,,,,,,1,CCC(C)(C)C(=O)O[C@H]1C[C@@H](C)C=C2C=C[C@H](C)[C@H](CC[C@@H]3C[C@@H](O)CC(=O)O3)[C@H]21
,,Guanabenz,NC(N)=N/N=C/c1c(Cl)cccc1Cl,1,,,,,,,,,NC(N)=N/N=C/c1c(Cl)cccc1Cl
,,Tazofelone,CC(C)(C)c1cc(CC2SCNC2=O)cc(C(C)(C)C)c1O,,,,,,,,,1,CC(C)(C)c1cc(CC2SCNC2=O)cc(C(C)(C)C)c1O
,,Linoleic acid,CCCCC/C=C\C/C=C\CCCCCCCC(=O)O,1,,,,1,1,,1,1,CCCCC/C=C\C/C=C\CCCCCCCC(=O)O
,,Mequitazine,C1CN2CCC1C(C2)CN3C4=CC=CC=C4SC5=CC=CC=C53,,,,,,,1,,,c1ccc2c(c1)Sc1ccccc1N2CC1CN2CCC1CC2
,,Indomethacin,COc1ccc2c(c1)c(CC(=O)O)c(C)n2C(=O)c1ccc(Cl)cc1,,,,,1,1,,,,COc1ccc2c(c1)c(CC(=O)O)c(C)n2C(=O)c1ccc(Cl)cc1
,,Tolterodine,Cc1ccc(O)c([C@H](CCN(C(C)C)C(C)C)c2ccccc2)c1,,,,,1,1,1,,1,Cc1ccc(O)c([C@H](CCN(C(C)C)C(C)C)c2ccccc2)c1
,,beta-Arteether,CCO[C@H]1O[C@@H]2O[C@@]3(C)CC[C@H]4[C@H](C)CC[C@@H]([C@H]1C)[C@@]24OO3,,,1,,,,,,1,CCO[C@H]1O[C@@H]2O[C@@]3(C)CC[C@H]4[C@H](C)CC[C@@H]([C@H]1C)[C@@]24OO3
,,Thiabendazole,c1ccc2[nH]c(-c3cscn3)nc2c1,1,,,,,,,,,c1ccc2[nH]c(-c3cscn3)nc2c1
,,Pimozide,O=c1[nH]c2ccccc2n1C1CCN(CCCC(c2ccc(F)cc2)c2ccc(F)cc2)CC1,1,,,,,,1,,1,O=c1[nH]c2ccccc2n1C1CCN(CCCC(c2ccc(F)cc2)c2ccc(F)cc2)CC1
,,Ebastine,CC(C)(C)c1ccc(C(=O)CCCN2CCC(OC(c3ccccc3)c3ccccc3)CC2)cc1,,,,,,,,,1,CC(C)(C)c1ccc(C(=O)CCCN2CCC(OC(c3ccccc3)c3ccccc3)CC2)cc1
,,Zonisamide,NS(=O)(=O)Cc1noc2ccccc12,0,0,0,0,0,1,0,0,1,NS(=O)(=O)Cc1noc2ccccc12
,,Delavirdine,CC(C)Nc1cccnc1N1CCN(C(=O)c2cc3cc(NS(C)(=O)=O)ccc3[nH]2)CC1,,,,,,,1,,1,CC(C)Nc1cccnc1N1CCN(C(=O)c2cc3cc(NS(C)(=O)=O)ccc3[nH]2)CC1
,,Ibogaine,CC[C@H]1C[C@@H]2C[C@H]3c4[nH]c5ccc(OC)cc5c4CCN(C2)[C@@H]13,,,,,,1,1,,1,CC[C@H]1C[C@@H]2C[C@H]3c4[nH]c5ccc(OC)cc5c4CCN(C2)[C@@H]13
,,4-Chloromethyl-7-ethoxycoumarin,CCOC1=CC2=C(C=C1)C(=CC(=O)O2)CCl,1,,1,1,,1,,1,1,CCOc1ccc2c(CCl)cc(=O)oc2c1
,,Iloperidone,COc1cc(C(C)=O)ccc1OCCCN1CCC(c2noc3cc(F)ccc23)CC1,1,,,,,,1,1,1,COc1cc(C(C)=O)ccc1OCCCN1CCC(c2noc3cc(F)ccc23)CC1
,,Etoposide,COc1cc([C@@H]2c3cc4c(cc3[C@@H](O[C@@H]3O[C@@H]5CO[C@@H](C)O[C@H]5[C@H](O)[C@H]3O)[C@H]3COC(=O)[C@H]23)OCO4)cc(OC)c1O,1,,,,,,,1,1,COc1cc([C@@H]2c3cc4c(cc3[C@@H](O[C@@H]3O[C@@H]5CO[C@@H](C)O[C@H]5[C@H](O)[C@H]3O)[C@H]3COC(=O)[C@H]23)OCO4)cc(OC)c1O
,,Terfenadine,CC(C)(C)c1ccc(C(O)CCCN2CCC(C(O)(c3ccccc3)c3ccccc3)CC2)cc1,,,,,,,1,,1,CC(C)(C)c1ccc(C(O)CCCN2CCC(C(O)(c3ccccc3)c3ccccc3)CC2)cc1
,,DDTC-Me,CCN(CC)C(=S)SC,1,1,1,,,,,1,1,CCN(CC)C(=S)SC
,,ABT-761,C[C@H](C#Cc1ccc(Cc2ccc(F)cc2)s1)N(O)C(N)=O,1,,,,1,1,1,1,1,C[C@H](C#Cc1ccc(Cc2ccc(F)cc2)s1)N(O)C(N)=O
,,ABT-438,C[C@H](C#Cc1ccc(Cc2ccc(F)cc2)s1)NC(N)=O,1,,,,1,1,1,1,1,C[C@H](C#Cc1ccc(Cc2ccc(F)cc2)s1)NC(N)=O
,,Bropirimine,OC1=NC(N)=NC(C2=CC=CC=C2)=C1Br,1,,,,0,0,0,0,0,Nc1nc(O)c(Br)c(-c2ccccc2)n1
,,Dexfenfluramine,CCN[C@@H](C)Cc1cccc(C(F)(F)F)c1,1,,,,,,1,,,CCN[C@@H](C)Cc1cccc(C(F)(F)F)c1
,,Oxybutynin,CCN(CC)CC#CCOC(=O)C(O)(c1ccccc1)C1CCCCC1,,,,,,,,,1,CCN(CC)CC#CCOC(=O)C(O)(c1ccccc1)C1CCCCC1
,,m-Chlorophenylpiperazine,Clc1cccc(N2CCNCC2)c1,0,,,0,0,0,1,,0,Clc1cccc(N2CCNCC2)c1
,,Desogestrel,C#C[C@]1(O)CC[C@H]2[C@@H]3CCC4=CCCC[C@@H]4[C@H]3C(=C)C[C@@]21CC,,,,,1,1,,,,C#C[C@]1(O)CC[C@H]2[C@@H]3CCC4=CCCC[C@@H]4[C@H]3C(=C)C[C@@]21CC
,,Diazepam,CN1C(=O)CN=C(c2ccccc2)c2cc(Cl)ccc21,,,1,1,1,1,,,1,CN1C(=O)CN=C(c2ccccc2)c2cc(Cl)ccc21
,,Alvameline,CCn1nnc(C2=CCCN(C)C2)n1,1,1,,,,1,1,,1,CCn1nnc(C2=CCCN(C)C2)n1
,,MNAN,CCCCCN(C)N=O,,1,,,,,,,,CCCCCN(C)N=O
,,Lovastatin,CC[C@H](C)C(=O)O[C@H]1C[C@@H](C)C=C2C=C[C@H](C)[C@H](CC[C@@H]3C[C@@H](O)CC(=O)O3)[C@H]21,,,,,,,,,1,CC[C@H](C)C(=O)O[C@H]1C[C@@H](C)C=C2C=C[C@H](C)[C@H](CC[C@@H]3C[C@@H](O)CC(=O)O3)[C@H]21
,,Irbesartan,CCCCC1=NC2(CCCC2)C(=O)N1Cc1ccc(-c2ccccc2-c2nn[nH]n2)cc1,,,,,1,,,,,CCCCC1=NC2(CCCC2)C(=O)N1Cc1ccc(-c2ccccc2-c2nn[nH]n2)cc1
,,Pranidipine,COC(=O)C1=C(C)NC(C)=C(C(=O)OC/C=C/c2ccccc2)C1c1cccc([N+](=O)[O-])c1,1,,,,,,1,,1,COC(=O)C1=C(C)NC(C)=C(C(=O)OC/C=C/c2ccccc2)C1c1cccc([N+](=O)[O-])c1
,,Dehydropranidipine,COC(=O)c1c(C)nc(C)c(C(=O)OC/C=C/c2ccccc2)c1-c1cccc([N+](=O)[O-])c1,1,,,,,,1,,1,COC(=O)c1c(C)nc(C)c(C(=O)OC/C=C/c2ccccc2)c1-c1cccc([N+](=O)[O-])c1
,,MOP-13031,COC(=O)C1=C(C)NC(C)=C(C(=O)O)C1c1cccc([N+](=O)[O-])c1,,,,,,1,1,1,1,COC(=O)C1=C(C)NC(C)=C(C(=O)O)C1c1cccc([N+](=O)[O-])c1
,,medroxyprogesterone acetate,C[C@H]1C[C@@H]2[C@H](CC[C@]3([C@H]2CC[C@@]3(C(=O)C)OC(=O)C)C)[C@@]4(C1=CC(=O)CC4)C,0,0,0,0,0,0,0,0,1,CC(=O)O[C@]1(C(C)=O)CC[C@H]2[C@@H]3C[C@H](C)C4=CC(=O)CC[C@]4(C)[C@H]3CC[C@@]21C
,,thiotepa,C1CN1P(=S)(N2CC2)N3CC3,,0,1,,,,,0,1,S=P(N1CC1)(N1CC1)N1CC1
,,isoprene,CC(=C)C=C,,1,1,,,,1,1,,C=CC(=C)C
,,EPOX-I,CC1(CO1)C=C,,,,,,,,1,,C=CC1(C)CO1
,,EPOX-II,CC(=C)C1CO1,,,,,,,,1,,C=C(C)C1CO1
,,Isocarbophos,CC(C)OC(=O)C1=CC=CC=C1OP(=S)(N)OC,1,,,,,,1,,1,COP(N)(=S)Oc1ccccc1C(=O)OC(C)C
,,Laromustine(Cloretazine),CNC(=O)N(N(CCCl)S(=O)(=O)C)S(=O)(=O)C,0,0,1,0,0,0,0,,1,CNC(=O)N(N(CCCl)S(C)(=O)=O)S(C)(=O)=O
,,Ginsenoside Rh2,CC(=CCC[C@@](C)([C@H]1CC[C@@]2([C@@H]1[C@@H](C[C@H]3[C@]2(CC[C@@H]4[C@@]3(CC[C@@H](C4(C)C)O[C@H]5[C@@H]([C@H]([C@@H]([C@H](O5)CO)O)O)O)C)C)O)C)O)C,0,0,0,0,0,0,0,0,1,CC(C)=CCC[C@](C)(O)[C@H]1CC[C@]2(C)[C@@H]1[C@H](O)C[C@@H]1[C@@]3(C)CC[C@H](O[C@@H]4O[C@H](CO)[C@@H](O)[C@H](O)[C@H]4O)C(C)(C)[C@@H]3CC[C@]12C
,,ginsenoside Rh1,CC(=CCC[C@@](C)([C@H]1CC[C@@]2([C@@H]1[C@@H](C[C@H]3[C@]2(C[C@@H]([C@@H]4[C@@]3(CC[C@@H](C4(C)C)O)C)O[C@H]5[C@@H]([C@H]([C@@H]([C@H](O5)CO)O)O)O)C)O)C)O)C,0,,0,,0,0,0,0,1,CC(C)=CCC[C@](C)(O)[C@H]1CC[C@]2(C)[C@@H]1[C@H](O)C[C@@H]1[C@@]3(C)CC[C@H](O)C(C)(C)[C@@H]3[C@@H](O[C@@H]3O[C@H](CO)[C@@H](O)[C@H](O)[C@H]3O)C[C@]12C
,,ginsenoside Rg2,C[C@H]1[C@@H]([C@H]([C@H]([C@@H](O1)O[C@@H]2[C@H]([C@@H]([C@H](O[C@H]2O[C@H]3C[C@@]4([C@H](C[C@H]([C@H]5[C@]4(CC[C@@H]5[C@](C)(CCC=C(C)C)O)C)O)[C@@]6([C@@H]3C([C@H](CC6)O)(C)C)C)C)CO)O)O)O)O)O,0,,0,,0,0,0,0,1,CC(C)=CCC[C@](C)(O)[C@H]1CC[C@]2(C)[C@@H]1[C@H](O)C[C@@H]1[C@@]3(C)CC[C@H](O)C(C)(C)[C@@H]3[C@@H](O[C@@H]3O[C@H](CO)[C@@H](O)[C@H](O)[C@H]3O[C@@H]3O[C@@H](C)[C@H](O)[C@@H](O)[C@H]3O)C[C@]12C
,,protopanaxatriol,CC(=CCC[C@@](C)([C@H]1CC[C@@]2([C@@H]1[C@@H](C[C@H]3[C@]2(C[C@@H]([C@@H]4[C@@]3(CC[C@@H](C4(C)C)O)C)O)C)O)C)O)C,0,,0,,0,0,0,0,1,CC(C)=CCC[C@](C)(O)[C@H]1CC[C@]2(C)[C@@H]1[C@H](O)C[C@@H]1[C@@]3(C)CC[C@H](O)C(C)(C)[C@@H]3[C@@H](O)C[C@]12C
,,RWJ-53050,CN1C2=C(C=CC=C2OC)N3C1=C(C(=O)CC3)C(=O)NC4=CC=C(C=C4)OC,1,0,,,0,0,1,0,1,COc1ccc(NC(=O)C2=C3N(C)c4c(OC)cccc4N3CCC2=O)cc1
,,BDE-99,C1=CC(=C(C=C1Br)Br)OC2=CC(=C(C=C2Br)Br)Br,0,0,1,0,0,0,0,0,0,Brc1ccc(Oc2cc(Br)c(Br)cc2Br)c(Br)c1
,,BDE-47,C1=CC(=C(C=C1Br)Br)OC2=C(C=C(C=C2)Br)Br,0,0,1,0,0,,0,0,,Brc1ccc(Oc2ccc(Br)cc2Br)c(Br)c1
,,BYZX,CCN(CC)CC1=CC=C(C=C1)/C=C/2\CC3=CC(=C(C=C3C2=O)OC)OC,,,,,,,,,1,CCN(CC)Cc1ccc(/C=C2\Cc3cc(OC)c(OC)cc3C2=O)cc1
,,vinorelbine,CCC1=C[C@H]2C[C@@](C3=C(CN(C2)C1)C4=CC=CC=C4N3)(C5=C(C=C6C(=C5)[C@]78CCN9[C@H]7[C@@](C=CC9)([C@H]([C@@]([C@@H]8N6C)(C(=O)OC)O)OC(=O)C)CC)OC)C(=O)OC,,,,,,,0,,1,CCC1=C[C@@H]2CN(C1)Cc1c([nH]c3ccccc13)[C@@](C(=O)OC)(c1cc3c(cc1OC)N(C)[C@H]1[C@@](O)(C(=O)OC)[C@H](OC(C)=O)[C@]4(CC)C=CCN5CC[C@]31[C@@H]54)C2
,,Trihydroxycoprostane,C[C@H](CCCC(C)C)[C@H]1CC[C@@H]2[C@@]1([C@H](C[C@H]3[C@H]2[C@@H](C[C@H]4[C@@]3(CC[C@H](C4)O)C)O)O)C,,,,,,,,,1,CC(C)CCC[C@@H](C)[C@H]1CC[C@H]2[C@@H]3[C@H](O)C[C@@H]4C[C@H](O)CC[C@]4(C)[C@H]3C[C@H](O)[C@]12C
,,7-ethoxy-4-trifluoromethylcoumarin(EFC),CCOC1=CC2=C(C=C1)C(=CC(=O)O2)C(F)(F)F,,,1,,,1,,1,,CCOc1ccc2c(C(F)(F)F)cc(=O)oc2c1
,,7-methoxy-4-trifluoromethylcoumarin(MFC),COC1=CC2=C(C=C1)C(=CC(=O)O2)C(F)(F)F,,,,,1,,,1,,COc1ccc2c(C(F)(F)F)cc(=O)oc2c1
,,Nebivolol,C1CC2=C(C=CC(=C2)F)OC1C(CNCC(C3CCC4=C(O3)C=CC(=C4)F)O)O,,,,,,,1,,,OC(CNCC(O)C1CCc2cc(F)ccc2O1)C1CCc2cc(F)ccc2O1
,,carfentanil,CCC(=O)N(C1=CC=CC=C1)C2(CCN(CC2)CCC3=CC=CC=C3)C(=O)OC,,,,1,1,,,,1,CCC(=O)N(c1ccccc1)C1(C(=O)OC)CCN(CCc2ccccc2)CC1
,,23-hydroxybetulinic acid,CC(=C)[C@@H]1CC[C@]2([C@H]1[C@H]3CC[C@@H]4[C@]5(CC[C@@H]([C@@]([C@@H]5CC[C@]4([C@@]3(CC2)C)C)(C)CO)O)C)C(=O)O,1,,,,,,,,1,C=C(C)[C@@H]1CC[C@]2(C(=O)O)CC[C@]3(C)[C@H](CC[C@@H]4[C@@]5(C)CC[C@H](O)[C@@](C)(CO)[C@@H]5CC[C@]43C)[C@@H]12
,,Trantinterol,CC(C)(C)NC(CO)C1=CC(=C(C(=C1)Cl)N)C(F)(F)F.Cl,0,,,,0,1,,,1,CC(C)(C)NC(CO)c1cc(Cl)c(N)c(C(F)(F)F)c1
,,E-guggulsterone,C/C=C\1/C(=O)C[C@@H]2[C@@]1(CC[C@H]3[C@H]2CCC4=CC(=O)CC[C@]34C)C,,,,,1,1,1,,1,C/C=C1/C(=O)C[C@H]2[C@@H]3CCC4=CC(=O)CC[C@]4(C)[C@H]3CC[C@]12C
,,Z-guggulsterone,C/C=C/1\C(=O)C[C@@H]2[C@@]1(CC[C@H]3[C@H]2CCC4=CC(=O)CC[C@]34C)C,,,,,1,1,1,,1,C/C=C1\C(=O)C[C@H]2[C@@H]3CCC4=CC(=O)CC[C@]4(C)[C@H]3CC[C@]12C
,,Siponimod,CCC1=C(C=CC(=C1)/C(=N/OCC2=CC(=C(C=C2)C3CCCCC3)C(F)(F)F)/C)CN4CC(C4)C(=O)O,0,0,,,1,,0,0,,CCc1cc(/C(C)=N/OCc2ccc(C3CCCCC3)c(C(F)(F)F)c2)ccc1CN1CC(C(=O)O)C1
,,artocarpin,CC(C)/C=C/C1=C(C=C2C(=C1O)C(=O)C(=C(O2)C3=C(C=C(C=C3)O)O)CC=C(C)C)OC,,,,,,,1,,,COc1cc2oc(-c3ccc(O)cc3O)c(CC=C(C)C)c(=O)c2c(O)c1/C=C/C(C)C
,,Syl930,CCCC1=NC(=CO1)C2=CC=C(C=C2)C3=CC=C(C=C3)CCC(CO)(CO)N,,,,,,,,,1,CCCc1nc(-c2ccc(-c3ccc(CCC(N)(CO)CO)cc3)cc2)co1
,,Geissoschizine methyl ether,C/C=C\1/CN2CCC3=C([C@@H]2C[C@@H]1/C(=C/OC)/C(=O)OC)NC4=CC=CC=C34,,,,,,1,1,,1,C/C=C1/CN2CCc3c([nH]c4ccccc34)[C@@H]2C[C@@H]1/C(=C/OC)C(=O)OC
,,S-naftopidil,COC1=CC=CC=C1N2CCN(CC2)C[C@@H](COC3=CC=CC4=CC=CC=C43)O,,,,,1,1,,0,,COc1ccccc1N1CCN(C[C@H](O)COc2cccc3ccccc23)CC1
,,R-naftopidil,COC1=CC=CC=C1N2CCN(CC2)C[C@H](COC3=CC=CC4=CC=CC=C43)O,,,1,1,1,1,,0,,COc1ccccc1N1CCN(C[C@@H](O)COc2cccc3ccccc23)CC1
,,"1-hydroxyl-2,3,5-trimethoxy-xanthone",COC1=CC=CC2=C1OC3=CC(=C(C(=C3C2=O)O)OC)OC,1,1,,1,1,,0,,1,COc1cc2oc3c(OC)cccc3c(=O)c2c(O)c1OC
,,Ospemifene,C1=CC=C(C=C1)/C(=C(/C2=CC=CC=C2)\C3=CC=C(C=C3)OCCO)/CCCl,,,1,,1,1,,,1,OCCOc1ccc(/C(=C(/CCCl)c2ccccc2)c2ccccc2)cc1
,,(+)-praeruptorin A,C/C=C(/C)\C(=O)O[C@H]1[C@H](C2=C(C=CC3=C2OC(=O)C=C3)OC1(C)C)OC(=O)C,,,1,,,1,,,1,C/C=C(/C)C(=O)O[C@H]1[C@@H](OC(C)=O)c2c(ccc3ccc(=O)oc23)OC1(C)C
,,infigratinib,CCN1CCN(CC1)C2=CC=C(C=C2)NC3=CC(=NC=N3)N(C)C(=O)NC4=C(C(=CC(=C4Cl)OC)OC)Cl,,,,1,,,1,,1,CCN1CCN(c2ccc(Nc3cc(N(C)C(=O)Nc4c(Cl)c(OC)cc(OC)c4Cl)ncn3)cc2)CC1
,,dalfampridine,C1=CN=CC=C1N,,0,,,,,,1,1,Nc1ccncc1
,,"1,3,5-tris(2,3-dibromopropyl)-1,3,5-triazinane-2,4,6-trione(TDBP-TAZTO)",C(C(CBr)Br)N1C(=O)N(C(=O)N(C1=O)CC(CBr)Br)CC(CBr)Br,,,,,,,,1,1,O=c1n(CC(Br)CBr)c(=O)n(CC(Br)CBr)c(=O)n1CC(Br)CBr
,,T-1032(T5),COC1=CC(=CC(=C1OC)OC)C2=C(N(C(=O)C3=C2C=CC(=C3)OCC4=CC=CC=N4)C5=CC=C(C=C5)N)C(=O)OC.OS(=O)(=O)O,0,0,0,,,0,,0,,COC(=O)c1c(-c2cc(OC)c(OC)c(OC)c2)c2ccc(OCc3ccccn3)cc2c(=O)n1-c1ccc(N)cc1
,,Iberdomide,C1CC(=O)NC(=O)[C@H]1N2CC3=C(C2=O)C=CC=C3OCC4=CC=C(C=C4)CN5CCOCC5,,,,,,,,,1,O=C1CC[C@H](N2Cc3c(OCc4ccc(CN5CCOCC5)cc4)cccc3C2=O)C(=O)N1
,,tebufenozide,CCC1=CC=C(C=C1)C(=O)NN(C(=O)C2=CC(=CC(=C2)C)C)C(C)(C)C,,,,,,1,,,1,CCc1ccc(C(=O)NN(C(=O)c2cc(C)cc(C)c2)C(C)(C)C)cc1
,,"3,2-ketol olanexidine",CC(C(O)CCCCCNC(NC(NCC1=CC(Cl)=C(Cl)C=C1)=N)=N)=O,,,,,,,1,,1,CC(=O)C(O)CCCCCNC(=N)NC(=N)NCc1ccc(Cl)c(Cl)c1
,,"2,3-ketol olanexidine",CC(O)C(CCCCCNC(NC(NCC1=CC(Cl)=C(C=C1)Cl)=N)=N)=O,,,,,,,1,,1,CC(O)C(=O)CCCCCNC(=N)NC(=N)NCc1ccc(Cl)c(Cl)c1
,,varenicline,C1[C@@H]2CNC[C@H]1C3=CC4=NC=CN=C4C=C23,0,0,0,0,0,0,0,0,0,c1cnc2cc3c(cc2n1)[C@@H]1CNC[C@H]3C1
,,Vandetanib,CN1CCC(CC1)COC2=C(C=C3C(=C2)N=CN=C3NC4=C(C=C(C=C4)Br)F)OC,0,0,0,,0,0,,0,1,COc1cc2c(Nc3ccc(Br)cc3F)ncnc2cc1OCC1CCN(C)CC1
,,6-benzyl-1-benzyloxymethyl-5-iodouracil(W-1),C1=CC=C(C=C1)CC2=C(C(=O)NC(=O)N2COCC3=CC=CC=C3)I,,,0,0,0,1,,,1,O=c1[nH]c(=O)n(COCc2ccccc2)c(Cc2ccccc2)c1I
,,"2-(4-bromo-2,5-dimethoxy-phenyl)-N-[(2-methoxyphenyl)methyl]ethanamine (25B-NBOMe)",COC1=CC=CC=C1CNCCC2=CC(=C(C=C2OC)Br)OC,1,0,,,,1,,0,1,COc1cc(CCNCc2ccccc2OC)c(OC)cc1Br
,,"2-(4-chloro-2,5-dimethoxyphenyl)-N-[(2-methoxyphenyl)methyl]ethanamine (25C-NBOMe)",COC1=CC=CC=C1CNCCC2=CC(=C(C=C2OC)Cl)OC,1,0,,,,1,,0,1,COc1cc(CCNCc2ccccc2OC)c(OC)cc1Cl
,,1-(4-ethylphenyl-)-N-[(2-methoxyphenyl)methyl] propane-2-amine (4-EA-NBOMe),CCC1=CC=C(C=C1)CC(C)NCC2=CC=CC=C2OC,1,0,1,0,,,,0,1,CCc1ccc(CC(C)NCc2ccccc2OC)cc1
,,m-nisoldipine,CC1=C(C(C(=C(N1)C)C(=O)OCC(C)C)C2=CC(=CC=C2)[N+](=O)[O-])C(=O)OC,1,,,,1,1,1,1,1,COC(=O)C1=C(C)NC(C)=C(C(=O)OCC(C)C)C1c1cccc([N+](=O)[O-])c1
,,m-nisoldipine M7,CC1=C(C(OC)=O)C(C2=CC([N+]([O-])=O)=CC=C2)C(C(OCC(C)(O)C)=O)=C(C)N1,,,,,,1,,,1,COC(=O)C1=C(C)NC(C)=C(C(=O)OCC(C)(C)O)C1c1cccc([N+](=O)[O-])c1
,,m-nisoldipine M9,CC1=C(C(=C(C(=N1)C)C(=O)OCC(C)C)C2=CC(=CC=C2)[N+](=O)[O-])C(=O)OC,,,,,,1,,,1,COC(=O)c1c(C)nc(C)c(C(=O)OCC(C)C)c1-c1cccc([N+](=O)[O-])c1
,,diosbulbin B,C[C@@]12C[C@@H](O[C@@]13C[C@@H]([C@H]4[C@H]2C[C@@H]5C[C@H]4C(=O)O5)OC3=O)C6=COC=C6,0,,0,,0,0,0,0,1,C[C@@]12C[C@H](c3ccoc3)O[C@@]13C[C@H](OC3=O)[C@H]1[C@H]2C[C@@H]2C[C@H]1C(=O)O2
,,pibothiadine (HEC121210),OC(CCC(C=C1)=CC=C1N(C2)C(N(C2C3)CCN3CC4=C(C(OC)=O)[C@H](C5=C(Cl)C=C(F)C=C5)N=C(C6=NC=CS6)N4)=O)=O,1,1,,1,,1,,,1,COC(=O)C1=C(CN2CCN3C(=O)N(c4ccc(CCC(=O)O)cc4)CC3C2)NC(c2nccs2)=N[C@H]1c1ccc(F)cc1Cl
,,Zastaprazan,CC1=C(C(=CC=C1)C)CNC2=CC(=CN3C2=NC(=C3C)C)C(=O)N4CCC4,,0,,,,,1,0,1,Cc1cccc(C)c1CNc1cc(C(=O)N2CCC2)cn2c(C)c(C)nc12
,,Zastaprazan M1,CC1=CC=CC(CO)=C1CNC2=CC(C(N3CCC3)=O)=CN4C2=NC(C)=C4C,,0,0,,,,,0,1,Cc1cccc(CO)c1CNc1cc(C(=O)N2CCC2)cn2c(C)c(C)nc12
,,Zastaprazan M6,NC1=CC(C(N2CCC2)=O)=CN3C1=NC=C3C,1,0,0,0,,,,0,0,Cc1cnc2c(N)cc(C(=O)N3CCC3)cn12
,,6PPD-quinone,CC(C)CC(C)NC1=CC(=O)C(=CC1=O)NC2=CC=CC=C2,1,,,,,1,,0,1,CC(C)CC(C)NC1=CC(=O)C(Nc2ccccc2)=CC1=O
,,aschantin,COC1=CC(=CC(=C1OC)OC)[C@@H]2[C@H]3CO[C@@H]([C@H]3CO2)C4=CC5=C(C=C4)OCO5,0,0,0,1,1,1,0,0,1,COc1cc([C@H]2OC[C@H]3[C@@H]2CO[C@@H]3c2ccc3c(c2)OCO3)cc(OC)c1OC
,,tinengotinib(TT-00420),CC1=C2C(=NN1)NC3=CC(=NC=C3C(=N2)C4=CC=CC=C4Cl)N5CCOCC5,,,,1,,,1,,1,Cc1[nH]nc2c1N=C(c1ccccc1Cl)c1cnc(N3CCOCC3)cc1N2
,,asundexian,CC[C@@H](C(=O)NC1=CC(=C(C=C1)C(=O)N)F)N2C=C(C(=CC2=O)C3=C(C=CC(=C3)Cl)N4C=C(N=N4)C(F)(F)F)OC,0,0,0,0,0,0,0,0,1,CC[C@@H](C(=O)Nc1ccc(C(N)=O)c(F)c1)n1cc(OC)c(-c2cc(Cl)ccc2-n2cc(C(F)(F)F)nn2)cc1=O
,,"N,N-dimethyltryptamine",CN(C)CCC1=CNC2=CC=CC=C21,0,0,0,0,0,0,1,0,0,CN(C)CCc1c[nH]c2ccccc12
,,25-hydroxyvitamin D3,C[C@H](CCCC(C)(C)O)[C@H]1CC[C@@H]\2[C@@]1(CCC/C2=C\C=C/3\C[C@H](CCC3=C)O)C,,,,,,,,,1,C=C1CC[C@H](O)C/C1=C/C=C1\CCC[C@]2(C)[C@@H]([C@H](C)CCCC(C)(C)O)CC[C@@H]12
,,usnic acid,CC1=C(C(=C2C(=C1O)C3(C(=CC(=O)C(C3=O)C(=O)C)O2)C)C(=O)C)O,,0,,1,1,,,,1,CC(=O)c1c(O)c(C)c(O)c2c1OC1=CC(=O)C(C(C)=O)C(=O)C12C
,,barbatic acid,CC1=CC(=C(C(=C1C(=O)OC2=C(C(=C(C(=C2)C)C(=O)O)O)C)O)C)OC,,,,1,1,1,,,,COc1cc(C)c(C(=O)Oc2cc(C)c(C(=O)O)c(O)c2C)c(O)c1C
,,Daridorexant,CC1=C(C=CC2=C1N=C(N2)[C@@]3(CCCN3C(=O)C4=C(C=CC(=C4)OC)N5N=CC=N5)C)Cl,,,,,,,,,1,COc1ccc(-n2nccn2)c(C(=O)N2CCC[C@@]2(C)c2nc3c(C)c(Cl)ccc3[nH]2)c1
,,OZ439,C1CC2(CCC1C3=CC=C(C=C3)OCCN4CCOCC4)OC5(C6CC7CC(C6)CC5C7)OO2,,,,,,,,,1,c1cc(C2CCC3(CC2)OOC2(O3)C3CC4CC(C3)CC2C4)ccc1OCCN1CCOCC1
,,Cabozantinib,COC1=CC2=C(C=CN=C2C=C1OC)OC3=CC=C(C=C3)NC(=O)C4(CC4)C(=O)NC5=CC=C(C=C5)F,0,0,0,0,0,0,0,0,1,COc1cc2nccc(Oc3ccc(NC(=O)C4(C(=O)Nc5ccc(F)cc5)CC4)cc3)c2cc1OC
,,suvorexant,C[C@@H]1CCN(CCN1C(=O)C2=C(C=CC(=C2)C)N3N=CC=N3)C4=NC5=C(O4)C=CC(=C5)Cl,0,,0,0,1,1,1,,1,Cc1ccc(-n2nccn2)c(C(=O)N2CCN(c3nc4cc(Cl)ccc4o3)CC[C@H]2C)c1
,,rovatirelin,C[C@@H]1CCCN1C(=O)[C@H](CC2=CSC=N2)NC(=O)[C@@H]3[C@@H](OC(=O)N3)C,0,0,0,0,0,0,0,0,1,C[C@@H]1OC(=O)N[C@@H]1C(=O)N[C@@H](Cc1cscn1)C(=O)N1CCC[C@H]1C
,,Aloe-Emodin,C1=CC2=C(C(=C1)O)C(=O)C3=C(C2=O)C=C(C=C3O)CO,1,,,,,,,,1,O=C1c2cccc(O)c2C(=O)c2c(O)cc(CO)cc21
,,mitragynine,CC[C@@H]1CN2CCC3=C([C@@H]2C[C@@H]1/C(=C\OC)/C(=O)OC)NC4=C3C(=CC=C4)OC,,,0,,,,,,1,CC[C@@H]1CN2CCc3c([nH]c4cccc(OC)c34)[C@@H]2C[C@@H]1/C(=C\OC)C(=O)OC
,,Adaptaquin,C1=CC2=C(C(=C(C=C2)C(C3=CC=C(C=C3)Cl)NC4=C(C=CC=N4)O)O)N=C1,,,1,,,,,,1,Oc1cccnc1NC(c1ccc(Cl)cc1)c1ccc2cccnc2c1O
,,3460-0065,COC1=C(C=C(C=C1)C(C2=C(C3=C(C=CC=N3)C=C2)O)NC(=O)CC4=CC=CC=C4)OC,,,1,,,,,,1,COc1ccc(C(NC(=O)Cc2ccccc2)c2ccc3cccnc3c2O)cc1OC
,,tetrekis(2-chlorethyl)-dichloroisopentyldiphosphate (V6),C(CCl)OP(=O)(OCCCl)OCC(COP(=O)(OCCCl)OCCCl)(CCl)CCl,1,,1,,1,1,,,1,O=P(OCCCl)(OCCCl)OCC(CCl)(CCl)COP(=O)(OCCCl)OCCCl
,,Bisphenol-A bis diphenyl phosphate (BDP),CC(C)(C1=CC=C(C=C1)OP(=O)(OC2=CC=CC=C2)OC3=CC=CC=C3)C4=CC=C(C=C4)OP(=O)(OC5=CC=CC=C5)OC6=CC=CC=C6,1,,1,,1,0,,1,1,CC(C)(c1ccc(OP(=O)(Oc2ccccc2)Oc2ccccc2)cc1)c1ccc(OP(=O)(Oc2ccccc2)Oc2ccccc2)cc1
,,Compound-3,O=C1N([C@H]2C(F)(F)[C@H](O)[C@@H](COP(OCCOCCCCCCCCCCCCCCCCCC)(O)=O)O2)C=CC(N)=N1,0,,0,0,0,0,0,,1,CCCCCCCCCCCCCCCCCCOCCOP(=O)(O)OC[C@H]1O[C@@H](n2ccc(N)nc2=O)C(F)(F)[C@@H]1O
,,Maraviroc,CC1=NN=C(N1C2C[C@H]3CC[C@@H](C2)N3CC[C@@H](C4=CC=CC=C4)NC(=O)C5CCC(CC5)(F)F)C(C)C,0,,0,0,0,0,,,1,Cc1nnc(C(C)C)n1C1C[C@H]2CC[C@@H](C1)N2CC[C@H](NC(=O)C1CCC(F)(F)CC1)c1ccccc1
,,Osimertinib,CN1C=C(C2=CC=CC=C21)C3=NC(=NC=C3)NC4=C(C=C(C(=C4)NC(=O)C=C)N(C)CCN(C)C)OC,1,1,1,1,,,,,1,C=CC(=O)Nc1cc(Nc2nccc(-c3cn(C)c4ccccc34)n2)c(OC)cc1N(C)CCN(C)C
,,naphthoquine,CC(C)(C)NCC1=CC(=C2CCCCC2=C1O)NC3=C4C=CC(=CC4=NC=C3)Cl,,,,,,,1,,,CC(C)(C)NCc1cc(Nc2ccnc3cc(Cl)ccc23)c2c(c1O)CCCC2
,,prothipendyl,CN(C)CCCN1C2=CC=CC=C2SC3=C1N=CC=C3,1,,,,,1,1,,1,CN(C)CCCN1c2ccccc2Sc2cccnc21
,,17-Deacetylnorgestimate,CC[C@]12CC[C@H]3[C@H]([C@@H]1CC[C@]2(C#C)O)CCC4=C/C(=N/O)/CC[C@H]34,0,,,,,0,0,,1,C#C[C@]1(O)CC[C@H]2[C@@H]3CCC4=C/C(=N/O)CC[C@@H]4[C@H]3CC[C@@]21CC
,,norgestrel,CC[C@]12CC[C@H]3[C@H]([C@@H]1CC[C@]2(C#C)O)CCC4=CC(=O)CC[C@H]34,0,,0,0,0,0,0,,1,C#C[C@]1(O)CC[C@H]2[C@@H]3CCC4=CC(=O)CC[C@@H]4[C@H]3CC[C@@]21CC
,,Morusin,CC(=CCC1=C(OC2=C(C1=O)C(=CC3=C2C=CC(O3)(C)C)O)C4=C(C=C(C=C4)O)O)C,,,,,,,,,1,CC(C)=CCc1c(-c2ccc(O)cc2O)oc2c3c(cc(O)c2c1=O)OC(C)(C)C=C3
,,nitracaine,CCN(CC)CC(C)(C)COC(=O)C1=CC=C(C=C1)[N+](=O)[O-],,,1,,,1,,0,,CCN(CC)CC(C)(C)COC(=O)c1ccc([N+](=O)[O-])cc1
,,Primaquine,CC(CCCN)NC1=C2C(=CC(=C1)OC)C=CC=N2,,,,,,,1,,,COc1cc(NC(C)CCCN)c2ncccc2c1
,,6-methylchrysene,CC1=CC2=C(C=CC3=CC=CC=C32)C4=CC=CC=C14,1,,,,,,,,1,Cc1cc2c3ccccc3ccc2c2ccccc12
,,Menthofuran,CC1CCC2=C(C1)OC=C2C,1,,1,,,1,,,,Cc1coc2c1CCC(C)C2
,,Cipargamin(KAE609),C[C@H]1CC2=C([C@]3(N1)C4=C(C=CC(=C4)Cl)NC3=O)NC5=CC(=C(C=C25)F)Cl,0,0,0,0,1,1,0,0,1,C[C@H]1Cc2c([nH]c3cc(Cl)c(F)cc23)[C@@]2(N1)C(=O)Nc1ccc(Cl)cc12
,,tivantinib,C1CC2=C3C(=CC=C2)C(=CN3C1)[C@H]4[C@@H](C(=O)NC4=O)C5=CNC6=CC=CC=C65,,,,,,1,,0,,O=C1NC(=O)[C@@H](c2cn3c4c(cccc24)CCC3)[C@@H]1c1c[nH]c2ccccc12
,,tivantinib M4,O=C(NC1=O)[C@@H](C2=CNC3=CC=CC=C32)[C@@H]1C4=CN5C(C4=CC=C6)=C6[C@@H](O)CC5,,,,,,,,0,1,O=C1NC(=O)[C@@H](c2cn3c4c(cccc24)[C@@H](O)CC3)[C@@H]1c1c[nH]c2ccccc12
,,tivantinib M5,O=C([C@H]([C@@H]1C2=CN3C4=C([C@H](O)CC3)C=CC=C42)C5=CNC6=CC=CC=C65)NC1=O,,,,,,,,,1,O=C1NC(=O)[C@@H](c2cn3c4c(cccc24)[C@H](O)CC3)[C@@H]1c1c[nH]c2ccccc12
,,tivantinib M8,O=C(NC1=O)[C@@H](C2=CNC3=CC=CC=C32)[C@@H]1C4=CN5C6=C(C=CC=C64)CCC5=O,,,,,,1,,,1,O=C1NC(=O)[C@@H](c2cn3c4c(cccc24)CCC3=O)[C@@H]1c1c[nH]c2ccccc12
,,ethylphenidate,CCOC(=O)C(C1CCCCN1)C2=CC=CC=C2,,,,,,1,1,0,,CCOC(=O)C(c1ccccc1)C1CCCCN1
,,ethylphenidate M1c,NC(CCCC=O)C(C(OCC)=O)C1=CC=CC=C1,,,,,0,1,,0,0,CCOC(=O)C(c1ccccc1)C(N)CCCC=O
,,1-chloropyrene,C1=CC2=C3C(=C1)C=CC4=C(C=CC(=C43)C=C2)Cl,1,,,,,,,,,Clc1ccc2ccc3cccc4ccc1c2c34
,,asunaprevir,CC(C)(C)[C@@H](C(=O)N1C[C@@H](C[C@H]1C(=O)N[C@@]2(C[C@H]2C=C)C(=O)NS(=O)(=O)C3CC3)OC4=NC=C(C5=C4C=C(C=C5)Cl)OC)NC(=O)OC(C)(C)C,,,,0,,,,0,1,C=C[C@@H]1C[C@]1(NC(=O)[C@@H]1C[C@@H](Oc2ncc(OC)c3ccc(Cl)cc23)CN1C(=O)[C@@H](NC(=O)OC(C)(C)C)C(C)(C)C)C(=O)NS(=O)(=O)C1CC1
,,glyburide,COC1=C(C=C(C=C1)Cl)C(=O)NCCC2=CC=C(C=C2)S(=O)(=O)NC(=O)NC3CCCCC3,,,,,,,,,1,COc1ccc(Cl)cc1C(=O)NCCc1ccc(S(=O)(=O)NC(=O)NC2CCCCC2)cc1
,,KRO-105714,CC(C)(C)C(=O)NC1=C(SC(=N1)N2CCN(CC2)C3=CC=CC=C3OC)C(=O)C4=CC=CC=C4,,,,,,,,,1,COc1ccccc1N1CCN(c2nc(NC(=O)C(C)(C)C)c(C(=O)c3ccccc3)s2)CC1
,,BI 11634,CC1=C(C=CC(=C1)C(=O)N[C@@H](COC)C2=NC3=C(N2)C=C(C=C3)Cl)N4CCOCC4=O,,,,,,,,,1,COC[C@H](NC(=O)c1ccc(N2CCOCC2=O)c(C)c1)c1nc2ccc(Cl)cc2[nH]1
,,"3,4-dichlorophenyl-propenoyl-sec.-butylamine(3,4-DCPB)",ClC1=C(Cl)C=CC(/C=C/C(NC(C)CC)=O)=C1,1,,,,,1,1,,1,CCC(C)NC(=O)/C=C/c1ccc(Cl)c(Cl)c1
,,4'-(p-Toluenesulfonylamide)-4-hydroxychalcone (TSAHC),CC1=CC=C(C=C1)S(=O)(=O)NC2=CC=C(C=C2)C(=O)/C=C/C3=CC=C(C=C3)O,,0,0,1,1,1,,0,1,Cc1ccc(S(=O)(=O)Nc2ccc(C(=O)/C=C/c3ccc(O)cc3)cc2)cc1
,,Eliapixant,CC1=CN=C(S1)C2=CC(=CC(=C2)O[C@@H]3CCOC3)C(=O)N[C@H](C)C4=CN=C(N=C4)C(F)(F)F,,,,,,,,,1,Cc1cnc(-c2cc(O[C@@H]3CCOC3)cc(C(=O)N[C@H](C)c3cnc(C(F)(F)F)nc3)c2)s1
,,Eupalinolide A,C/C/1=C/[C@@H]2[C@@H]([C@@H](C/C(=C\C[C@@H]1OC(=O)C)/COC(=O)C)OC(=O)/C(=C/CO)/C)C(=C)C(=O)O2,1,,,,1,1,1,,1,C=C1C(=O)O[C@@H]2/C=C(/C)[C@@H](OC(C)=O)C/C=C(/COC(C)=O)C[C@@H](OC(=O)/C(C)=C/CO)[C@@H]12
,,Eupalinolide B,C/C/1=C\[C@@H]2[C@@H]([C@@H](C/C(=C/C[C@@H]1OC(=O)C)/COC(=O)C)OC(=O)/C(=C/CO)/C)C(=C)C(=O)O2,1,,,,1,1,1,,1,C=C1C(=O)O[C@@H]2/C=C(\C)[C@@H](OC(C)=O)C/C=C(\COC(C)=O)C[C@@H](OC(=O)/C(C)=C/CO)[C@@H]12
,,gepotidacin(GSK2140944),C1CC2=CC(=NC=C2OC1)CNC3CCN(CC3)C[C@@H]4CN5C(=O)C=CC6=C5N4C(=O)C=N6,,,,,,,,,1,O=c1ccc2ncc(=O)n3c2n1C[C@H]3CN1CCC(NCc2cc3c(cn2)OCCC3)CC1
,,(S)-praziquantel,C1CCC(CC1)C(=O)N2C[C@@H]3C4=CC=CC=C4CCN3C(=O)C2,,,,,,1,,,,O=C(C1CCCCC1)N1CC(=O)N2CCc3ccccc3[C@H]2C1
,,(R)-praziquantel,C1CCC(CC1)C(=O)N2C[C@H]3C4=CC=CC=C4CCN3C(=O)C2,1,,,,,1,,,,O=C(C1CCCCC1)N1CC(=O)N2CCc3ccccc3[C@@H]2C1
,,DS-1971a,CN1C(=CC=N1)[C@H]2CCCC[C@@H]2OC3=CC(=C(C=C3Cl)S(=O)(=O)NC4=NC=NC=C4)F,,,,1,,,,,,Cn1nccc1[C@H]1CCCC[C@@H]1Oc1cc(F)c(S(=O)(=O)Nc2ccncn2)cc1Cl
,,tedatioxetine,CC1=CC=C(C=C1)SC2=CC=CC=C2C3CCNCC3,,,,,,,1,,,Cc1ccc(Sc2ccccc2C2CCNCC2)cc1
,,luteolin,C1=CC(=C(C=C1C2=CC(=O)C3=C(C=C(C=C3O2)O)O)O)O,1,,,,,,,,,O=c1cc(-c2ccc(O)c(O)c2)oc2cc(O)cc(O)c12
,,Ozanimod,CC(C)OC1=C(C=C(C=C1)C2=NC(=NO2)C3=C4CC[C@@H](C4=CC=C3)NCCO)C#N,,,,,,,,,1,CC(C)Oc1ccc(-c2nc(-c3cccc4c3CC[C@@H]4NCCO)no2)cc1C#N
,,RP101075,CC(C)OC1=C(C=C(C=C1)C2=NC(=NO2)C3=C4CC[C@@H](C4=CC=C3)N)C#N,,,,,,,,,1,CC(C)Oc1ccc(-c2nc(-c3cccc4c3CC[C@@H]4N)no2)cc1C#N
,,CC112273,CC(C)OC1=C(C=C(C=C1)C2=NC(=NO2)C3=C4CCC(=O)C4=CC=C3)C#N,,,,1,,,,,,CC(C)Oc1ccc(-c2nc(-c3cccc4c3CCC4=O)no2)cc1C#N
,,clobromazolam,CC1=NN=C2N1C3=C(C=C(C=C3)Br)C(=NC2)C4=CC=CC=C4Cl,0,0,1,0,0,1,0,0,1,Cc1nnc2n1-c1ccc(Br)cc1C(c1ccccc1Cl)=NC2
,,bromazolam,CC1=NN=C2N1C3=C(C=C(C=C3)Br)C(=NC2)C4=CC=CC=C4,0,0,1,0,1,1,0,0,1,Cc1nnc2n1-c1ccc(Br)cc1C(c1ccccc1)=NC2
,,Flualprazolam,CC1=NN=C2N1C3=C(C=C(C=C3)Cl)C(=NC2)C4=CC=CC=C4F,0,0,1,0,1,1,0,0,1,Cc1nnc2n1-c1ccc(Cl)cc1C(c1ccccc1F)=NC2
,,Ertugliflozin,CCOC1=CC=C(C=C1)CC2=C(C=CC(=C2)[C@@]34[C@@H]([C@H]([C@@H]([C@@](O3)(CO4)CO)O)O)O)Cl,,,0,,0,,,,1,CCOc1ccc(Cc2cc([C@]34OC[C@](CO)(O3)[C@@H](O)[C@H](O)[C@H]4O)ccc2Cl)cc1
,,Phosmet,COP(=S)(OC)SCN1C(=O)C2=CC=CC=C2C1=O,,,1,,1,1,,,,COP(=S)(OC)SCN1C(=O)c2ccccc2C1=O
,,(+)-epi-alpha-Bisabolol,CC1=CC[C@@H](CC1)[C@](C)(CCC=C(C)C)O,,,1,0,1,,1,,0,CC(C)=CCC[C@](C)(O)[C@H]1CC=C(C)CC1
,,Benzalkonium,CCCCCCCCCCCCC[N+](C)(C)CC1=CC=CC=C1,,,,,,,1,,,CCCCCCCCCCCCC[N+](C)(C)Cc1ccccc1
,,macitentan,CCCNS(=O)(=O)NC1=C(C(=NC=N1)OCCOC2=NC=C(C=N2)Br)C3=CC=C(C=C3)Br,,,,,,,,,1,CCCNS(=O)(=O)Nc1ncnc(OCCOc2ncc(Br)cn2)c1-c1ccc(Br)cc1
,,Osthenol,CC(=CCC1=C(C=CC2=C1OC(=O)C=C2)O)C,1,,,,,1,1,,1,CC(C)=CCc1c(O)ccc2ccc(=O)oc12
,,Ibrutinib,C=CC(=O)N1CCC[C@H](C1)N2C3=NC=NC(=C3C(=N2)C4=CC=C(C=C4)OC5=CC=CC=C5)N,,,,,,,,,1,C=CC(=O)N1CCC[C@@H](n2nc(-c3ccc(Oc4ccccc4)cc3)c3c(N)ncnc32)C1
,,schisantherin E,C[C@H]1CC2=CC(=C(C(=C2C3=C(C(=C(C=C3[C@@H]([C@@]1(C)O)OC(=O)C4=CC=CC=C4)OC)OC)OC)OC)OC)O,0,0,0,0,0,0,0,0,,COc1cc2c(c(OC)c1OC)-c1c(cc(O)c(OC)c1OC)C[C@H](C)[C@](C)(O)[C@H]2OC(=O)c1ccccc1
,,Gomisin A,C[C@@H]1CC2=CC3=C(C(=C2C4=C(C(=C(C=C4C[C@@]1(C)O)OC)OC)OC)OC)OCO3,0,0,0,0,0,0,0,0,1,COc1cc2c(c(OC)c1OC)-c1c(cc3c(c1OC)OCO3)C[C@@H](C)[C@](C)(O)C2
,,oxycodone,CN1CC[C@]23[C@@H]4C(=O)CC[C@]2([C@H]1CC5=C3C(=C(C=C5)OC)O4)O,,,,,,,1,,1,COc1ccc2c3c1O[C@H]1C(=O)CC[C@@]4(O)[C@@H](C2)N(C)CC[C@]314
,,25I-NBOMe,COC1=CC=CC=C1CNCCC2=CC(=C(C=C2OC)I)OC,1,0,1,,1,1,,,1,COc1cc(CCNCc2ccccc2OC)c(OC)cc1I
,,25I-NBOH,COC1=CC(=C(C=C1CCNCC2=CC=CC=C2O)OC)I,1,0,1,,1,1,1,,0,COc1cc(CCNCc2ccccc2O)c(OC)cc1I
,,bakuchiol,CC(=CCC[C@@](C)(C=C)/C=C/C1=CC=C(C=C1)O)C,1,,,,,,,,,C=C[C@@](C)(/C=C/c1ccc(O)cc1)CCC=C(C)C
,,Tri-ortho-cresyl phosphate,CC1=CC=CC=C1OP(=O)(OC2=CC=CC=C2C)OC3=CC=CC=C3C,1,,1,,,1,1,,1,Cc1ccccc1OP(=O)(Oc1ccccc1C)Oc1ccccc1C
,,(R)-pulegone,C[C@@H]1CCC(=C(C)C)C(=O)C1,1,,,,,1,,1,,CC(C)=C1CC[C@@H](C)CC1=O
,,(R)-menthofuran,C[C@@H]1CCC2=C(C1)OC=C2C,1,,,,,1,,1,,Cc1coc2c1CC[C@@H](C)C2
,,dronedarone,CCCCC1=C(C2=C(O1)C=CC(=C2)NS(=O)(=O)C)C(=O)C3=CC=C(C=C3)OCCCN(CCCC)CCCC,,,,0,,,1,,1,CCCCc1oc2ccc(NS(C)(=O)=O)cc2c1C(=O)c1ccc(OCCCN(CCCC)CCCC)cc1
,,N-debutyl-dronedarone,CCCCC1=C(C2=C(O1)C=CC(=C2)NS(=O)(=O)C)C(=O)C3=CC=C(C=C3)OCCCNCCCC,0,0,0,0,0,0,1,0,,CCCCNCCCOc1ccc(C(=O)c2c(CCCC)oc3ccc(NS(C)(=O)=O)cc23)cc1
,,Propanoic acid-dronedarone,CCCCC1=C(C2=C(O1)C=CC(=C2)NS(=O)(=O)C)C(=O)C3=CC=C(C=C3)OCCC(=O)O,0,0,0,1,0,0,0,,0,CCCCc1oc2ccc(NS(C)(=O)=O)cc2c1C(=O)c1ccc(OCCC(=O)O)cc1
,,Phenol-dronedarone,CCCCC1=C(C2=C(O1)C=CC(=C2)NS(=O)(=O)C)C(=O)C3=CC=C(C=C3)O,,,,0,,1,1,0,,CCCCc1oc2ccc(NS(C)(=O)=O)cc2c1C(=O)c1ccc(O)cc1
,,C-dealkyl-dronedarone,CCCCN(CCCC)CCCOC1=CC=C(C=C1)C(=O)O,0,0,0,0,0,0,0,0,0,CCCCN(CCCC)CCCOc1ccc(C(=O)O)cc1
,,resibufogenin,C[C@]12CC[C@@H](C[C@H]1CC[C@@H]3[C@@H]2CC[C@]4([C@]35[C@H](O5)C[C@@H]4C6=COC(=O)C=C6)C)O,0,0,0,0,0,0,0,0,1,C[C@]12CC[C@H](O)C[C@H]1CC[C@@H]1[C@@H]2CC[C@]2(C)[C@@H](c3ccc(=O)oc3)C[C@H]3O[C@]132
,,trichloroethylene,C(=C(Cl)Cl)Cl,,,0,,0,,0,1,0,ClC=C(Cl)Cl
,,Carbon tetrachloride,C(Cl)(Cl)(Cl)Cl,,,,,,,,1,,ClC(Cl)(Cl)Cl
,,Chloroform,C(Cl)(Cl)Cl,,,,,,,,1,,ClC(Cl)Cl
,,"1,1,1-Trichloroethane",CC(Cl)(Cl)Cl,,,,,,,,1,,CC(Cl)(Cl)Cl
,,"1,2-Dichloropropane",CC(CCl)Cl,,,,,,,,1,,CC(Cl)CCl
,,Ethylene dichloride,C(CCl)Cl,,,,,,,,1,,ClCCCl
,,Ethylene dibromide,C(CBr)Br,,,,,,,,1,,BrCCBr
,,vinyl chloride,C=CCl,,,,,,,,1,,C=CCl
,,Vinyl bromide,C=CBr,,,,,,,,1,,C=CBr
,,Bufalin,C[C@]12CC[C@@H](C[C@H]1CC[C@@H]3[C@@H]2CC[C@]4([C@@]3(CC[C@@H]4C5=COC(=O)C=C5)O)C)O,0,0,0,0,0,0,0,0,1,C[C@]12CC[C@H](O)C[C@H]1CC[C@@H]1[C@@H]2CC[C@]2(C)[C@@H](c3ccc(=O)oc3)CC[C@]12O
,,cinobufagin,CC(=O)O[C@@H]1[C@@H]([C@]2(CC[C@H]3[C@H]([C@@]24[C@@H]1O4)CC[C@H]5[C@@]3(CC[C@@H](C5)O)C)C)C6=COC(=O)C=C6,,,,,,,,,1,CC(=O)O[C@H]1[C@H]2O[C@]23[C@@H]2CC[C@@H]4C[C@@H](O)CC[C@]4(C)[C@H]2CC[C@]3(C)[C@H]1c1ccc(=O)oc1
,,thymol,CC1=CC(=C(C=C1)C(C)C)O,,1,,,,,,,,Cc1ccc(C(C)C)c(O)c1
,,carvacrol,CC1=C(C=C(C=C1)C(C)C)O,,1,,,,,,,,Cc1ccc(C(C)C)cc1O
,,piperaquine,C1CN(CCN1CCCN2CCN(CC2)C3=C4C=CC(=CC4=NC=C3)Cl)C5=C6C=CC(=CC6=NC=C5)Cl,,,,,,,,,1,Clc1ccc2c(N3CCN(CCCN4CCN(c5ccnc6cc(Cl)ccc56)CC4)CC3)ccnc2c1
,,JWH-018,CCCCCN1C=C(C2=CC=CC=C21)C(=O)C3=CC=CC4=CC=CC=C43,1,,,,1,1,,,,CCCCCn1cc(C(=O)c2cccc3ccccc23)c2ccccc21
,,AM2201,C1=CC=C2C(=C1)C=CC=C2C(=O)C3=CN(C4=CC=CC=C43)CCCCCF,1,,,,1,,,,,O=C(c1cccc2ccccc12)c1cn(CCCCCF)c2ccccc12
,,Evodiamine,CN1[C@@H]2C3=C(CCN2C(=O)C4=CC=CC=C41)C5=CC=CC=C5N3,1,0,0,0,,1,0,0,1,CN1c2ccccc2C(=O)N2CCc3c([nH]c4ccccc34)[C@H]21
,,benzbromarone,CCC1=C(C2=CC=CC=C2O1)C(=O)C3=CC(=C(C(=C3)Br)O)Br,1,0,0,,1,1,0,0,1,CCc1oc2ccccc2c1C(=O)c1cc(Br)c(O)c(Br)c1
,,6-hydroxybenzbromarone,CCC1=C(C2=C(O1)C=C(C=C2)O)C(=O)C3=CC(=C(C(=C3)Br)O)Br,1,0,0,,,,0,,0,CCc1oc2cc(O)ccc2c1C(=O)c1cc(Br)c(O)c(Br)c1
,,nalfurafine hydrochloride,CN([C@@H]1CC[C@]2([C@H]3CC4=C5[C@]2([C@H]1OC5=C(C=C4)O)CCN3CC6CC6)O)C(=O)/C=C/C7=COC=C7.Cl,0,0,,1,0,1,0,0,1,CN(C(=O)/C=C/c1ccoc1)[C@@H]1CC[C@@]2(O)[C@H]3Cc4ccc(O)c5c4[C@@]2(CCN3CC2CC2)[C@H]1O5
,,mirabegron,C1=CC=C(C=C1)[C@H](CNCCC2=CC=C(C=C2)NC(=O)CC3=CSC(=N3)N)O,,0,,0,,0,1,0,1,Nc1nc(CC(=O)Nc2ccc(CCNC[C@H](O)c3ccccc3)cc2)cs1
,,Lu AA21004,CC1=CC(=C(C=C1)SC2=CC=CC=C2N3CCNCC3)C,,1,,,1,1,1,,1,Cc1ccc(Sc2ccccc2N2CCNCC2)c(C)c1
,,saxagliptin,C1[C@@H]2C[C@@H]2N([C@@H]1C#N)C(=O)[C@H](C34CC5CC(C3)CC(C5)(C4)O)N,,,,,,,,,1,N#C[C@@H]1C[C@@H]2C[C@@H]2N1C(=O)[C@@H](N)C12CC3CC(CC(O)(C3)C1)C2
,,tilidine,CCOC(=O)[C@@]1(CCC=C[C@H]1N(C)C)C2=CC=CC=C2,,,1,,,1,,,,CCOC(=O)[C@]1(c2ccccc2)CCC=C[C@H]1N(C)C
,,nortilidine,CCOC(=O)[C@]1(CCC=C[C@@H]1NC)C2=CC=CC=C2,,,1,,,1,,,,CCOC(=O)[C@@]1(c2ccccc2)CCC=C[C@@H]1NC
,,tienilic acid,C1=CSC(=C1)C(=O)C2=C(C(=C(C=C2)OCC(=O)O)Cl)Cl,,,,,1,,,,,O=C(O)COc1ccc(C(=O)c2cccs2)c(Cl)c1Cl
,,tienilic acid isomer,C1=CC(=C(C(=C1C(=O)C2=CSC=C2)Cl)Cl)OCC(=O)O,,,,,1,,,,,O=C(O)COc1ccc(C(=O)c2ccsc2)c(Cl)c1Cl
,,etravirine,CC1=CC(=CC(=C1OC2=NC(=NC(=C2Br)N)NC3=CC=C(C=C3)C#N)C)C#N,0,,,,,1,,,1,Cc1cc(C#N)cc(C)c1Oc1nc(Nc2ccc(C#N)cc2)nc(N)c1Br
,,etravirine M3,CC1=CC(=CC(=C1OC2=NC(=NC(=C2Br)N)NC3=CC=C(C=C3)C#N)CO)C#N,0,,0,0,0,1,0,,0,Cc1cc(C#N)cc(CO)c1Oc1nc(Nc2ccc(C#N)cc2)nc(N)c1Br
,,etravirine M1,CC1=CC(=C(C(=C1OC2=NC(=NC(=C2Br)N)NC3=CC=C(C=C3)C#N)C)O)C#N,,,,,1,,,,,Cc1cc(C#N)c(O)c(C)c1Oc1nc(Nc2ccc(C#N)cc2)nc(N)c1Br
,,lorcaserin,C[C@H]1CNCCC2=C1C=C(C=C2)Cl,,,1,,,1,1,,,C[C@H]1CNCCc2ccc(Cl)cc21
,,Cannabidiol,CCCCCC1=CC(=C(C(=C1)O)[C@@H]2C=C(CC[C@H]2C(=C)C)C)O,1,0,0,0,,1,1,0,1,C=C(C)[C@@H]1CCC(C)=C[C@H]1c1c(O)cc(CCCCC)cc1O
,,AKF-PD,CC1=CN(C(=O)C=C1)C2=CC(=CC=C2)F,1,,,,,1,1,1,,Cc1ccc(=O)n(-c2cccc(F)c2)c1
,,BMS-690514,COC1=CC=CC(=C1)NC2=NC=NN3C2=C(C=C3)CN4CC[C@H]([C@@H](C4)O)N,0,0,0,0,,,1,0,1,COc1cccc(Nc2ncnn3ccc(CN4CC[C@@H](N)[C@H](O)C4)c23)c1
,,LASSBio-294,C1OC2=C(O1)C=C(C=C2)C(=O)N/N=C/C3=CC=CS3,1,,,,,,,,,O=C(N/N=C/c1cccs1)c1ccc2c(c1)OCO2
,,loxapine,CN1CCN(CC1)C2=NC3=CC=CC=C3OC4=C2C=C(C=C4)Cl,1,0,,0,0,1,1,0,1,CN1CCN(C2=Nc3ccccc3Oc3ccc(Cl)cc32)CC1
,,mesaconitine,CC(=O)O[C@@]12[C@@H]3[C@@H](C[C@@]([C@@H]3OC(=O)C4=CC=CC=C4)([C@H]([C@@H]1O)OC)O)[C@]56[C@H](C[C@H]([C@@]7([C@H]5[C@H]([C@H]2[C@H]6N(C7)C)OC)COC)O)OC,,,,1,,,1,,1,COC[C@]12CN(C)[C@@H]3[C@@H]4[C@H](OC)[C@H]1[C@@]3([C@@H](OC)C[C@H]2O)[C@@H]1C[C@@]2(O)[C@H](OC(=O)c3ccccc3)[C@@H]1[C@]4(OC(C)=O)[C@@H](O)[C@@H]2OC
,,fenretinide,CC1=C(C(CCC1)(C)C)/C=C/C(=C/C=C/C(=C/C(=O)NC2=CC=C(C=C2)O)/C)/C,,,,1,,,,,1,CC1=C(/C=C/C(C)=C/C=C/C(C)=C/C(=O)Nc2ccc(O)cc2)C(C)(C)CCC1
,,Pavinetant(AZD2624),CC[C@@H](C1=CC=CC=C1)NC(=O)C2=C(C(=NC3=CC=CC=C32)C4=CC=CC=C4)NS(=O)(=O)C,0,0,0,0,,0,0,,1,CC[C@H](NC(=O)c1c(NS(C)(=O)=O)c(-c2ccccc2)nc2ccccc12)c1ccccc1
,,Vorapaxar(SCH 530348),CCOC(=O)N[C@@H]1CC[C@@H]2[C@@H](C1)C[C@@H]3[C@H]([C@H]2/C=C/C4=NC=C(C=C4)C5=CC(=CC=C5)F)[C@H](OC3=O)C.OS(=O)(=O)O,,0,,,,1,,,1,CCOC(=O)N[C@@H]1CC[C@@H]2[C@@H](C1)C[C@H]1C(=O)O[C@H](C)[C@H]1[C@H]2/C=C/c1ccc(-c2cccc(F)c2)cn1
,,Vorapaxar M20,C[C@@H]1[C@@H]2[C@@H](C[C@@H]3C[C@@H](CC[C@H]3[C@@H]2/C=C/C4=NC=C(C=C4)C5=CC(=CC=C5)F)NC(=O)OCCO)C(=O)O1,,,,,,,,,1,C[C@H]1OC(=O)[C@@H]2C[C@@H]3C[C@H](NC(=O)OCCO)CC[C@H]3[C@H](/C=C/c3ccc(-c4cccc(F)c4)cn3)[C@H]12
,,4-nonylphenol,CCCCCCCCCC1=CC=C(C=C1)O,1,,,,,1,1,1,1,CCCCCCCCCc1ccc(O)cc1
,,tanshinol borneol ester,C[C@@]12CC[C@@H](C1(C)C)C[C@@H]2OC(=O)[C@@H](CC3=CC(=C(C=C3)O)O)O,,,,1,,,,,1,CC1(C)[C@@H]2CC[C@@]1(C)[C@@H](OC(=O)[C@H](O)Cc1ccc(O)c(O)c1)C2
,,corynoline,C[C@]12[C@H](CC3=CC4=C(C=C3[C@H]1N(CC5=C2C=CC6=C5OCO6)C)OCO4)O,0,0,0,0,1,1,1,0,1,CN1Cc2c(ccc3c2OCO3)[C@@]2(C)[C@@H](O)Cc3cc4c(cc3[C@@H]12)OCO4
,,carbosulfan,CCCCN(CCCC)SN(C)C(=O)OC1=CC=CC2=C1OC(C2)(C)C,,,1,,,,,0,1,CCCCN(CCCC)SN(C)C(=O)Oc1cccc2c1OC(C)(C)C2
,,sarizotan(EMD 128130),C1CC2=CC=CC=C2O[C@H]1CNCC3=CC(=CN=C3)C4=CC=C(C=C4)F,1,1,,1,1,,,,1,Fc1ccc(-c2cncc(CNC[C@H]3CCc4ccccc4O3)c2)cc1
,,pentamethylchromanol,CC1(C2=CC=CC=C2OC(C1(C)C)(C)O)C,1,,1,,,,,,1,CC1(O)Oc2ccccc2C(C)(C)C1(C)C
,,sanguinarine,C[N+]1=C2C(=C3C=CC4=C(C3=C1)OCO4)C=CC5=CC6=C(C=C52)OCO6,1,,,0,0,,0,,0,C[n+]1cc2c3c(ccc2c2ccc4cc5c(cc4c21)OCO5)OCO3
,,sanguinarine M1,C[N+]1=C2C(=C3C=CC(=C(C3=C1)O)OC)C=CC4=CC5=C(C=C42)OCO5,0,,,0,0,,0,,0,COc1ccc2c(c[n+](C)c3c4cc5c(cc4ccc23)OCO5)c1O
,,levorphanol,CN1CC[C@]23CCCC[C@H]2[C@H]1CC4=C3C=C(C=C4)O,,,,,,,1,,1,CN1CC[C@]23CCCC[C@H]2[C@H]1Cc1ccc(O)cc13
,,levallorphan,C=CCN1CC[C@]23CCCC[C@H]2[C@H]1CC4=C3C=C(C=C4)O,,,,,,,1,,1,C=CCN1CC[C@]23CCCC[C@H]2[C@H]1Cc1ccc(O)cc13
,,Compound A,ClC1=CC=C(NC(N2C(C(NC3=CC=C(N4C=CC=CC4=O)C=N3)=O)CC=N2)=O)C=C1,,,0,,,,,0,1,O=C(Nc1ccc(-n2ccccc2=O)cn1)C1CC=NN1C(=O)Nc1ccc(Cl)cc1
,,luciferin-isopropyl acetal,CC(C)OC(C1CSC(=N1)C2=NC3=C(S2)C=C(C=C3)O)OC(C)C,,,,,,,,,1,CC(C)OC(OC(C)C)C1CSC(c2nc3ccc(O)cc3s2)=N1
,,dauricine,CN1CCC2=CC(=C(C=C2[C@H]1CC3=CC=C(C=C3)OC4=C(C=CC(=C4)C[C@@H]5C6=CC(=C(C=C6CCN5C)OC)OC)O)OC)OC,,,,,,,,,1,COc1cc2c(cc1OC)[C@@H](Cc1ccc(Oc3cc(C[C@@H]4c5cc(OC)c(OC)cc5CCN4C)ccc3O)cc1)N(C)CC2
,,fluometuron,CN(C)C(=O)NC1=CC=CC(=C1)C(F)(F)F,1,,,,,,,,,CN(C)C(=O)Nc1cccc(C(F)(F)F)c1
,,Eperisone,CCC1=CC=C(C=C1)C(=O)C(C)CN2CCCCC2,1,,,,,,1,0,,CCc1ccc(C(=O)C(C)CN2CCCCC2)cc1
,,Veratridine,C[C@H]1CC[C@H]2[C@@]([C@]3([C@H](C[C@]4([C@@H]5CC[C@H]6[C@]7([C@]5(C[C@]4([C@@H]3CN2C1)O)O[C@@]6([C@H](CC7)OC(=O)C8=CC(=C(C=C8)OC)OC)O)C)O)O)O)(C)O,,,,,,,,1,,COc1ccc(C(=O)O[C@H]2CC[C@@]3(C)[C@@H]4CC[C@H]5[C@]6(O)C[C@H](O)[C@@]7(O)[C@@H](CN8C[C@@H](C)CC[C@H]8[C@@]7(C)O)[C@]6(O)C[C@@]53O[C@]24O)cc1OC
,,Nimesulide M1,CS(=O)(NC1=C(OC2=CC=CC=C2)C=C(N)C=C1)=O,1,,,,,1,,,,CS(=O)(=O)Nc1ccc(N)cc1Oc1ccccc1
,,triptolide,CC(C)[C@@]12[C@@H](O1)[C@H]3[C@@]4(O3)[C@]5(CCC6=C([C@@H]5C[C@H]7[C@]4([C@@H]2O)O7)COC6=O)C,0,0,0,0,0,,,0,1,CC(C)[C@]12O[C@H]1[C@@H]1O[C@]13[C@]1(O[C@H]1C[C@H]1C4=C(CC[C@@]13C)C(=O)OC4)[C@@H]2O
,,beraprost sodium,CC#CCC(C)[C@@H](/C=C/[C@H]1[C@@H](C[C@H]2[C@@H]1C3=CC=CC(=C3O2)CCCC(=O)[O-])O)O.[Na+],0,0,0,,0,0,0,0,0,CC#CCC(C)[C@H](O)/C=C/[C@@H]1[C@H]2c3cccc(CCCC(=O)O)c3O[C@H]2C[C@H]1O
,,HFO-1234yf,C=C(C(F)(F)F)F,,,,,,,,1,,C=C(F)C(F)(F)F
,,N-(1-phenylcyclohexyl)-3-ethoxypropanamine (PCEPA),CCOCCCNC1(CCCCC1)C2=CC=CC=C2,,,1,,,1,,,1,CCOCCCNC1(c2ccccc2)CCCCC1
,,N-(1-phenylcyclohexyl)-3-methoxypropanamine (PCMPA),COCCCNC1(CCCCC1)C2=CC=CC=C2,,,1,,,1,,,,COCCCNC1(c2ccccc2)CCCCC1
,,"Evatanepag(CP-533,536)",CC(C)(C)C1=CC=C(C=C1)CN(CC2=CC(=CC=C2)OCC(=O)O)S(=O)(=O)C3=CN=CC=C3,,,,1,,,,,1,CC(C)(C)c1ccc(CN(Cc2cccc(OCC(=O)O)c2)S(=O)(=O)c2cccnc2)cc1
,,dasatinib,CC1=C(C(=CC=C1)Cl)NC(=O)C2=CN=C(S2)NC3=CC(=NC(=N3)C)N4CCN(CC4)CCO,0,0,0,0,,,0,,1,Cc1nc(Nc2ncc(C(=O)Nc3c(C)cccc3Cl)s2)cc(N2CCN(CCO)CC2)n1
,,eribulin,C[C@@H]1C[C@@H]2CC[C@H]3C(=C)C[C@@H](O3)CC[C@]45C[C@@H]6[C@H](O4)[C@H]7[C@@H](O6)[C@@H](O5)[C@@H]8[C@@H](O7)CC[C@@H](O8)CC(=O)C[C@H]9[C@H](C[C@H](C1=C)O2)O[C@@H]([C@@H]9OC)C[C@@H](CN)O,,,,,,,,,1,C=C1C[C@@H]2CC[C@@]34C[C@H]5O[C@H]6[C@@H](O3)[C@H]3O[C@H](CC[C@@H]3O[C@H]6[C@H]5O4)CC(=O)C[C@@H]3[C@@H](OC)[C@@H](C[C@H](O)CN)O[C@H]3C[C@H]3O[C@@H](CC[C@@H]1O2)C[C@@H](C)C3=C
,,Febuxostat,CC1=C(SC(=N1)C2=CC(=C(C=C2)OCC(C)C)C#N)C(=O)O,1,0,0,1,1,0,0,0,,Cc1nc(-c2ccc(OCC(C)C)c(C#N)c2)sc1C(=O)O
,,Febuxostat 67M-1,CC1=C(SC(=N1)C2=CC(=C(C=C2)OCC(C)CO)C#N)C(=O)O,0,0,0,0,0,0,0,0,0,Cc1nc(-c2ccc(OCC(C)CO)c(C#N)c2)sc1C(=O)O
,,lynestrenol,C[C@]12CC[C@H]3[C@H]([C@@H]1CC[C@]2(C#C)O)CCC4=CCCC[C@H]34,,0,,0,1,1,,,1,C#C[C@]1(O)CC[C@H]2[C@@H]3CCC4=CCCC[C@@H]4[C@H]3CC[C@@]21C
,,norethindrone,C[C@]12CC[C@H]3[C@H]([C@@H]1CC[C@]2(C#C)O)CCC4=CC(=O)CC[C@H]34,,,,,,,,,1,C#C[C@]1(O)CC[C@H]2[C@@H]3CCC4=CC(=O)CC[C@@H]4[C@H]3CC[C@@]21C
,,Tandospirone,C1C[C@H]2C[C@@H]1[C@H]3[C@@H]2C(=O)N(C3=O)CCCCN4CCN(CC4)C5=NC=CC=N5,,,,,,,1,,1,O=C1[C@@H]2[C@H]3CC[C@H](C3)[C@@H]2C(=O)N1CCCCN1CCN(c2ncccn2)CC1
,,Mirodenafil,CCCC1=CN(C2=C1N=C(NC2=O)C3=C(C=CC(=C3)S(=O)(=O)N4CCN(CC4)CCO)OCCC)CC,,,,,,,,,1,CCCOc1ccc(S(=O)(=O)N2CCN(CCO)CC2)cc1-c1nc2c(CCC)cn(CC)c2c(=O)[nH]1
,,CJ-036878,C1=CC=C(C=C1)CCOC2=CC=CC(=C2)CNC(=O)C3=CC=C(C=C3)O,,,,,,,,,1,O=C(NCc1cccc(OCCc2ccccc2)c1)c1ccc(O)cc1
,,"CJ-11,972",CC(C)(C)C1=CC(=C(C=C1)OC)CN[C@@H]2[C@@H](N3CCC2CC3)C(C4=CC=CC=C4)C5=CC=CC=C5.C(C(=O)O)C(CC(=O)O)(C(=O)O)O.O,,,,,,,,,1,COc1ccc(C(C)(C)C)cc1CN[C@H]1C2CCN(CC2)[C@H]1C(c1ccccc1)c1ccccc1
,,BIIB021,CC1=CN=C(C(=C1OC)C)CN2C=NC3=C2N=C(N=C3Cl)N,0,0,,0,,1,0,,1,COc1c(C)cnc(Cn2cnc3c(Cl)nc(N)nc32)c1C
,,Encequidar(HM-30181),COC1=C(C=C2CN(CCC2=C1)CCC3=CC=C(C=C3)N4N=C(N=N4)C5=CC(=C(C=C5NC(=O)C6=CC(=O)C7=CC=CC=C7O6)OC)OC)OC,,,,,1,,,,1,COc1cc2c(cc1OC)CN(CCc1ccc(-n3nnc(-c4cc(OC)c(OC)cc4NC(=O)c4cc(=O)c5ccccc5o4)n3)cc1)CC2
,,benidipine,CC1=C([C@H](C(=C(N1)C)C(=O)O[C@@H]2CCCN(C2)CC3=CC=CC=C3)C4=CC(=CC=C4)[N+](=O)[O-])C(=O)OC,,,,,,,,,1,COC(=O)C1=C(C)NC(C)=C(C(=O)O[C@@H]2CCCN(Cc3ccccc3)C2)[C@@H]1c1cccc([N+](=O)[O-])c1
,,PHA-543613,C1CN2CCC1[C@H](C2)NC(=O)C3=NC=C4C(=C3)C=CO4,0,,,,0,0,1,,0,O=C(N[C@H]1CN2CCC1CC2)c1cc2ccoc2cn1
,,PHA-568487,C1CN2CCC1[C@H](C2)NC(=O)C3=CC4=C(C=C3)OCCO4,,,,,,,1,,,O=C(N[C@H]1CN2CCC1CC2)c1ccc2c(c1)OCCO2
,,bendamustine,CN1C2=C(C=C(C=C2)N(CCCl)CCCl)N=C1CCCC(=O)O,1,,,,,,,,,Cn1c(CCCC(=O)O)nc2cc(N(CCCl)CCCl)ccc21
,,CP-863187,CC(C)C1=NN=C2N1C=C(C=C2)C3=C(N=CO3)C4=C(C=CC(=C4)F)F,,,,,,,,,1,CC(C)c1nnc2ccc(-c3ocnc3-c3cc(F)ccc3F)cn12
,,Capravirine,CC(C)C1=C(N(C(=N1)COC(=O)N)CC2=CC=NC=C2)SC3=CC(=CC(=C3)Cl)Cl,,,,,,,,,1,CC(C)c1nc(COC(N)=O)n(Cc2ccncc2)c1Sc1cc(Cl)cc(Cl)c1
,,capravirine C23,CC(C)C1=C(N(C(=N1)COC(=O)N)CC2=CC=NC=C2)S(=O)C3=CC(=CC(=C3)Cl)Cl,,,,,,,,,1,CC(C)c1nc(COC(N)=O)n(Cc2ccncc2)c1S(=O)c1cc(Cl)cc(Cl)c1
,,capravirine C26,CC(C)C1=C(N(C(=N1)COC(=O)N)CC2=CC=[N+](C=C2)[O-])SC3=CC(=CC(=C3)Cl)Cl,,,,,,,,,1,CC(C)c1nc(COC(N)=O)n(Cc2cc[n+]([O-])cc2)c1Sc1cc(Cl)cc(Cl)c1
,,hydroxyebastine,CC(C)(CO)C1=CC=C(C=C1)C(=O)CCCN2CCC(CC2)OC(C3=CC=CC=C3)C4=CC=CC=C4,0,,0,0,,0,,0,1,CC(C)(CO)c1ccc(C(=O)CCCN2CCC(OC(c3ccccc3)c3ccccc3)CC2)cc1
,,carebastine,CC(C)(C1=CC=C(C=C1)C(=O)CCCN2CCC(CC2)OC(C3=CC=CC=C3)C4=CC=CC=C4)C(=O)O,0,0,0,0,0,0,0,0,1,CC(C)(C(=O)O)c1ccc(C(=O)CCCN2CCC(OC(c3ccccc3)c3ccccc3)CC2)cc1
,,BP-7,COC1=CC(=CC(=C1OC)OC)C2CC3=CC=CC=C3C4=C2C5=CC=CC=C5C(=N4)N,1,,,,,,1,,1,COc1cc(C2Cc3ccccc3-c3nc(N)c4ccccc4c32)cc(OC)c1OC
,,8-prenylnaringenin,CC(=CCC1=C2C(=C(C=C1O)O)C(=O)C[C@H](O2)C3=CC=C(C=C3)O)C,,,,1,,1,,,,CC(C)=CCc1c(O)cc(O)c2c1O[C@H](c1ccc(O)cc1)CC2=O
,,isoxanthohumol,CC(=CCC1=C2C(=C(C=C1O)OC)C(=O)CC(O2)C3=CC=C(C=C3)O)C,1,,,,,1,,,,COc1cc(O)c(CC=C(C)C)c2c1C(=O)CC(c1ccc(O)cc1)O2
,,lonafarnib,C1CN(CCC1CC(=O)N2CCC(CC2)[C@@H]3C4=C(CCC5=C3N=CC(=C5)Br)C=C(C=C4Br)Cl)C(=O)N,0,0,0,0,,0,0,0,1,NC(=O)N1CCC(CC(=O)N2CCC([C@H]3c4ncc(Br)cc4CCc4cc(Cl)cc(Br)c43)CC2)CC1
,,ET-743,CC1=CC2=C([C@@H]3[C@@H]4[C@H]5C6=C(C(=C7C(=C6[C@@H](N4[C@H]([C@H](C2)N3C)O)COC(=O)[C@@]8(CS5)C9=CC(=C(C=C9CCN8)O)OC)OCO7)C)OC(=O)C)C(=C1OC)O,,,,,1,1,1,1,1,COc1cc2c(cc1O)CCN[C@]21CS[C@@H]2c3c(OC(C)=O)c(C)c4c(c3[C@H](COC1=O)N1[C@@H]2[C@H]2c3c(cc(C)c(OC)c3O)C[C@@H]([C@@H]1O)N2C)OCO4
,,Ancriviroc(SCH 351125),CCO/N=C(/C1CCN(CC1)C2(CCN(CC2)C(=O)C3=C(C=C[N+](=C3C)[O-])C)C)\C4=CC=C(C=C4)Br,0,0,0,0,1,0,0,0,1,CCO/N=C(\c1ccc(Br)cc1)C1CCN(C2(C)CCN(C(=O)c3c(C)cc[n+]([O-])c3C)CC2)CC1
,,"FK228(FR901228, depsipeptide)",C/C=C\1/C(=O)N[C@H](C(=O)O[C@@H]\2CC(=O)N[C@@H](C(=O)N[C@H](CSSCC/C=C2)C(=O)N1)C(C)C)C(C)C,0,0,,0,0,,0,0,1,C/C=C1\NC(=O)[C@H]2CSSCC/C=C/[C@@H](CC(=O)N[C@H](C(C)C)C(=O)N2)OC(=O)[C@H](C(C)C)NC1=O
,,perospirone,C1CC[C@H]2[C@@H](C1)C(=O)N(C2=O)CCCCN3CCN(CC3)C4=NSC5=CC=CC=C54,,,,,,,,,1,O=C1[C@H]2CCCC[C@H]2C(=O)N1CCCCN1CCN(c2nsc3ccccc23)CC1
,,artemisinin,C[C@@H]1CC[C@H]2[C@H](C(=O)O[C@H]3[C@@]24[C@H]1CC[C@](O3)(OO4)C)C,,,1,,,,,,,C[C@@H]1CC[C@H]2[C@@H](C)C(=O)O[C@@H]3O[C@@]4(C)CC[C@@H]1[C@]32OO4
,,R-gallopamil,CC(C)[C@@](CCCN(C)CCC1=CC(=C(C=C1)OC)OC)(C#N)C2=CC(=C(C(=C2)OC)OC)OC,,,,1,,,1,,1,COc1ccc(CCN(C)CCC[C@](C#N)(c2cc(OC)c(OC)c(OC)c2)C(C)C)cc1OC
,,S-gallopamil,CC(C)[C@](CCCN(C)CCC1=CC(=C(C=C1)OC)OC)(C#N)C2=CC(=C(C(=C2)OC)OC)OC,,,,1,,,1,,1,COc1ccc(CCN(C)CCC[C@@](C#N)(c2cc(OC)c(OC)c(OC)c2)C(C)C)cc1OC
,,KNI-272,CC(C)(C)NC(=O)[C@@H]1CSCN1C(=O)[C@H]([C@H](CC2=CC=CC=C2)NC(=O)[C@H](CSC)NC(=O)COC3=CC=CC4=C3C=CN=C4)O,,,,,,,,,1,CSC[C@H](NC(=O)COc1cccc2cnccc12)C(=O)N[C@@H](Cc1ccccc1)[C@H](O)C(=O)N1CSC[C@H]1C(=O)NC(C)(C)C
,,RL3142,CN(C)C1=CC=C(C=C1)/C=C/C(=O)C2=CC=C(C=C2)N3C=CN=C3,,,,,,,,,1,CN(C)c1ccc(/C=C/C(=O)c2ccc(-n3ccnc3)cc2)cc1
,,methoxyflurane,COC(C(Cl)Cl)(F)F,,,,,,,,1,,COC(F)(F)C(Cl)Cl
,,sevoflurane,C(OC(C(F)(F)F)C(F)(F)F)F,,,,,,,,1,,FCOC(C(F)(F)F)C(F)(F)F
,,gamma-Tocopherol,CC1=C(C=C2CC[C@@](OC2=C1C)(C)CCC[C@H](C)CCC[C@H](C)CCCC(C)C)O,,,,,,,,,0,Cc1c(O)cc2c(c1C)O[C@](C)(CCC[C@H](C)CCC[C@H](C)CCCC(C)C)CC2
,,alpha-tocopherol,CC1=C(C2=C(CC[C@@](O2)(C)CCC[C@H](C)CCC[C@H](C)CCCC(C)C)C(=C1O)C)C,,,,,,,,,0,Cc1c(C)c2c(c(C)c1O)CC[C@@](C)(CCC[C@H](C)CCC[C@H](C)CCCC(C)C)O2
,,glibenclamide,COC1=C(C=C(C=C1)Cl)C(=O)NCCC2=CC=C(C=C2)S(=O)(=O)NC(=O)NC3CCCCC3,,,,,,,,,1,COc1ccc(Cl)cc1C(=O)NCCc1ccc(S(=O)(=O)NC(=O)NC2CCCCC2)cc1
,,oxatomide,C1CN(CCN1CCCN2C3=CC=CC=C3NC2=O)C(C4=CC=CC=C4)C5=CC=CC=C5,,,,,,,1,,1,O=c1[nH]c2ccccc2n1CCCN1CCN(C(c2ccccc2)c2ccccc2)CC1
,,Ethoxidine,CCOC1=CC2=C(C3=CC(=C(C=C31)OC)OC)[N+](=CC4=CC(=C(C=C42)OC)OC)C,0,,,0,0,0,0,,0,CCOc1cc2c3cc(OC)c(OC)cc3c[n+](C)c2c2cc(OC)c(OC)cc12
,,leflunomide,CC1=C(C=NO1)C(=O)NC2=CC=C(C=C2)C(F)(F)F,1,,,,,1,,,1,Cc1oncc1C(=O)Nc1ccc(C(F)(F)F)cc1
,,artesunate,C[C@@H]1CC[C@H]2[C@H]([C@@H](O[C@H]3[C@@]24[C@H]1CC[C@](O3)(OO4)C)OC(=O)CCC(=O)O)C,,1,,,,,,,,C[C@H]1[C@H](OC(=O)CCC(=O)O)O[C@@H]2O[C@@]3(C)CC[C@H]4[C@H](C)CC[C@@H]1[C@@]24OO3
,,pyrantel,CN1CCCN=C1/C=C/C2=CC=CS2,,,,,,,1,,,CN1CCCN=C1/C=C/c1cccs1
,,Huperzine A,C/C=C/1\[C@@H]2CC3=C([C@]1(CC(=C2)C)N)C=CC(=O)N3,1,,,,,,,,,C/C=C1\[C@H]2C=C(C)C[C@]1(N)c1ccc(=O)[nH]c1C2
,,chloroform,C(Cl)(Cl)Cl,,1,,,,,,1,,ClC(Cl)Cl
,,compound I,CC1(CC(CC(N1C)(C)C)NC2=NC(=C3C=CC(=O)N(C3=C2)C4=C(C=CC=C4Cl)Cl)C5=CC=CC=C5Cl)C,,0,0,0,0,0,0,,1,CN1C(C)(C)CC(Nc2cc3c(ccc(=O)n3-c3c(Cl)cccc3Cl)c(-c3ccccc3Cl)n2)CC1(C)C
,,compound II,CN(C(C)(C)C1)C(C)(C)CC1NC2=CC=C([N+]([O-])=O)C=C2,,,,,,,,,1,CN1C(C)(C)CC(Nc2ccc([N+](=O)[O-])cc2)CC1(C)C
,,compound III,CC1(CC(CC(N1C)(C)C)OC(C2=CC=CC=C2)C3=CC=CC=C3)C,,,0,0,,,0,0,1,CN1C(C)(C)CC(OC(c2ccccc2)c2ccccc2)CC1(C)C
,,NE-100,CCCN(CCC)CCC1=CC(=C(C=C1)OC)OCCC2=CC=CC=C2.Cl,1,0,0,0,1,1,1,0,1,CCCN(CCC)CCc1ccc(OC)c(OCCc2ccccc2)c1
,,Lubazodone(YM992),C1CC2=C(C=CC(=C2C1)F)OC[C@@H]3CNCCO3.Cl,1,,,0,0,1,1,,1,Fc1ccc(OC[C@@H]2CNCCO2)c2c1CCC2
,,Tipranavir,CCC[C@]1(CC(=C(C(=O)O1)[C@H](CC)C2=CC(=CC=C2)NS(=O)(=O)C3=NC=C(C=C3)C(F)(F)F)O)CCC4=CC=CC=C4,,,,,,,,,1,CCC[C@@]1(CCc2ccccc2)CC(O)=C([C@H](CC)c2cccc(NS(=O)(=O)c3ccc(C(F)(F)F)cn3)c2)C(=O)O1
,,Olanexidine,CCCCCCCCN=C(N)NC(=NCC1=CC(=C(C=C1)Cl)Cl)N,,,,,,,,,1,CCCCCCCCN=C(N)NC(N)=NCc1ccc(Cl)c(Cl)c1
,,Pexidartinib,C1=CC(=NC=C1CC2=CNC3=C2C=C(C=N3)Cl)NCC4=CN=C(C=C4)C(F)(F)F,,,,,,,,,1,FC(F)(F)c1ccc(CNc2ccc(Cc3c[nH]c4ncc(Cl)cc34)cn2)cn1
,,DPC 963,C1CC1C#C[C@]2(C3=C(C=CC(=C3F)F)NC(=O)N2)C(F)(F)F,,,,,,,,,1,O=C1Nc2ccc(F)c(F)c2[C@@](C#CC2CC2)(C(F)(F)F)N1
,,Banoxantrone(AQ4N),C[N+](C)(CCNC1=C2C(=C(C=C1)NCC[N+](C)(C)[O-])C(=O)C3=C(C=CC(=C3C2=O)O)O)[O-],,,,,,,,,1,C[N+](C)([O-])CCNc1ccc(NCC[N+](C)(C)[O-])c2c1C(=O)c1c(O)ccc(O)c1C2=O
,,Sunitinib,CCN(CC)CCNC(=O)C1=C(NC(=C1C)/C=C\2/C3=C(C=CC(=C3)F)NC2=O)C,1,,,,,,,,1,CCN(CC)CCNC(=O)c1c(C)[nH]c(/C=C2\C(=O)Nc3ccc(F)cc32)c1C
,,Lapatinib,CS(=O)(=O)CCNCC1=CC=C(O1)C2=CC3=C(C=C2)N=CN=C3NC4=CC(=C(C=C4)OCC5=CC(=CC=C5)F)Cl,,,,,,,,,1,CS(=O)(=O)CCNCc1ccc(-c2ccc3ncnc(Nc4ccc(OCc5cccc(F)c5)c(Cl)c4)c3c2)o1
,,Dabrafenib,CC(C)(C)C1=NC(=C(S1)C2=NC(=NC=C2)N)C3=C(C(=CC=C3)NS(=O)(=O)C4=C(C=CC=C4F)F)F,,,,1,,,,,1,CC(C)(C)c1nc(-c2cccc(NS(=O)(=O)c3c(F)cccc3F)c2F)c(-c2ccnc(N)n2)s1
,,hydroxy-dabrafenib,CC(C)(CO)C1=NC(=C(S1)C2=NC(=NC=C2)N)C3=C(C(=CC=C3)NS(=O)(=O)C4=C(C=CC=C4F)F)F,,,,,,,,,1,CC(C)(CO)c1nc(-c2cccc(NS(=O)(=O)c3c(F)cccc3F)c2F)c(-c2ccnc(N)n2)s1
,,Erlotinib,COCCOC1=C(C=C2C(=C1)C(=NC=N2)NC3=CC=CC(=C3)C#C)OCCOC,,,,,,,1,,1,C#Cc1cccc(Nc2ncnc3cc(OCCOC)c(OCCOC)cc23)c1
,,nemorubicin,C[C@H]1[C@H]([C@H](C[C@@H](O1)O[C@H]2C[C@@](CC3=C2C(=C4C(=C3O)C(=O)C5=C(C4=O)C(=CC=C5)OC)O)(C(=O)CO)O)N6CCO[C@@H](C6)OC)O,0,0,0,0,0,0,0,0,1,COc1cccc2c1C(=O)c1c(O)c3c(c(O)c1C2=O)C[C@@](O)(C(=O)CO)C[C@@H]3O[C@H]1C[C@H](N2CCO[C@H](OC)C2)[C@H](O)[C@H](C)O1
,,Compound 19S (MB07133),C1CO[P@](=O)(O[C@@H]1C2=CC=NC=C2)OC[C@@H]3[C@H]([C@@H]([C@@H](O3)N4C=CC(=NC4=O)N)O)O,,,,,,,,,1,Nc1ccn([C@@H]2O[C@H](CO[P@]3(=O)OCC[C@@H](c4ccncc4)O3)[C@@H](O)[C@@H]2O)c(=O)n1
,,Icotinib,C#CC1=CC(=CC=C1)NC2=NC=NC3=CC4=C(C=C32)OCCOCCOCCO4,,,0,,,,,,1,C#Cc1cccc(Nc2ncnc3cc4c(cc23)OCCOCCOCCO4)c1
,,Crizotinib,C[C@H](C1=C(C=CC(=C1Cl)F)Cl)OC2=C(N=CC(=C2)C3=CN(N=C3)C4CCNCC4)N,,,,,,,,,1,C[C@@H](Oc1cc(-c2cnn(C3CCNCC3)c2)cnc1N)c1c(Cl)ccc(F)c1Cl
,,Alectinib,CCC1=CC2=C(C=C1N3CCC(CC3)N4CCOCC4)C(C5=C(C2=O)C6=C(N5)C=C(C=C6)C#N)(C)C,,,,1,,,,,1,CCc1cc2c(cc1N1CCC(N3CCOCC3)CC1)C(C)(C)c1[nH]c3cc(C#N)ccc3c1C2=O
,,Alectinib M4,CCC1=CC2=C(C=C1N3CCC(CC3)NCCO)C(C4=C(C2=O)C5=C(N4)C=C(C=C5)C#N)(C)C,0,,0,,0,,0,0,1,CCc1cc2c(cc1N1CCC(NCCO)CC1)C(C)(C)c1[nH]c3cc(C#N)ccc3c1C2=O
,,Entrectinib,CN1CCN(CC1)C2=CC(=C(C=C2)C(=O)NC3=NNC4=C3C=C(C=C4)CC5=CC(=CC(=C5)F)F)NC6CCOCC6,,,,,,,,,1,CN1CCN(c2ccc(C(=O)Nc3n[nH]c4ccc(Cc5cc(F)cc(F)c5)cc34)c(NC3CCOCC3)c2)CC1
,,Exemestane,C[C@]12CC[C@H]3[C@H]([C@@H]1CCC2=O)CC(=C)C4=CC(=O)C=C[C@]34C,,1,1,,,,,,1,C=C1C[C@@H]2[C@H](CC[C@]3(C)C(=O)CC[C@@H]23)[C@@]2(C)C=CC(=O)C=C12
,,Vindesine,CC[C@@]1(C[C@@H]2C[C@@](C3=C(CCN(C2)C1)C4=CC=CC=C4N3)(C5=C(C=C6C(=C5)[C@]78CCN9[C@H]7[C@@](C=CC9)([C@H]([C@@]([C@@H]8N6C)(C(=O)N)O)O)CC)OC)C(=O)OC)O,,,,,,,,,1,CC[C@]1(O)C[C@H]2CN(CCc3c([nH]c4ccccc34)[C@@](C(=O)OC)(c3cc4c(cc3OC)N(C)[C@H]3[C@@](O)(C(N)=O)[C@H](O)[C@]5(CC)C=CCN6CC[C@]43[C@@H]65)C2)C1
,,Nilotinib,CC1=C(C=C(C=C1)C(=O)NC2=CC(=CC(=C2)C(F)(F)F)N3C=C(N=C3)C)NC4=NC=CC(=N4)C5=CN=CC=C5,,,,,,,,,1,Cc1cn(-c2cc(NC(=O)c3ccc(C)c(Nc4nccc(-c5cccnc5)n4)c3)cc(C(F)(F)F)c2)cn1
,,Vemurafenib,CCCS(=O)(=O)NC1=C(C(=C(C=C1)F)C(=O)C2=CNC3=C2C=C(C=N3)C4=CC=C(C=C4)Cl)F,,,,,,,,,1,CCCS(=O)(=O)Nc1ccc(F)c(C(=O)c2c[nH]c3ncc(-c4ccc(Cl)cc4)cc23)c1F
,,Bosutinib,CN1CCN(CC1)CCCOC2=C(C=C3C(=C2)N=CC(=C3NC4=CC(=C(C=C4Cl)Cl)OC)C#N)OC,,,,,,,,,1,COc1cc(Nc2c(C#N)cnc3cc(OCCCN4CCN(C)CC4)c(OC)cc23)c(Cl)cc1Cl
,,Lenvatinib,COC1=CC2=NC=CC(=C2C=C1C(=O)N)OC3=CC(=C(C=C3)NC(=O)NC4CC4)Cl,,,,,,,,,1,COc1cc2nccc(Oc3ccc(NC(=O)NC4CC4)c(Cl)c3)c2cc1C(N)=O
,,Axitinib,CNC(=O)C1=CC=CC=C1SC2=CC3=C(C=C2)C(=NN3)/C=C/C4=CC=CC=N4,,,0,,,,,,1,CNC(=O)c1ccccc1Sc1ccc2c(/C=C/c3ccccn3)n[nH]c2c1
,,Pazopanib,CC1=C(C=C(C=C1)NC2=NC=CC(=N2)N(C)C3=CC4=NN(C(=C4C=C3)C)C)S(=O)(=O)N,,,,,,,,,1,Cc1ccc(Nc2nccc(N(C)c3ccc4c(C)n(C)nc4c3)n2)cc1S(N)(=O)=O
,,Pralsetinib,CC1=CC(=NN1)NC2=NC(=NC(=C2)C)C3CCC(CC3)(C(=O)N[C@@H](C)C4=CN=C(C=C4)N5C=C(C=N5)F)OC,,,,,,,,,0,COC1(C(=O)N[C@@H](C)c2ccc(-n3cc(F)cn3)nc2)CCC(c2nc(C)cc(Nc3cc(C)[nH]n3)n2)CC1
,,PROTAC 5,CC1=C(C)C(C(C2=CC=C(Cl)C=C2)=N[C@@H](CC(NCCOCCOCCNC3=CC=CC(C(N4C5C(NC(CC5)=O)=O)=O)=C3C4=O)=O)C6=NN=C(C)N67)=C7S1,,,,,,,,,1,Cc1sc2c(c1C)C(c1ccc(Cl)cc1)=N[C@@H](CC(=O)NCCOCCOCCNc1cccc3c1C(=O)N(C1CCC(=O)NC1=O)C3=O)c1nnc(C)n1-2
,,PROTAC 15,ClC1=CC=CC(NC2=NC(C=C(C(NCCOCCOCCNC3=CC=CC(C(N4C5C(NC(CC5)=O)=O)=O)=C3C4=O)=O)C=C6)=C6C7=C2C=CN=C7)=C1,,,,,,,,,1,O=C1CCC(N2C(=O)c3cccc(NCCOCCOCCNC(=O)c4ccc5c(c4)nc(Nc4cccc(Cl)c4)c4ccncc45)c3C2=O)C(=O)N1
,,PROTAC 29,O=C1N(C2C(NC(CC2)=O)=O)C(C3=C1C(NCCCCCCNC(COC4=C(F)C(F)=CC=C4C5=CSC(N6CCOCC6)=N5)=O)=CC=C3)=O,,,,,,,,,1,O=C(COc1c(-c2csc(N3CCOCC3)n2)ccc(F)c1F)NCCCCCCNc1cccc2c1C(=O)N(C1CCC(=O)NC1=O)C2=O
,,PROTAC 31,O=C(COC1=C(F)C(F)=CC=C1C2=CSC(N3CCOCC3)=N2)NCCOCCOCCNC4=CC=CC(C(N5C6C(NC(CC6)=O)=O)=O)=C4C5=O,,,,,,,,,1,O=C(COc1c(-c2csc(N3CCOCC3)n2)ccc(F)c1F)NCCOCCOCCNc1cccc2c1C(=O)N(C1CCC(=O)NC1=O)C2=O
,,tryptamine,C1=CC=C2C(=C1)C(=CN2)CCN,0,0,0,,0,0,0,0,0,NCCc1c[nH]c2ccccc12
,,bufotenine,CN(C)CCC1=CNC2=C1C=C(C=C2)O,,,,,,,1,,,CN(C)CCc1c[nH]c2ccc(O)cc12
,,5-MeO-DMT,CN(C)CCC1=CNC2=C1C=C(C=C2)OC,,,,,,,1,,,COc1ccc2[nH]cc(CCN(C)C)c2c1
,,allopregnanolone,CC(=O)[C@H]1CC[C@@H]2[C@@]1(CC[C@H]3[C@H]2CC[C@@H]4[C@@]3(CC[C@H](C4)O)C)C,,,,,,,1,,,CC(=O)[C@H]1CC[C@H]2[C@@H]3CC[C@H]4C[C@H](O)CC[C@]4(C)[C@H]3CC[C@]12C
,,Epiandrosterone,C[C@]12CC[C@@H](C[C@@H]1CC[C@@H]3[C@@H]2CC[C@]4([C@H]3CCC4=O)C)O,,,,,,,,,1,C[C@]12CC[C@H](O)C[C@@H]1CC[C@@H]1[C@@H]2CC[C@]2(C)C(=O)CC[C@@H]12
,,isoflurane,C(C(F)(F)F)(OC(F)F)Cl,,,,,,,,1,,FC(F)OC(Cl)C(F)(F)F
,,desflurane,C(C(F)(F)F)(OC(F)F)F,,,,,,,,1,,FC(F)OC(F)C(F)(F)F
,,naloxone,C=CCN1CC[C@]23[C@@H]4C(=O)CC[C@]2([C@H]1CC5=C3C(=C(C=C5)O)O4)O,0,0,,,,1,,0,1,C=CCN1CC[C@]23c4c5ccc(O)c4O[C@H]2C(=O)CC[C@@]3(O)[C@H]1C5
,,Dimemorfan,CC1=CC2=C(C[C@H]3[C@@H]4[C@]2(CCCC4)CCN3C)C=C1,0,0,,,,,1,0,,Cc1ccc2c(c1)[C@]13CCCC[C@@H]1[C@H](C2)N(C)CC3
,,disulfiram,CCN(CC)C(=S)SSC(=S)N(CC)CC,,,1,,,,,,,CCN(CC)C(=S)SSC(=S)N(CC)CC
,,Promethazine,CC(CN1C2=CC=CC=C2SC3=CC=CC=C31)N(C)C,,0,1,,0,0,1,0,0,CC(CN1c2ccccc2Sc2ccccc21)N(C)C
,,YM17E,CN(C)C1=CC=C(C=C1)NC(=O)N(CC2=CC(=CC=C2)CN(C3CCCCCC3)C(=O)NC4=CC=C(C=C4)N(C)C)C5CCCCCC5.Cl.Cl,1,,,,,,1,,1,CN(C)c1ccc(NC(=O)N(Cc2cccc(CN(C(=O)Nc3ccc(N(C)C)cc3)C3CCCCCC3)c2)C2CCCCCC2)cc1
,,trans-bromuconazole,C1[C@H](CO[C@@]1(CN2C=NC=N2)C3=C(C=C(C=C3)Cl)Cl)Br,,,,,,,,,1,Clc1ccc([C@@]2(Cn3cncn3)C[C@@H](Br)CO2)c(Cl)c1
,,propiconazole,CCCC1COC(O1)(CN2C=NC=N2)C3=C(C=C(C=C3)Cl)Cl,,,,,,,,,1,CCCC1COC(Cn2cncn2)(c2ccc(Cl)cc2Cl)O1
,,triadimefon,CC(C)(C)C(=O)C(N1C=NC=N1)OC2=CC=C(C=C2)Cl,,,,,,,,,0,CC(C)(C)C(=O)C(Oc1ccc(Cl)cc1)n1cncn1
,,myclobutanil,CCCCC(CN1C=NC=N1)(C#N)C2=CC=C(C=C2)Cl,,,,,,,,,1,CCCCC(C#N)(Cn1cncn1)c1ccc(Cl)cc1
,,hexaconazole,CCCCC(CN1C=NC=N1)(C2=C(C=C(C=C2)Cl)Cl)O,,,,,,,,,1,CCCCC(O)(Cn1cncn1)c1ccc(Cl)cc1Cl
,,triticonazole,CC1(CC/C(=C\C2=CC=C(C=C2)Cl)/C1(CN3C=NC=N3)O)C,,,,,,,,,1,CC1(C)CC/C(=C\c2ccc(Cl)cc2)C1(O)Cn1cncn1
,,epoxiconazole,C1=CC=C(C(=C1)[C@@H]2[C@@](O2)(CN3C=NC=N3)C4=CC=C(C=C4)F)Cl,,,,,,,,,0,Fc1ccc([C@@]2(Cn3cncn3)O[C@@H]2c2ccccc2Cl)cc1
,,metconazole,CC1(CCC(C1(CN2C=NC=N2)O)CC3=CC=C(C=C3)Cl)C,,,,,,,,,1,CC1(C)CCC(Cc2ccc(Cl)cc2)C1(O)Cn1cncn1
,,diniconazole,CC(C)(C)C(/C(=C\C1=C(C=C(C=C1)Cl)Cl)/N2C=NC=N2)O,,,,,,,,,1,CC(C)(C)C(O)/C(=C\c1ccc(Cl)cc1Cl)n1cncn1
,,fenbuconazole,C1=CC=C(C=C1)C(CCC2=CC=C(C=C2)Cl)(CN3C=NC=N3)C#N,,,,,,,,,1,N#CC(CCc1ccc(Cl)cc1)(Cn1cncn1)c1ccccc1
,,uniconazole,CC(C)(C)C(/C(=C\C1=CC=C(C=C1)Cl)/N2C=NC=N2)O,,,,,,,,,1,CC(C)(C)C(O)/C(=C\c1ccc(Cl)cc1)n1cncn1
,,paclobutrazole,CC(C)(C)C(C(CC1=CC=C(C=C1)Cl)N2C=NC=N2)O,,,,,,,,,1,CC(C)(C)C(O)C(Cc1ccc(Cl)cc1)n1cncn1
,,ipconazole,CC(C)C1CCC(C1(CN2C=NC=N2)O)CC3=CC=C(C=C3)Cl,,,,,,,,,1,CC(C)C1CCC(Cc2ccc(Cl)cc2)C1(O)Cn1cncn1
,,analogue 1,C1=CC(=CC=C1C2=CC(=NN2C3=CC=C(C=C3)C(=O)O)C(F)(F)F)C(F)(F)F,,,,,0,,,,,O=C(O)c1ccc(-n2nc(C(F)(F)F)cc2-c2ccc(C(F)(F)F)cc2)cc1
,,analogue 2,CC1=CC=C(C=C1)C2=CC(=NN2C3=CC=C(C=C3)C(=O)O)C(F)(F)F,,,,,1,,,,,Cc1ccc(-c2cc(C(F)(F)F)nn2-c2ccc(C(=O)O)cc2)cc1
,,analogue 3,CC1=CC=C(C=C1)C2=CC(=NN2C3=CC=C(C=C3)S(=O)(=O)N)C4=CC=CC=C4,,,,,1,,,,,Cc1ccc(-c2cc(-c3ccccc3)nn2-c2ccc(S(N)(=O)=O)cc2)cc1
,,analogue 4,CC1=CC=C(C=C1)C2=CC(=NN2C3=CC=C(C=C3)SC)C(F)(F)F,,,,,1,,,,,CSc1ccc(-n2nc(C(F)(F)F)cc2-c2ccc(C)cc2)cc1
,,analogue 5,CC1=CC=C(C=C1)C2=CC(=NN2C3=CC=C(C=C3)S(=O)C)C(F)(F)F,,,,,1,,,,,Cc1ccc(-c2cc(C(F)(F)F)nn2-c2ccc(S(C)=O)cc2)cc1
,,analogue 6,CC1=CC=C(C=C1)C2=CC(=NN2C3=CC=C(C=C3)S(=O)(=O)C)C(F)(F)F,,,,,1,,,,,Cc1ccc(-c2cc(C(F)(F)F)nn2-c2ccc(S(C)(=O)=O)cc2)cc1
,,analogue 7,CCOC(=O)C1=CC=C(C=C1)N2C(=CC(=N2)C(F)(F)F)C3=CC=C(C=C3)C(F)(F)F,,,,,0,,,,,CCOC(=O)c1ccc(-n2nc(C(F)(F)F)cc2-c2ccc(C(F)(F)F)cc2)cc1
,,analogue 8,CCOC(=O)C1=CC=C(C=C1)N2C(=CC(=N2)C(F)(F)F)C3=CC=C(C=C3)C,,,,,1,,,,,CCOC(=O)c1ccc(-n2nc(C(F)(F)F)cc2-c2ccc(C)cc2)cc1
,,analogue 9,C1=CC(=CC=C1C2=CC(=NN2C3=CC=C(C=C3)S(=O)(=O)N)C(F)(F)F)C(F)(F)F,,,,,0,,,,,NS(=O)(=O)c1ccc(-n2nc(C(F)(F)F)cc2-c2ccc(C(F)(F)F)cc2)cc1
,,analogue 10,CC1=CC=C(C=C1)C2=CC(=NN2C3=CC=C(C=C3)C)C(F)(F)F,,,,,1,,,,,Cc1ccc(-c2cc(C(F)(F)F)nn2-c2ccc(C)cc2)cc1
,,analogue 11,C1=CC(=CC=C1CC(=O)O)N2C(=CC(=N2)C(F)(F)F)C3=CC=C(C=C3)C(F)(F)F,,,,,0,,,,,O=C(O)Cc1ccc(-n2nc(C(F)(F)F)cc2-c2ccc(C(F)(F)F)cc2)cc1
,,analogue 12,CC1=CC=C(C=C1)C2=CC(=NN2C3=CC=C(C=C3)CC(=O)O)C(F)(F)F,,,,,1,,,,,Cc1ccc(-c2cc(C(F)(F)F)nn2-c2ccc(CC(=O)O)cc2)cc1
,,analogue 13c,CC1=CC=C(C=C1)C2=CC(=NN2C3=CC=C(C=C3)S(=O)(=O)N)C(=O)O,,,,,1,,,,,Cc1ccc(-c2cc(C(=O)O)nn2-c2ccc(S(N)(=O)=O)cc2)cc1
,,2-oxo-ticlopidine,C1CN(CC2=CC(=O)SC21)CC3=CC=CC=C3Cl,1,,1,,,1,1,0,1,O=C1C=C2CN(Cc3ccccc3Cl)CCC2S1
,,Azinphos-methyl,COP(=S)(OC)SCN1C(=O)C2=CC=CC=C2N=N1,1,,1,,,1,,,,COP(=S)(OC)SCn1nnc2ccccc2c1=O
,,nonane,CCCCCCCCC,1,0,1,0,0,0,0,1,0,CCCCCCCCC
,,2-Nonanol,CCCCCCCC(C)O,0,,1,,,,,1,,CCCCCCCC(C)O
,,theobromine derivative 7,O=C(C1=C(N2C)N=CN1C)N(CCC(CC)C)C2=O,,,,,,,,,1,CCC(C)CCn1c(=O)c2c(ncn2C)n(C)c1=O
,,theobromine derivative 2,CCCN1C(=O)C2=C(N=CN2C)N(C1=O)C,,,,,,,,,0,CCCn1c(=O)c2c(ncn2C)n(C)c1=O
,,theobromine derivative 3,CCCCN1C(=O)C2=C(N=CN2C)N(C1=O)C,,,,,,,,,0,CCCCn1c(=O)c2c(ncn2C)n(C)c1=O
,,theobromine derivative 9,CN1C=NC2=C1C(=O)N(C(=O)N2C)CC3CCCO3,,,,,,,,,1,Cn1cnc2c1c(=O)n(CC1CCCO1)c(=O)n2C
,,theobromine derivative 13,CN1C=NC2=C1C(=O)N(C(=O)N2C)CCCC=C,,,,,,,,,1,C=CCCCn1c(=O)c2c(ncn2C)n(C)c1=O
,,theobromine derivative 5,CCCCCCN1C(=O)C2=C(N=CN2C)N(C1=O)C,,,,,,,,,1,CCCCCCn1c(=O)c2c(ncn2C)n(C)c1=O
,,Cyclohexene,C1CCC=CC1,,,,,,,,1,,C1=CCCCC1
,,cis-2-butene,C/C=C\C,,,,,,,,1,,C/C=C\C
,,trans-2-butene,C/C=C/C,,,,,,,,1,,C/C=C/C
,,N-desmethyldiltiazem,CC(=O)O[C@@H]1[C@@H](SC2=CC=CC=C2N(C1=O)CCNC)C3=CC=C(C=C3)OC,,,,,,,,,1,CNCCN1C(=O)[C@H](OC(C)=O)[C@H](c2ccc(OC)cc2)Sc2ccccc21
,,Deoxyschizandrin,CC1CC2=CC(=C(C(=C2C3=C(C(=C(C=C3CC1C)OC)OC)OC)OC)OC)OC,0,0,0,0,0,0,0,0,1,COc1cc2c(c(OC)c1OC)-c1c(cc(OC)c(OC)c1OC)CC(C)C(C)C2
,,1-alpha-hydroxy-vitamin D2,C[C@H](/C=C/[C@H](C)C(C)C)[C@H]1CC[C@@H]\2[C@@]1(CCC/C2=C\C=C/3\C[C@H](C[C@@H](C3=C)O)O)C,,,,,,,,,1,C=C1/C(=C\C=C2/CCC[C@]3(C)[C@@H]([C@H](C)/C=C/[C@H](C)C(C)C)CC[C@@H]23)C[C@@H](O)C[C@@H]1O
,,1-alpha-hydroxy-vitamin D3,C[C@H](CCCC(C)C)[C@H]1CC[C@@H]\2[C@@]1(CCC/C2=C\C=C/3\C[C@H](C[C@@H](C3=C)O)O)C,,,,,,,,,1,C=C1/C(=C\C=C2/CCC[C@]3(C)[C@@H]([C@H](C)CCCC(C)C)CC[C@@H]23)C[C@@H](O)C[C@@H]1O
,,trans-Stilbene,C1=CC=C(C=C1)/C=C/C2=CC=CC=C2,1,0,0,,0,,1,0,0,C(=C/c1ccccc1)\c1ccccc1
,,tert_butyl_propranolol,CC(NCC(O)COC1=CC=CC2=CC=CC=C12)C(C)(C)C,,,,,,,1,,,CC(NCC(O)COc1cccc2ccccc12)C(C)(C)C
,,deshydroxy_propranolol,CC(C)NCCCOC1=CC=CC2=CC=CC=C12,,,,,,,1,,,CC(C)NCCCOc1cccc2ccccc12
,,deshydroxy_trifluoro_propranolol,CC(NCCCOC1=CC=CC2=CC=CC=C12)C(F)(F)F,,,,,,,1,,,CC(NCCCOc1cccc2ccccc12)C(F)(F)F
,,difluoro_propranolol,CC(NCC(O)COC1=CC=CC2=CC=CC=C12)C(F)F,,,,,,,1,,,CC(NCC(O)COc1cccc2ccccc12)C(F)F
,,fluoro_propranolol,CC(CF)NCC(O)COC1=CC=CC2=CC=CC=C12,,,,,,,1,,,CC(CF)NCC(O)COc1cccc2ccccc12
,,isopropyl_propranolol,CC(C)C(C)NCC(O)COC1=CC=CC2=CC=CC=C12,,,,,,,1,,,CC(C)C(C)NCC(O)COc1cccc2ccccc12
,,N_trifluoro_ethyl_desisopropyl_propranolol,OC(CNCC(F)(F)F)COC1=CC=CC2=CC=CC=C12,,,,,,,1,,,OC(CNCC(F)(F)F)COc1cccc2ccccc12
,,trifluoro_propranolol,CC(NCC(O)COC1=CC=CC2=CC=CC=C12)C(F)(F)F,,,,,,,1,,,CC(NCC(O)COc1cccc2ccccc12)C(F)(F)F
,,linalool,CC(=CCCC(C)(C=C)O)C,,,,,,1,1,,,C=CC(C)(O)CCC=C(C)C
,,alosetron,CC1=C(N=CN1)CN2CCC3=C(C2=O)C4=CC=CC=C4N3C,1,,,,1,1,1,,1,Cc1[nH]cnc1CN1CCc2c(c3ccccc3n2C)C1=O
,,GR 87442,CC1=C(N=CN1)CN2CCC3=C(C2=O)C4=C(N3C)C(=CC=C4)F,1,,,,1,1,1,,1,Cc1[nH]cnc1CN1CCc2c(c3cccc(F)c3n2C)C1=O
,,Bromazepam,C1C(=O)NC2=C(C=C(C=C2)Br)C(=N1)C3=CC=CC=N3,1,,,,,,1,,,O=C1CN=C(c2ccccn2)c2cc(Br)ccc2N1
,,bromperidol,C1CN(CCC1(C2=CC=C(C=C2)Br)O)CCCC(=O)C3=CC=C(C=C3)F,,,,,,,,,1,O=C(CCCN1CCC(O)(c2ccc(Br)cc2)CC1)c1ccc(F)cc1
,,Dimethoate,CNC(=O)CSP(=S)(OC)OC,1,,,,,1,0,,1,CNC(=O)CSP(=S)(OC)OC
,,fenthion,CC1=C(C=CC(=C1)OP(=S)(OC)OC)SC,1,,1,,1,1,,,1,COP(=S)(OC)Oc1ccc(SC)c(C)c1
,,Nimodipine,CC1=C(C(C(=C(N1)C)C(=O)OC(C)C)C2=CC(=CC=C2)[N+](=O)[O-])C(=O)OCCOC,,,,,,,,,1,COCCOC(=O)C1=C(C)NC(C)=C(C(=O)OC(C)C)C1c1cccc([N+](=O)[O-])c1
,,paraxanthine,CN1C=NC2=C1C(=O)N(C(=O)N2)C,1,1,,,,,,,,Cn1c(=O)[nH]c2ncn(C)c2c1=O
,,rofecoxib,CS(=O)(=O)C1=CC=C(C=C1)C2=C(C(=O)OC2)C3=CC=CC=C3,1,,,,,1,1,,1,CS(=O)(=O)c1ccc(C2=C(c3ccccc3)C(=O)OC2)cc1
,,Fenitrothion,CC1=C(C=CC(=C1)OP(=S)(OC)OC)[N+](=O)[O-],,,1,,,,,,,COP(=S)(OC)Oc1ccc([N+](=O)[O-])c(C)c1
,,Simazine,CCNC1=NC(=NC(=N1)Cl)NCC,1,1,,,,1,1,,,CCNc1nc(Cl)nc(NCC)n1
,,Chlorsulfuron,CC1=NC(=NC(=N1)OC)NC(=O)NS(=O)(=O)C2=CC=CC=C2Cl,,,,,,1,,,,COc1nc(C)nc(NC(=O)NS(=O)(=O)c2ccccc2Cl)n1
,,Imazaquin,CC(C)C1(C(=O)NC(=N1)C2=NC3=CC=CC=C3C=C2C(=O)O)C,1,,,,,,,,,CC(C)C1(C)N=C(c2nc3ccccc3cc2C(=O)O)NC1=O
,,Pyriminobac-methyl,C/C(=N\OC)/C1=C(C(=CC=C1)OC2=NC(=CC(=N2)OC)OC)C(=O)OC,1,,,,,1,,,1,CO/N=C(\C)c1cccc(Oc2nc(OC)cc(OC)n2)c1C(=O)OC
,,Chloridazon,C1=CC=C(C=C1)N2C(=O)C(=C(C=N2)N)Cl,,,1,,,,,,,Nc1cnn(-c2ccccc2)c(=O)c1Cl
,,Chlortoluron,CC1=C(C=C(C=C1)NC(=O)N(C)C)Cl,1,,,,,1,,,,Cc1ccc(NC(=O)N(C)C)cc1Cl
,,Methabenzthiazuron,CNC(=O)N(C)C1=NC2=CC=CC=C2S1,1,,,,,1,,,,CNC(=O)N(C)c1nc2ccccc2s1
,,Simetryn,CCNC1=NC(=NC(=N1)SC)NCC,1,,,,1,1,,,,CCNc1nc(NCC)nc(SC)n1
,,Norflurazon,CNC1=C(C(=O)N(N=C1)C2=CC=CC(=C2)C(F)(F)F)Cl,1,,,,,1,,,,CNc1cnn(-c2cccc(C(F)(F)F)c2)c(=O)c1Cl
,,Benfuresate,CCS(=O)(=O)OC1=CC2=C(C=C1)OCC2(C)C,1,,1,,,1,,,,CCS(=O)(=O)Oc1ccc2c(c1)C(C)(C)CO2
,,Esprocarb,CCN(C(C)C(C)C)C(=O)SCC1=CC=CC=C1,1,,1,,,1,,,1,CCN(C(=O)SCc1ccccc1)C(C)C(C)C
,,Ethofumesate,CCOC1C(C2=C(O1)C=CC(=C2)OS(=O)(=O)C)(C)C,,,1,,,1,,,,CCOC1Oc2ccc(OS(C)(=O)=O)cc2C1(C)C
,,Isoxaben,CCC(C)(CC)C1=NOC(=C1)NC(=O)C2=C(C=CC=C2OC)OC,,,,,,,,,1,CCC(C)(CC)c1cc(NC(=O)c2c(OC)cccc2OC)on1
,,Mefenacet,CN(C1=CC=CC=C1)C(=O)COC2=NC3=CC=CC=C3S2,1,,,,,1,,,,CN(C(=O)COc1nc2ccccc2s1)c1ccccc1
,,Pyributicarb,CC(C)(C)C1=CC(=CC=C1)OC(=S)N(C)C2=NC(=CC=C2)OC,,,,,,1,,,,COc1cccc(N(C)C(=S)Oc2cccc(C(C)(C)C)c2)n1
,,hexachlorobenzene,C1(=C(C(=C(C(=C1Cl)Cl)Cl)Cl)Cl)Cl,,,,,,,,,1,Clc1c(Cl)c(Cl)c(Cl)c(Cl)c1Cl
,,Pentachlorobenzene,C1=C(C(=C(C(=C1Cl)Cl)Cl)Cl)Cl,,,,,,,,,1,Clc1cc(Cl)c(Cl)c(Cl)c1Cl
,,Pentachlorophenol,C1(=C(C(=C(C(=C1Cl)Cl)Cl)Cl)Cl)O,,,,,,,,,1,Oc1c(Cl)c(Cl)c(Cl)c(Cl)c1Cl
,,"2,4-dichlorophenol",C1=CC(=C(C=C1Cl)Cl)O,,,,,,,,,1,Oc1ccc(Cl)cc1Cl
,,"2,2',3,4',6-Pentachlorobiphenyl(PCB 91)",C1=CC(=C(C=C1Cl)Cl)C2=C(C=CC(=C2Cl)Cl)Cl,0,1,1,,,,,,0,Clc1ccc(-c2c(Cl)ccc(Cl)c2Cl)c(Cl)c1
,,"2,2',3,5',6-Pentachlorobiphenyl(PCB 95)",C1=CC(=C(C=C1Cl)C2=C(C=CC(=C2Cl)Cl)Cl)Cl,0,1,,,,,,,0,Clc1ccc(Cl)c(-c2c(Cl)ccc(Cl)c2Cl)c1
,,"2,2',3,3',4,6'-Hexachlorobiphenyl(PCB132)",C1=CC(=C(C(=C1C2=C(C=CC(=C2Cl)Cl)Cl)Cl)Cl)Cl,0,1,,,,,,,0,Clc1ccc(-c2c(Cl)ccc(Cl)c2Cl)c(Cl)c1Cl
,,"2,2',3,3',6,6'-hexachlorobiphenyl(PCB136)",C1=CC(=C(C(=C1Cl)C2=C(C=CC(=C2Cl)Cl)Cl)Cl)Cl,0,1,,,,,,,0,Clc1ccc(Cl)c(-c2c(Cl)ccc(Cl)c2Cl)c1Cl
,,Diazinon,CCOP(=S)(OCC)OC1=NC(=NC(=C1)C)C(C)C,1,,,,1,1,1,,1,CCOP(=S)(OCC)Oc1cc(C)nc(C(C)C)n1
,,menthol,CC1CCC(C(C1)O)C(C)C,0,1,0,0,0,0,0,0,0,CC1CCC(C(C)C)C(O)C1
,,metalaxyl,CC1=C(C(=CC=C1)C)N([C@H](C)C(=O)OC)C(=O)COC,0,0,1,0,0,0,0,0,1,COCC(=O)N(c1c(C)cccc1C)[C@H](C)C(=O)OC
,,Demethylmetalaxyl III,CC1=C(C(=CC=C1)C)N([C@H](C)C(=O)O)C(=O)COC,,,1,,,,,,,COCC(=O)N(c1c(C)cccc1C)[C@H](C)C(=O)O
,,Demethylmetalaxyl IV,CC1=C(C(=CC=C1)C)N([C@H](C)C(=O)OC)C(=O)CO,,,1,,,,,,,COC(=O)[C@@H](C)N(C(=O)CO)c1c(C)cccc1C
,,Didemethylmetalaxyl,CC1=C(C(=CC=C1)C)N([C@H](C)C(=O)O)C(=O)CO,,,1,,,,,,,Cc1cccc(C)c1N(C(=O)CO)[C@H](C)C(=O)O
,,Paroxetine,C1CNC[C@H]([C@@H]1C2=CC=C(C=C2)F)COC3=CC4=C(C=C3)OCO4,,,,,,,1,,,Fc1ccc([C@@H]2CCNC[C@H]2COc2ccc3c(c2)OCO3)cc1
,,Bifenthrin,CC1=C(C=CC=C1C2=CC=CC=C2)COC(=O)[C@@H]3[C@@H](C3(C)C)/C=C(/C(F)(F)F)\Cl,,,,,1,1,,,,Cc1c(COC(=O)[C@@H]2[C@H](/C=C(\Cl)C(F)(F)F)C2(C)C)cccc1-c1ccccc1
,,S-Bioallethrin,CC1=C(C(=O)C[C@@H]1OC(=O)[C@@H]2[C@H](C2(C)C)C=C(C)C)CC=C,,,,1,,1,,,,C=CCC1=C(C)[C@@H](OC(=O)[C@@H]2[C@@H](C=C(C)C)C2(C)C)CC1=O
,,Bioresmethrin,CC(=C[C@@H]1[C@H](C1(C)C)C(=O)OCC2=COC(=C2)CC3=CC=CC=C3)C,1,,1,1,1,1,,,,CC(C)=C[C@@H]1[C@@H](C(=O)OCc2coc(Cc3ccccc3)c2)C1(C)C
,,beta-Cyfluthrin,CC1([C@H](C1C=C(Cl)Cl)C(=O)O[C@@H](C#N)C2=CC(=C(C=C2)F)OC3=CC=CC=C3)C,1,,,1,1,1,,,1,CC1(C)C(C=C(Cl)Cl)[C@@H]1C(=O)O[C@@H](C#N)c1ccc(F)c(Oc2ccccc2)c1
,,Lambda-Cyhalothrin,CC1([C@@H]([C@@H]1C(=O)O[C@@H](C#N)C2=CC(=CC=C2)OC3=CC=CC=C3)/C=C(/C(F)(F)F)\Cl)C,,,,,,1,,,1,CC1(C)[C@H](/C=C(\Cl)C(F)(F)F)[C@@H]1C(=O)O[C@@H](C#N)c1cccc(Oc2ccccc2)c1
,,Cypermethrin,CC1(C(C1C(=O)OC(C#N)C2=CC(=CC=C2)OC3=CC=CC=C3)C=C(Cl)Cl)C,1,,,1,,1,,,1,CC1(C)C(C=C(Cl)Cl)C1C(=O)OC(C#N)c1cccc(Oc2ccccc2)c1
,,cis-Permethrin,CC1([C@H]([C@H]1C(=O)OCC2=CC(=CC=C2)OC3=CC=CC=C3)C=C(Cl)Cl)C,1,,,,1,1,,,1,CC1(C)[C@H](C(=O)OCc2cccc(Oc3ccccc3)c2)[C@@H]1C=C(Cl)Cl
,,trans-Permethrin,CC1([C@@H]([C@H]1C(=O)OCC2=CC(=CC=C2)OC3=CC=CC=C3)C=C(Cl)Cl)C,1,,,,1,1,,,,CC1(C)[C@H](C=C(Cl)Cl)[C@H]1C(=O)OCc1cccc(Oc2ccccc2)c1
,,Resmethrin,CC(=CC1C(C1(C)C)C(=O)OCC2=COC(=C2)CC3=CC=CC=C3)C,,,,1,1,1,,,1,CC(C)=CC1C(C(=O)OCc2coc(Cc3ccccc3)c2)C1(C)C
,,encainide,CN1CCCCC1CCC2=CC=CC=C2NC(=O)C3=CC=C(C=C3)OC,,,,,,,1,,,COc1ccc(C(=O)Nc2ccccc2CCC2CCCCN2C)cc1
,,Losigamone,COC1=CC(=O)O[C@H]1[C@@H](C2=CC=CC=C2Cl)O,,1,,,,,,,,COC1=CC(=O)O[C@H]1[C@H](O)c1ccccc1Cl
,,Duloxetine,CNCC[C@@H](C1=CC=CS1)OC2=CC=CC3=CC=CC=C32,1,,,,,,1,,,CNCC[C@H](Oc1cccc2ccccc12)c1cccs1
,,candesartan,CCOC1=NC2=CC=CC(=C2N1CC3=CC=C(C=C3)C4=CC=CC=C4C5=NNN=N5)C(=O)O,,,,,1,,,,,CCOc1nc2cccc(C(=O)O)c2n1Cc1ccc(-c2ccccc2-c2nn[nH]n2)cc1
,,losartan,CCCCC1=NC(=C(N1CC2=CC=C(C=C2)C3=CC=CC=C3C4=NNN=N4)CO)Cl,,,,,1,,,,1,CCCCc1nc(Cl)c(CO)n1Cc1ccc(-c2ccccc2-c2nn[nH]n2)cc1
,,tasosartan,CC1=C2CCC(=O)N(C2=NC(=N1)C)CC3=CC=C(C=C3)C4=CC=CC=C4C5=NNN=N5,,,,,,,,,1,Cc1nc(C)c2c(n1)N(Cc1ccc(-c3ccccc3-c3nn[nH]n3)cc1)C(=O)CC2
,,Bexarotene,CC1=CC2=C(C=C1C(=C)C3=CC=C(C=C3)C(=O)O)C(CCC2(C)C)(C)C,,,,,1,1,,,,C=C(c1ccc(C(=O)O)cc1)c1cc2c(cc1C)C(C)(C)CCC2(C)C
,,Rupatadine,CC1=CC(=CN=C1)CN2CCC(=C3C4=C(CCC5=C3N=CC=C5)C=C(C=C4)Cl)CC2,,,,,,,,,1,Cc1cncc(CN2CCC(=C3c4ccc(Cl)cc4CCc4cccnc43)CC2)c1
,,(-)-camphor,C[C@]12CC[C@H](C1(C)C)CC2=O,0,1,0,0,0,0,0,0,0,CC1(C)[C@H]2CC[C@]1(C)C(=O)C2
,,(+)-fenchone,C[C@]12CC[C@H](C1)C(C2=O)(C)C,0,1,1,0,0,0,0,0,0,CC1(C)C(=O)[C@@]2(C)CC[C@@H]1C2
,,(-)-fenchone,C[C@@]12CC[C@@H](C1)C(C2=O)(C)C,0,1,1,0,0,0,0,0,0,CC1(C)C(=O)[C@]2(C)CC[C@H]1C2
,,(+)-fenchol,C[C@@]12CC[C@@H](C1)C([C@@H]2O)(C)C,0,1,0,0,0,0,0,0,0,CC1(C)[C@H]2CC[C@](C)(C2)[C@H]1O
,,erythromycin,CC[C@@H]1[C@@]([C@@H]([C@H](C(=O)[C@@H](C[C@@]([C@@H]([C@H]([C@@H]([C@H](C(=O)O1)C)O[C@H]2C[C@@]([C@H]([C@@H](O2)C)O)(C)OC)C)O[C@H]3[C@@H]([C@H](C[C@H](O3)C)N(C)C)O)(C)O)C)C)O)(C)O,,,,,,,,,1,CC[C@H]1OC(=O)[C@H](C)[C@@H](O[C@H]2C[C@@](C)(OC)[C@@H](O)[C@H](C)O2)[C@H](C)[C@@H](O[C@@H]2O[C@H](C)C[C@H](N(C)C)[C@H]2O)[C@](C)(O)C[C@@H](C)C(=O)[C@H](C)[C@@H](O)[C@]1(C)O
,,flecainide,C1CCNC(C1)CNC(=O)C2=C(C=CC(=C2)OCC(F)(F)F)OCC(F)(F)F,,,,,,,1,,,O=C(NCC1CCCCN1)c1cc(OCC(F)(F)F)ccc1OCC(F)(F)F
,,azimilide,CN1CCN(CC1)CCCCN2C(=O)CN(C2=O)/N=C/C3=CC=C(O3)C4=CC=C(C=C4)Cl,,,,,,,1,,1,CN1CCN(CCCCN2C(=O)CN(/N=C/c3ccc(-c4ccc(Cl)cc4)o3)C2=O)CC1
,,3-nitrobenzanthrone,C1=CC=C2C(=C1)C3=C4C(=C(C=C3)[N+](=O)[O-])C=CC=C4C2=O,1,,1,,,,1,,,O=C1c2ccccc2-c2ccc([N+](=O)[O-])c3cccc1c23
,,3-aminobenzanthrone,C1=CC=C2C(=C1)C3=C4C(=C(C=C3)N)C=CC=C4C2=O,,,,,,,,,1,Nc1ccc2c3c(cccc13)C(=O)c1ccccc1-2
,,docosahexaenoic acid(DHA),CC/C=C\C/C=C\C/C=C\C/C=C\C/C=C\C/C=C\CCC(=O)O,1,,,1,,1,1,1,1,CC/C=C\C/C=C\C/C=C\C/C=C\C/C=C\C/C=C\CCC(=O)O
,,Anandamide,CCCCC/C=C\C/C=C\C/C=C\C/C=C\CCCC(=O)NCCO,,,1,,,,1,,1,CCCCC/C=C\C/C=C\C/C=C\C/C=C\CCCC(=O)NCCO
,,Cholesterol,C[C@H](CCCC(C)C)[C@H]1CC[C@@H]2[C@@]1(CC[C@H]3[C@H]2CC=C4[C@@]3(CC[C@@H](C4)O)C)C,1,,,,1,,1,,1,CC(C)CCC[C@@H](C)[C@H]1CC[C@H]2[C@@H]3CC=C4C[C@@H](O)CC[C@]4(C)[C@H]3CC[C@]12C
,,eicosatrienoic acid(ETA),CC/C=C\C/C=C\C/C=C\CCCCCCCCCC(=O)O,,,,,,1,1,1,1,CC/C=C\C/C=C\C/C=C\CCCCCCCCCC(=O)O
,,dihydrotestosterone,C[C@]12CCC(=O)C[C@@H]1CC[C@@H]3[C@@H]2CC[C@]4([C@H]3CC[C@@H]4O)C,,,,,,,,,1,C[C@]12CCC(=O)C[C@@H]1CC[C@@H]1[C@@H]2CC[C@]2(C)[C@@H](O)CC[C@@H]12
,,Fenbendazole,COC(=O)NC1=NC2=C(N1)C=C(C=C2)SC3=CC=CC=C3,,,,,,1,,,,COC(=O)Nc1nc2ccc(Sc3ccccc3)cc2[nH]1
,,"13S-hydroperoxy-9Z,11E-octadecadienoic acid(13-HpODE)",CCCCC[C@@H](/C=C/C=C\CCCCCCCC(=O)O)OO,1,,,,,,,,,CCCCC[C@@H](/C=C/C=C\CCCCCCCC(=O)O)OO
,,"5S-hydroperoxy-6E,8Z,11Z,14Z-eicosatetraenoic acid(5-HpETE)",CCCCC/C=C\C/C=C\C/C=C\C=C\[C@H](CCCC(=O)O)OO,1,,,,,,,,,CCCCC/C=C\C/C=C\C/C=C\C=C\[C@H](CCCC(=O)O)OO
,,"12S-hydroperoxy-5Z,8Z,10E,14Z-eicosatetraenoic acid(12-HpETE)",CCCCC/C=C\C[C@@H](/C=C/C=C\C/C=C\CCCC(=O)O)OO,1,,,,,,,,,CCCCC/C=C\C[C@@H](/C=C/C=C\C/C=C\CCCC(=O)O)OO
,,"15S-hydroperoxy-5Z,8Z,10E,14Z-eicosatetraenoic acid(15-HpETE)",CCCCC[C@@H](/C=C/C=C\C/C=C\C/C=C\CCCC(=O)O)OO,1,,,,,,,,,CCCCC[C@@H](/C=C/C=C\C/C=C\C/C=C\CCCC(=O)O)OO
,,Cortisone,C[C@]12CCC(=O)C=C1CC[C@@H]3[C@@H]2C(=O)C[C@]4([C@H]3CC[C@@]4(C(=O)CO)O)C,,,,,,,,,1,C[C@]12CCC(=O)C=C1CC[C@@H]1[C@@H]2C(=O)C[C@@]2(C)[C@H]1CC[C@]2(O)C(=O)CO
,,OSI-930,C1=CC=C2C(=C1)C(=CC=N2)CNC3=C(SC=C3)C(=O)NC4=CC=C(C=C4)OC(F)(F)F,0,0,0,,,0,,0,1,O=C(Nc1ccc(OC(F)(F)F)cc1)c1sccc1NCc1ccnc2ccccc12
,,4-hydroxy-2-nonenal,CCCCCC(/C=C/C=O)O,,,1,,,,,,1,CCCCCC(O)/C=C/C=O
,,chloral hydrate,C(C(Cl)(Cl)Cl)(O)O,,,,,,,,1,,OC(O)C(Cl)(Cl)Cl
,,profenofos,CCCSP(=O)(OCC)OC1=C(C=C(C=C1)Br)Cl,0,0,1,0,0,1,0,0,1,CCCSP(=O)(OCC)Oc1ccc(Br)cc1Cl
,,Phospho-ibuprofen (MDC-917),CCOP(=O)(OCC)OCCCCOC(=O)C(C)C1=CC=C(C=C1)CC(C)C,1,,,,,1,1,,1,CCOP(=O)(OCC)OCCCCOC(=O)C(C)c1ccc(CC(C)C)cc1
,,phospho-sulindac (OXT-328),CCOP(=O)(OCC)OCCCCOC(=O)CC1=C(/C(=C/C2=CC=C(C=C2)S(=O)C)/C3=C1C=C(C=C3)F)C,,,,,,,1,,,CCOP(=O)(OCC)OCCCCOC(=O)CC1=C(C)/C(=C/c2ccc(S(C)=O)cc2)c2ccc(F)cc21
,,Zibotentan(ZD4054),CC1=CN=C(C(=N1)OC)NS(=O)(=O)C2=C(N=CC=C2)C3=CC=C(C=C3)C4=NN=CO4,,,,,,,,,1,COc1nc(C)cnc1NS(=O)(=O)c1cccnc1-c1ccc(-c2nnco2)cc1
,,Anethole trithione,COC1=CC=C(C=C1)C2=CC(=S)SS2,1,,,,,1,1,1,1,COc1ccc(-c2cc(=S)ss2)cc1
,,Methoxetamine,CCNC1(CCCCC1=O)C2=CC(=CC=C2)OC,,,1,,,1,,,1,CCNC1(c2cccc(OC)c2)CCCCC1=O
,,dibenzo-p-dioxin(DD),C1=CC=C2C(=C1)OC3=CC=CC=C3O2,1,,,,,,,,,c1ccc2c(c1)Oc1ccccc1O2
,,2-MCDD,C1=CC=C2C(=C1)OC3=C(O2)C=C(C=C3)Cl,1,,,,,,,,,Clc1ccc2c(c1)Oc1ccccc1O2
,,"2,3-DCDD",C1=CC=C2C(=C1)OC3=CC(=C(C=C3O2)Cl)Cl,1,,,,,,,,,Clc1cc2c(cc1Cl)Oc1ccccc1O2
,,"2,7-DCDD",C1=CC2=C(C=C1Cl)OC3=C(O2)C=C(C=C3)Cl,1,,,,,,,,,Clc1ccc2c(c1)Oc1ccc(Cl)cc1O2
,,"2,3,7-TriCDD",C1=CC2=C(C=C1Cl)OC3=CC(=C(C=C3O2)Cl)Cl,1,,,,,,,,,Clc1ccc2c(c1)Oc1cc(Cl)c(Cl)cc1O2
,,"2,3,7,8-TetraCDD",C1=C2C(=CC(=C1Cl)Cl)OC3=CC(=C(C=C3O2)Cl)Cl,0,,,,,,,,,Clc1cc2c(cc1Cl)Oc1cc(Cl)c(Cl)cc1O2
,,L-corydalmine,COC1=C(C=C2[C@@H]3CC4=C(CN3CCC2=C1)C(=C(C=C4)O)OC)OC,1,,,,1,1,1,,1,COc1cc2c(cc1OC)[C@@H]1Cc3ccc(O)c(OC)c3CN1CC2
,,seliciclib (R-roscovitine),CC[C@H](CO)NC1=NC(=C2C(=N1)N(C=N2)C(C)C)NCC3=CC=CC=C3,,,1,,,,,,1,CC[C@H](CO)Nc1nc(NCc2ccccc2)c2ncn(C(C)C)c2n1
,,(+)-tetrahydropalmatine,COC1=C(C2=C(C[C@@H]3C4=CC(=C(C=C4CCN3C2)OC)OC)C=C1)OC,1,,,,,,,,1,COc1cc2c(cc1OC)[C@H]1Cc3ccc(OC)c(OC)c3CN1CC2
,,(-)-tetrahydropalmatine,COC1=C(C2=C(C[C@H]3C4=CC(=C(C=C4CCN3C2)OC)OC)C=C1)OC,1,,,,,,,,1,COc1cc2c(cc1OC)[C@@H]1Cc3ccc(OC)c(OC)c3CN1CC2
,,hirsutine,CC[C@H]1CN2CCC3=C([C@H]2C[C@@H]1/C(=C\OC)/C(=O)OC)NC4=CC=CC=C34,,,,,,,,,1,CC[C@H]1CN2CCc3c([nH]c4ccccc34)[C@H]2C[C@@H]1/C(=C\OC)C(=O)OC
,,MEHP,CCCCC(CC)COC(=O)C1=CC=CC=C1C(=O)O,,,,,1,1,,,,CCCCC(CC)COC(=O)c1ccccc1C(=O)O
,,nobiletin,COC1=C(C=C(C=C1)C2=CC(=O)C3=C(O2)C(=C(C(=C3OC)OC)OC)OC)OC,1,0,0,0,0,0,0,0,1,COc1ccc(-c2cc(=O)c3c(OC)c(OC)c(OC)c(OC)c3o2)cc1OC
,,Mibefradil,CC(C)[C@H]1C2=C(CC[C@@]1(CCN(C)CCCC3=NC4=CC=CC=C4N3)OC(=O)COC)C=C(C=C2)F,,,,,,,,,1,COCC(=O)O[C@]1(CCN(C)CCCc2nc3ccccc3[nH]2)CCc2cc(F)ccc2[C@@H]1C(C)C
,,Ro 40-5966,CC(C)[C@H]1C2=C(CC[C@@]1(CCN(C)CCCC3=NC4=CC=CC=C4N3)O)C=C(C=C2)F,,,,,,,,,1,CC(C)[C@H]1c2ccc(F)cc2CC[C@]1(O)CCN(C)CCCc1nc2ccccc2[nH]1
,,hyperforin,CC(C)C(=O)[C@]12C(=O)C(=C([C@](C1=O)(C[C@@H]([C@@]2(C)CCC=C(C)C)CC=C(C)C)CC=C(C)C)O)CC=C(C)C,0,0,,,,1,,,1,CC(C)=CCC[C@]1(C)[C@@H](CC=C(C)C)C[C@@]2(CC=C(C)C)C(=O)[C@]1(C(=O)C(C)C)C(=O)C(CC=C(C)C)=C2O
,,N-Ethyl-N-(2-hydroxyethyl)perfluorooctanesulfonamide,CCN(CCO)S(=O)(=O)C(C(C(C(C(C(C(C(F)(F)F)(F)F)(F)F)(F)F)(F)F)(F)F)(F)F)(F)F,0,,0,,0,1,0,0,,CCN(CCO)S(=O)(=O)C(F)(F)C(F)(F)C(F)(F)C(F)(F)C(F)(F)C(F)(F)C(F)(F)C(F)(F)F
,,FOSE Alcohol 4,C(CO)NS(=O)(=O)C(C(C(C(C(C(C(C(F)(F)F)(F)F)(F)F)(F)F)(F)F)(F)F)(F)F)(F)F,,,,,,1,0,,,O=S(=O)(NCCO)C(F)(F)C(F)(F)C(F)(F)C(F)(F)C(F)(F)C(F)(F)C(F)(F)C(F)(F)F
,,HCFC-123,C(C(F)(F)F)(Cl)Cl,,,1,,,,,1,,FC(F)(F)C(Cl)Cl
,,HCFC-141b,CC(F)(Cl)Cl,,,,,,,,1,,CC(F)(Cl)Cl
,,daidzein,C1=CC(=CC=C1C2=COC3=C(C2=O)C=CC(=C3)O)O,1,,,,,,,,,O=c1c(-c2ccc(O)cc2)coc2cc(O)ccc12
,,aristolochic acid I,COC1=CC=CC2=C3C(=C(C=C21)[N+](=O)[O-])C(=CC4=C3OCO4)C(=O)O,1,,,,,,,,,COc1cccc2c1cc([N+](=O)[O-])c1c(C(=O)O)cc3c(c12)OCO3
,,ABT-107,C1CN2CCC1[C@H](C2)OC3=NN=C(C=C3)C4=CC5=C(C=C4)NC=C5,1,,,0,0,0,1,,1,c1cc2cc(-c3ccc(O[C@H]4CN5CCC4CC5)nn3)ccc2[nH]1
,,"Zotiraciclib(SB1317,TG02)",CN1C/C=C/CCOC2=CC=CC(=C2)C3=NC(=NC=C3)NC4=CC=CC(=C4)C1,1,,,,,,,,1,CN1C/C=C/CCOc2cccc(c2)-c2ccnc(n2)Nc2cccc(c2)C1
,,phospho-tyrosol-indomethacin,CCOP(=O)(OCC)OCCC1=CC=C(C=C1)OC(=O)CC2=C(N(C3=C2C=C(C=C3)OC)C(=O)C4=CC=C(C=C4)Cl)C,0,,,,0,0,1,,1,CCOP(=O)(OCC)OCCc1ccc(OC(=O)Cc2c(C)n(C(=O)c3ccc(Cl)cc3)c3ccc(OC)cc23)cc1
,,dictamnine,COC1=C2C=COC2=NC3=CC=CC=C31,,,,,,,,,1,COc1c2ccccc2nc2occc12
,,2-Aminothiazolobenzazepine (2-ATBA),CN1C=C(C=N1)CN2CCC3=CC4=C(C=C3CC2)SC(=N4)N,,,,,,,1,,1,Cn1cc(CN2CCc3cc4nc(N)sc4cc3CC2)cn1
,,Apoptone(HE3235),C[C@]12CC[C@H](C[C@@H]1CC[C@@H]3[C@@H]2CC[C@]4([C@H]3CC[C@]4(C#C)O)C)O,,,,,,1,,,1,C#C[C@]1(O)CC[C@H]2[C@@H]3CC[C@H]4C[C@H](O)CC[C@]4(C)[C@H]3CC[C@@]21C
,,Vonoprazan Fumarate(TAK-438),CNCC1=CN(C(=C1)C2=CC=CC=C2F)S(=O)(=O)C3=CN=CC=C3.C(=C/C(=O)O)\C(=O)O,,,1,,,1,1,,1,CNCc1cc(-c2ccccc2F)n(S(=O)(=O)c2cccnc2)c1
,,TAK-438 N-sulfate,CN(S(=O)(O)=O)CC1=CN(S(=O)(C2=CN=CC=C2)=O)C(C3=CC=CC=C3F)=C1,,,,,1,,,,1,CN(Cc1cc(-c2ccccc2F)n(S(=O)(=O)c2cccnc2)c1)S(=O)(=O)O
,,cisapride,CO[C@H]1CN(CC[C@H]1NC(=O)C2=CC(=C(C=C2OC)N)Cl)CCCOC3=CC=C(C=C3)F,,,1,1,,,,,1,COc1cc(N)c(Cl)cc1C(=O)N[C@@H]1CCN(CCCOc2ccc(F)cc2)C[C@@H]1OC
,,norcisapride,CO[C@H]1CNCC[C@H]1NC(=O)C2=CC(=C(C=C2OC)N)Cl,,,,1,,,,,1,COc1cc(N)c(Cl)cc1C(=O)N[C@@H]1CCNC[C@@H]1OC
,,Laropiprant(MK-0524),CS(=O)(=O)C1=CC(=CC2=C1N(C3=C2CC[C@@H]3CC(=O)O)CC4=CC=C(C=C4)Cl)F,,0,,,1,,0,0,1,CS(=O)(=O)c1cc(F)cc2c3c(n(Cc4ccc(Cl)cc4)c12)[C@@H](CC(=O)O)CC3
,,pinometostat,CC(C)N(C[C@@H]1[C@H]([C@H]([C@@H](O1)N2C=NC3=C(N=CN=C32)N)O)O)C4CC(C4)CCC5=NC6=C(N5)C=C(C=C6)C(C)(C)C,,,,,,1,,,1,CC(C)N(C[C@H]1O[C@@H](n2cnc3c(N)ncnc32)[C@H](O)[C@@H]1O)C1CC(CCc2nc3ccc(C(C)(C)C)cc3[nH]2)C1
,,ivabradine,CN(CCCN1CCC2=CC(=C(C=C2CC1=O)OC)OC)C[C@H]3CC4=CC(=C(C=C34)OC)OC,,,,,,,,,1,COc1cc2c(cc1OC)CC(=O)N(CCCN(C)C[C@H]1Cc3cc(OC)c(OC)cc31)CC2
,,Methsuximide(Mesuximide),CC1(CC(=O)N(C1=O)C)C2=CC=CC=C2,,,,,,1,,,,CN1C(=O)CC(C)(c2ccccc2)C1=O
,,chlordiazepoxide,CNC1=NC2=C(C=C(Cl)C=C2)C(C3=CC=CC=C3)=[N+]([O-])C1,,,,,,,,,1,CNC1=Nc2ccc(Cl)cc2C(c2ccccc2)=[N+]([O-])C1
,,Amlodipine,CCOC(=O)C1=C(NC(=C(C1C2=CC=CC=C2Cl)C(=O)OC)C)COCCN,,,,,,,,,1,CCOC(=O)C1=C(COCCN)NC(C)=C(C(=O)OC)C1c1ccccc1Cl
,,Levamlodipine,CCOC(=O)C1=C(NC(=C([C@@H]1C2=CC=CC=C2Cl)C(=O)OC)C)COCCN,,,,,,,,,1,CCOC(=O)C1=C(COCCN)NC(C)=C(C(=O)OC)[C@@H]1c1ccccc1Cl
,,betaxolol,CC(C)NCC(COC1=CC=C(C=C1)CCOCC2CC2)O,1,,,,,,1,,,CC(C)NCC(O)COc1ccc(CCOCC2CC2)cc1
,,chlorpheniramine,CN(C)CCC(C1=CC=C(C=C1)Cl)C2=CC=CC=N2,,,,,,,1,,,CN(C)CCC(c1ccc(Cl)cc1)c1ccccn1
,,Doxorubicin,C[C@H]1[C@H]([C@H](C[C@@H](O1)O[C@H]2C[C@@](CC3=C2C(=C4C(=C3O)C(=O)C5=C(C4=O)C(=CC=C5)OC)O)(C(=O)CO)O)N)O,,,,,,,,,1,COc1cccc2c1C(=O)c1c(O)c3c(c(O)c1C2=O)C[C@@](O)(C(=O)CO)C[C@@H]3O[C@H]1C[C@H](N)[C@H](O)[C@H](C)O1
,,lisuride,CCN(CC)C(=O)N[C@@H]1CN([C@@H]2CC3=CNC4=CC=CC(=C34)C2=C1)C,,,,,,,1,,1,CCN(CC)C(=O)N[C@H]1C=C2c3cccc4[nH]cc(c34)C[C@H]2N(C)C1
,,terguride,CCN(CC)C(=O)N[C@H]1C[C@H]2[C@@H](CC3=CNC4=CC=CC2=C34)N(C1)C,,,,,,,1,,1,CCN(CC)C(=O)N[C@H]1C[C@@H]2c3cccc4[nH]cc(c34)C[C@H]2N(C)C1
,,Formoterol,CC(CC1=CC=C(C=C1)OC)NCC(C2=CC(=C(C=C2)O)NC=O)O,,1,,,1,1,1,,,COc1ccc(CC(C)NCC(O)c2ccc(O)c(NC=O)c2)cc1
,,Aspirin(Acetylsalicylic acid),CC(=O)OC1=CC=CC=C1C(=O)O,,,,,1,,,,,CC(=O)Oc1ccccc1C(=O)O
,,Busulfan,CS(=O)(=O)OCCCCOS(=O)(=O)C,,,,,,,,,1,CS(=O)(=O)OCCCCOS(C)(=O)=O
,,Phenobarbital,CCC1(C(=O)NC(=O)NC1=O)C2=CC=CC=C2,,,,,1,,,,,CCC1(c2ccccc2)C(=O)NC(=O)NC1=O
,,Clonazepam,C1C(=O)NC2=C(C=C(C=C2)[N+](=O)[O-])C(=N1)C3=CC=CC=C3Cl,,,,,,,,,1,O=C1CN=C(c2ccccc2Cl)c2cc([N+](=O)[O-])ccc2N1
,,Imiquimod,CC(C)CN1C=NC2=C1C3=CC=CC=C3N=C2N,1,,,,,,,,,CC(C)Cn1cnc2c(N)nc3ccccc3c21
,,Etonogestrel,CC[C@]12CC(=C)[C@H]3[C@H]([C@@H]1CC[C@]2(C#C)O)CCC4=CC(=O)CC[C@H]34,,,,,,,,,1,C#C[C@]1(O)CC[C@H]2[C@@H]3CCC4=CC(=O)CC[C@@H]4[C@H]3C(=C)C[C@@]21CC
,,Sufentanil,CCC(=O)N(C1=CC=CC=C1)C2(CCN(CC2)CCC3=CC=CS3)COC,,,,,,,1,,1,CCC(=O)N(c1ccccc1)C1(COC)CCN(CCc2cccs2)CC1
,,lacidipine,CCOC(=O)C1=C(NC(=C(C1C2=CC=CC=C2/C=C/C(=O)OC(C)(C)C)C(=O)OCC)C)C,,,,,,,,,1,CCOC(=O)C1=C(C)NC(C)=C(C(=O)OCC)C1c1ccccc1/C=C/C(=O)OC(C)(C)C
,,Remoxipride,CCN1CCC[C@H]1CNC(=O)C2=C(C=CC(=C2OC)Br)OC,,,,,,,1,,,CCN1CCC[C@H]1CNC(=O)c1c(OC)ccc(Br)c1OC
,,Brinzolamide,CCN[C@H]1CN(S(=O)(=O)C2=C1C=C(S2)S(=O)(=O)N)CCCOC,,1,1,1,1,,,,1,CCN[C@H]1CN(CCCOC)S(=O)(=O)c2sc(S(N)(=O)=O)cc21
,,gemfibrozil,CC1=CC(=C(C=C1)C)OCCCC(C)(C)C(=O)O,,,,,,,,,1,Cc1ccc(C)c(OCCCC(C)(C)C(=O)O)c1
,,Tinidazole,CCS(=O)(=O)CCN1C(=NC=C1[N+](=O)[O-])C,,,,,,,,,1,CCS(=O)(=O)CCn1c([N+](=O)[O-])cnc1C
,,Letrozole,C1=CC(=CC=C1C#N)C(C2=CC=C(C=C2)C#N)N3C=NC=N3,,1,,,,,,,1,N#Cc1ccc(C(c2ccc(C#N)cc2)n2cncn2)cc1
,,carteolol,CC(C)(C)NCC(COC1=CC=CC2=C1CCC(=O)N2)O,0,0,0,,,,1,0,0,CC(C)(C)NCC(O)COc1cccc2c1CCC(=O)N2
,,bupranolol,CC1=CC(=C(C=C1)Cl)OCC(CNC(C)(C)C)O,,,,,,,1,,,Cc1ccc(Cl)c(OCC(O)CNC(C)(C)C)c1
,,Dorzolamide,CCN[C@H]1C[C@@H](S(=O)(=O)C2=C1C=C(S2)S(=O)(=O)N)C,,,,,1,,,1,1,CCN[C@H]1C[C@H](C)S(=O)(=O)c2sc(S(N)(=O)=O)cc21
,,Trimethoprim,COC1=CC(=CC(=C1OC)OC)CC2=CN=C(N=C2N)N,,,,,1,,,,1,COc1cc(Cc2cnc(N)nc2N)cc(OC)c1OC
,,Bezafibrate,CC(C)(C(=O)O)OC1=CC=C(C=C1)CCNC(=O)C2=CC=C(C=C2)Cl,,,,,,,,,1,CC(C)(Oc1ccc(CCNC(=O)c2ccc(Cl)cc2)cc1)C(=O)O
,,Dofetilide,CN(CCC1=CC=C(C=C1)NS(=O)(=O)C)CCOC2=CC=C(C=C2)NS(=O)(=O)C,,,,,,,,,1,CN(CCOc1ccc(NS(C)(=O)=O)cc1)CCc1ccc(NS(C)(=O)=O)cc1
,,clofibrate,CCOC(=O)C(C)(C)OC1=CC=C(C=C1)Cl,,,,,,,,,1,CCOC(=O)C(C)(C)Oc1ccc(Cl)cc1
,,Atenolol,CC(C)NCC(COC1=CC=C(C=C1)CC(=O)N)O,,,,,,,1,,,CC(C)NCC(O)COc1ccc(CC(N)=O)cc1
,,Tetrabenazine,CC(C)CC1CN2CCC3=CC(=C(C=C3C2CC1=O)OC)OC,,,,,,,1,,,COc1cc2c(cc1OC)C1CC(=O)C(CC(C)C)CN1CC2
,,ritonavir (ABT-538),CC(C)C1=NC(=CS1)CN(C)C(=O)N[C@@H](C(C)C)C(=O)N[C@@H](CC2=CC=CC=C2)C[C@@H]([C@H](CC3=CC=CC=C3)NC(=O)OCC4=CN=CS4)O,,,,,,,1,,1,CC(C)c1nc(CN(C)C(=O)N[C@H](C(=O)N[C@@H](Cc2ccccc2)C[C@H](O)[C@H](Cc2ccccc2)NC(=O)OCc2cncs2)C(C)C)cs1
,,beclomethasone dipropionate,CCC(=O)OCC(=O)[C@]1([C@H](C[C@@H]2[C@@]1(C[C@@H]([C@]3([C@H]2CCC4=CC(=O)C=C[C@@]43C)Cl)O)C)C)OC(=O)CC,,,,,,,,,1,CCC(=O)OCC(=O)[C@@]1(OC(=O)CC)[C@@H](C)C[C@H]2[C@@H]3CCC4=CC(=O)C=C[C@]4(C)[C@@]3(Cl)[C@@H](O)C[C@@]21C
,,Prednisolone,C[C@]12C[C@@H]([C@H]3[C@H]([C@@H]1CC[C@@]2(C(=O)CO)O)CCC4=CC(=O)C=C[C@]34C)O,0,0,0,0,0,0,0,0,1,C[C@]12C=CC(=O)C=C1CC[C@@H]1[C@@H]2[C@@H](O)C[C@@]2(C)[C@H]1CC[C@]2(O)C(=O)CO
,,Methylprednisolone,C[C@H]1C[C@H]2[C@@H]3CC[C@@]([C@]3(C[C@@H]([C@@H]2[C@@]4(C1=CC(=O)C=C4)C)O)C)(C(=O)CO)O,,,,,,,,,1,C[C@H]1C[C@@H]2[C@H]([C@@H](O)C[C@@]3(C)[C@H]2CC[C@]3(O)C(=O)CO)[C@@]2(C)C=CC(=O)C=C12
,,triamcinolone acetonide,C[C@]12C[C@@H]([C@]3([C@H]([C@@H]1C[C@@H]4[C@]2(OC(O4)(C)C)C(=O)CO)CCC5=CC(=O)C=C[C@@]53C)F)O,,,,,,,,,1,CC1(C)O[C@@H]2C[C@H]3[C@@H]4CCC5=CC(=O)C=C[C@]5(C)[C@@]4(F)[C@@H](O)C[C@]3(C)[C@]2(C(=O)CO)O1
,,flunisolide propionate,CCC(=O)OC1=CC(=O)C=C2[C@]1([C@@H]3[C@@H](C[C@@H]2F)[C@@H]4C[C@@H]5[C@]([C@]4(C[C@@H]3O)C)(OC(O5)(C)C)CCO)C,,,,,,,,,1,CCC(=O)OC1=CC(=O)C=C2[C@@H](F)C[C@@H]3[C@H]([C@@H](O)C[C@@]4(C)[C@H]3C[C@H]3OC(C)(C)O[C@]34CCO)[C@@]12C
,,flunisolide,C[C@]12C[C@@H]([C@H]3[C@H]([C@@H]1C[C@@H]4[C@]2(OC(O4)(C)C)C(=O)CO)C[C@@H](C5=CC(=O)C=C[C@]35C)F)O,,,,,,,,,1,CC1(C)O[C@@H]2C[C@H]3[C@@H]4C[C@H](F)C5=CC(=O)C=C[C@]5(C)[C@H]4[C@@H](O)C[C@]3(C)[C@]2(C(=O)CO)O1
,,buspirone,C1CCC2(C1)CC(=O)N(C(=O)C2)CCCCN3CCN(CC3)C4=NC=CC=N4,,,,,,,,,1,O=C1CC2(CCCC2)CC(=O)N1CCCCN1CCN(c2ncccn2)CC1
,,Procainamide,CCN(CC)CCNC(=O)C1=CC=C(C=C1)N,,,,,,,1,,,CCN(CC)CCNC(=O)c1ccc(N)cc1
,,Metronidazole,CC1=NC=C(N1CCO)[N+](=O)[O-],0,1,,0,0,,0,0,,Cc1ncc([N+](=O)[O-])n1CCO
,,telmisartan,CCCC1=NC2=C(N1CC3=CC=C(C=C3)C4=CC=CC=C4C(=O)O)C=C(C=C2C)C5=NC6=CC=CC=C6N5C,0,0,0,0,0,0,0,0,0,CCCc1nc2c(C)cc(-c3nc4ccccc4n3C)cc2n1Cc1ccc(-c2ccccc2C(=O)O)cc1
,,Dihydralazine,C1=CC=C2C(=C1)C(=NN=C2NN)NN,1,,,,,,,,1,NNc1nnc(NN)c2ccccc12
,,Zuclopenthixol,C1CN(CCN1CC/C=C\2/C3=CC=CC=C3SC4=C2C=C(C=C4)Cl)CCO,,,,,,,1,,1,OCCN1CCN(CC/C=C2/c3ccccc3Sc3ccc(Cl)cc32)CC1
,,epinastine,C1C2C3=CC=CC=C3CC4=CC=CC=C4N2C(=N1)N,,,,,,,1,,1,NC1=NCC2c3ccccc3Cc3ccccc3N12
,,Felbamate,C1=CC=C(C=C1)C(COC(=O)N)COC(=O)N,,,,,,,,1,1,NC(=O)OCC(COC(N)=O)c1ccccc1
,,Tadalafil,CN1CC(=O)N2[C@@H](C1=O)CC3=C([C@H]2C4=CC5=C(C=C4)OCO5)NC6=CC=CC=C36,,,,,,,,,1,CN1CC(=O)N2[C@H](c3ccc4c(c3)OCO4)c3[nH]c4ccccc4c3C[C@@H]2C1=O
,,Mefloquine,C1CCNC(C1)C(C2=CC(=NC3=C2C=CC=C3C(F)(F)F)C(F)(F)F)O,1,,,,,,,,1,OC(c1cc(C(F)(F)F)nc2c(C(F)(F)F)cccc12)C1CCCCN1
,,Amprenavir,CC(C)CN(C[C@H]([C@H](CC1=CC=CC=C1)NC(=O)O[C@H]2CCOC2)O)S(=O)(=O)C3=CC=C(C=C3)N,,,,,,,1,,1,CC(C)CN(C[C@@H](O)[C@H](Cc1ccccc1)NC(=O)O[C@H]1CCOC1)S(=O)(=O)c1ccc(N)cc1
,,Fenofibrate,CC(C)OC(=O)C(C)(C)OC1=CC=C(C=C1)C(=O)C2=CC=C(C=C2)Cl,,,,,,,,,1,CC(C)OC(=O)C(C)(C)Oc1ccc(C(=O)c2ccc(Cl)cc2)cc1
,,Lercanidipine,CC1=C(C(C(=C(N1)C)C(=O)OC(C)(C)CN(C)CCC(C2=CC=CC=C2)C3=CC=CC=C3)C4=CC(=CC=C4)[N+](=O)[O-])C(=O)OC,,,,,,,,,1,COC(=O)C1=C(C)NC(C)=C(C(=O)OC(C)(C)CN(C)CCC(c2ccccc2)c2ccccc2)C1c1cccc([N+](=O)[O-])c1
,,manidipine,CC1=C(C(C(=C(N1)C)C(=O)OCCN2CCN(CC2)C(C3=CC=CC=C3)C4=CC=CC=C4)C5=CC(=CC=C5)[N+](=O)[O-])C(=O)OC,,,,,,,,,1,COC(=O)C1=C(C)NC(C)=C(C(=O)OCCN2CCN(C(c3ccccc3)c3ccccc3)CC2)C1c1cccc([N+](=O)[O-])c1
,,pentoxifylline,CC(=O)CCCCN1C(=O)C2=C(N=CN2C)N(C1=O)C,1,,,,,,,,,CC(=O)CCCCn1c(=O)c2c(ncn2C)n(C)c1=O
,,Benzydamine,CN(C)CCCOC1=NN(C2=CC=CC=C21)CC3=CC=CC=C3,,,,,,,1,,,CN(C)CCCOc1nn(Cc2ccccc2)c2ccccc12
,,Palonosetron,C1C[C@@H]2CN(C(=O)C3=CC=CC(=C23)C1)[C@@H]4CN5CCC4CC5,1,,,,,,1,,,O=C1c2cccc3c2[C@H](CCC3)CN1[C@@H]1CN2CCC1CC2
,,Tolterodine,CC1=CC(=C(C=C1)O)[C@H](CCN(C(C)C)C(C)C)C2=CC=CC=C2,,,,,,,1,,1,Cc1ccc(O)c([C@H](CCN(C(C)C)C(C)C)c2ccccc2)c1
,,5-hydroxymethyltolterodine,CC(C)N(CC[C@H](C1=CC=CC=C1)C2=C(C=CC(=C2)CO)O)C(C)C,,,,,,,1,,1,CC(C)N(CC[C@H](c1ccccc1)c1cc(CO)ccc1O)C(C)C
,,N-dealkylated Tolterodine,OC(C=CC(C)=C1)=C1[C@@H](C2=CC=CC=C2)CCNC(C)C,,,,,,,1,,,Cc1ccc(O)c([C@H](CCNC(C)C)c2ccccc2)c1
,,N-dealkylated 5-hydroxymethyltolterodine,OC1=C([C@H](CCNC(C)C)C2=CC=CC=C2)C=C(CO)C=C1,,,,,,,1,,,CC(C)NCC[C@H](c1ccccc1)c1cc(CO)ccc1O
,,5-Carboxy metabolite of 5-HMT,CC(N(C(C)C)CC[C@@H](C1=C(O)C=CC(C(O)=O)=C1)C2=CC=CC=C2)C,,,,,,,,,1,CC(C)N(CC[C@H](c1ccccc1)c1cc(C(=O)O)ccc1O)C(C)C
,,lumefantrine,CCCCN(CCCC)CC(C1=CC(=CC\2=C1C3=C(/C2=C/C4=CC=C(C=C4)Cl)C=C(C=C3)Cl)Cl)O,,,,,,,,,1,CCCCN(CCCC)CC(O)c1cc(Cl)cc2c1-c1ccc(Cl)cc1/C2=C/c1ccc(Cl)cc1
,,Artemether,C[C@@H]1CC[C@H]2[C@H]([C@H](O[C@H]3[C@@]24[C@H]1CC[C@](O3)(OO4)C)OC)C,,,,,,,,,1,CO[C@H]1O[C@@H]2O[C@@]3(C)CC[C@H]4[C@H](C)CC[C@@H]([C@H]1C)[C@@]24OO3
,,17alpha-methyltestosterone,C[C@]12CCC(=O)C=C1CC[C@@H]3[C@@H]2CC[C@]4([C@H]3CC[C@]4(C)O)C,,,,,0,,,,1,C[C@]12CCC(=O)C=C1CC[C@@H]1[C@@H]2CC[C@@]2(C)[C@H]1CC[C@]2(C)O
,,methandienone,C[C@]12CC[C@H]3[C@H]([C@@H]1CC[C@]2(C)O)CCC4=CC(=O)C=C[C@]34C,,,0,,0,,,,1,C[C@]12C=CC(=O)C=C1CC[C@@H]1[C@@H]2CC[C@@]2(C)[C@H]1CC[C@]2(C)O
,,"4-chloro-1,2-dehydro-17alpha-methyltestosterone",C[C@]12CC[C@H]3[C@H]([C@@H]1CC[C@]2(C)O)CCC4=C(C(=O)C=C[C@]34C)Cl,,,0,,0,,,,1,C[C@]12C=CC(=O)C(Cl)=C1CC[C@@H]1[C@@H]2CC[C@@]2(C)[C@H]1CC[C@]2(C)O
,,boldenone,C[C@]12CC[C@H]3[C@H]([C@@H]1CC[C@@H]2O)CCC4=CC(=O)C=C[C@]34C,,,0,,0,,,,1,C[C@]12CC[C@H]3[C@@H](CCC4=CC(=O)C=C[C@@]43C)[C@@H]1CC[C@@H]2O
,,"4',4''-dichloro-3alpha-(diphenylmethoxy)tropane(4',4''-diCl BZT)",CN1[C@@H]2CC[C@H]1C[C@@H](OC(c3ccc(Cl)cc3)c4ccc(Cl)cc4)C2,0,0,0,,,,,0,,CN1[C@@H]2CC[C@H]1C[C@@H](OC(c1ccc(Cl)cc1)c1ccc(Cl)cc1)C2
,,Levomilnacipran,CCN(CC)C(=O)[C@]1(C[C@H]1CN)C2=CC=CC=C2,,,,1,,1,1,,1,CCN(CC)C(=O)[C@@]1(c2ccccc2)C[C@H]1CN
,,Milnacipran,CCN(CC)C(=O)[C@@]1(C[C@@H]1CN)C2=CC=CC=C2,,,,,,,,,1,CCN(CC)C(=O)[C@]1(c2ccccc2)C[C@@H]1CN
,,1-(3-chlorophenyl)piperazine (mCPP),C1CN(CCN1)C2=CC(=CC=C2)Cl,,,,,,,1,,,Clc1cccc(N2CCNCC2)c1
,,4'-methyl-alpha-pyrrolidinohexanophenone (MPHP),CC1=CC=C(C(C(CCCC)N2CCCC2)=O)C=C1,1,,1,,1,1,1,,,CCCCC(C(=O)c1ccc(C)cc1)N1CCCC1
,,Ruxolitinib,C1CCC(C1)[C@@H](CC#N)N2C=C(C=N2)C3=C4C=CNC4=NC=N3,,,,,1,,,,1,N#CC[C@H](C1CCCC1)n1cc(-c2ncnc3[nH]ccc23)cn1
,,Nimesulide,CS(=O)(=O)NC1=C(C=C(C=C1)[N+](=O)[O-])OC2=CC=CC=C2,,,,,1,,,,,CS(=O)(=O)Nc1ccc([N+](=O)[O-])cc1Oc1ccccc1
,,Pirfenidone,CC1=CN(C(=O)C=C1)C2=CC=CC=C2,1,1,,,,1,,,1,Cc1ccc(=O)n(-c2ccccc2)c1
,,benperidol,C1CN(CCC1N2C3=CC=CC=C3NC2=O)CCCC(=O)C4=CC=C(C=C4)F,,,,1,,,1,,1,O=C(CCCN1CCC(n2c(=O)[nH]c3ccccc32)CC1)c1ccc(F)cc1
,,clebopride,COC1=CC(=C(C=C1C(=O)NC2CCN(CC2)CC3=CC=CC=C3)Cl)N,,,,,,,,,1,COc1cc(N)c(Cl)cc1C(=O)NC1CCN(Cc2ccccc2)CC1
,,indoramin,C1CN(CCC1NC(=O)C2=CC=CC=C2)CCC3=CNC4=CC=CC=C43,,,,,,,1,,1,O=C(NC1CCN(CCc2c[nH]c3ccccc23)CC1)c1ccccc1
,,lorcainide,CC(C)N1CCC(CC1)N(C2=CC=C(C=C2)Cl)C(=O)CC3=CC=CC=C3,,,,,,1,1,,1,CC(C)N1CCC(N(C(=O)Cc2ccccc2)c2ccc(Cl)cc2)CC1
,,sabeluzole,CN(C1CCN(CC1)CC(COC2=CC=C(C=C2)F)O)C3=NC4=CC=CC=C4S3,,,,,,,1,,1,CN(c1nc2ccccc2s1)C1CCN(CC(O)COc2ccc(F)cc2)CC1
,,7-aminonitrazepam,C1C(=O)NC2=C(C=C(C=C2)N)C(=N1)C3=CC=CC=C3,,0,,0,0,,,0,1,Nc1ccc2c(c1)C(c1ccccc1)=NCC(=O)N2
,,Ciprofibrate,CC(C)(C(=O)O)OC1=CC=C(C=C1)C2CC2(Cl)Cl,,,,,,,,,1,CC(C)(Oc1ccc(C2CC2(Cl)Cl)cc1)C(=O)O
,,Argatroban,C[C@@H]1CCN(C([C@@H](NS(=O)(C2=CC=CC3=C2NCC(C)C3)=O)CCCNC(N)=N)=O)[C@@H](C(O)=O)C1,,,,,,,,,1,CC1CNc2c(cccc2S(=O)(=O)N[C@@H](CCCNC(=N)N)C(=O)N2CC[C@@H](C)C[C@@H]2C(=O)O)C1
,,(S)-bicalutamide,C[C@@](CS(=O)(=O)C1=CC=C(C=C1)F)(C(=O)NC2=CC(=C(C=C2)C#N)C(F)(F)F)O,,,,,,,,,1,C[C@@](O)(CS(=O)(=O)c1ccc(F)cc1)C(=O)Nc1ccc(C#N)c(C(F)(F)F)c1
,,trans-resveratrol,C1=CC(=CC=C1/C=C/C2=CC(=CC(=C2)O)O)O,1,,,0,0,,,,0,Oc1ccc(/C=C/c2cc(O)cc(O)c2)cc1
,,des-isobutyryl-ciclesonide(ciclesonide M1),OCC([C@@]12[C@H](O[C@@H](C3CCCCC3)O2)C[C@@H]4[C@]1(C)C[C@H](O)[C@H]5[C@H]4CCC6=CC(C=C[C@]56C)=O)=O,,,1,,,,1,,1,C[C@]12C=CC(=O)C=C1CC[C@@H]1[C@@H]2[C@@H](O)C[C@@]2(C)[C@H]1C[C@H]1O[C@@H](C3CCCCC3)O[C@]12C(=O)CO
,,Vanillin,COC1=C(C=CC(=C1)C=O)O,0,0,0,,0,,,0,1,COc1cc(C=O)ccc1O
,,"2,4,4'-trichlorobiphenyl (PCB28)",C1=CC(=CC=C1C2=C(C=C(C=C2)Cl)Cl)Cl,1,1,,0,0,,,0,0,Clc1ccc(-c2ccc(Cl)cc2Cl)cc1
,,"2,2',5,5'-tetrachlorobiphenyl (PCB52)",C1=CC(=C(C=C1Cl)C2=C(C=CC(=C2)Cl)Cl)Cl,0,1,,,0,,,1,1,Clc1ccc(Cl)c(-c2cc(Cl)ccc2Cl)c1
,,"2,2',4,5,5'-pentachlorobiphenyl(PCB101)",C1=CC(=C(C=C1Cl)C2=CC(=C(C=C2Cl)Cl)Cl)Cl,0,1,,,0,,,,,Clc1ccc(Cl)c(-c2cc(Cl)c(Cl)cc2Cl)c1
,,triphenyl phosphate,C1=CC=C(C=C1)OP(=O)(OC2=CC=CC=C2)OC3=CC=CC=C3,,,,,,,,1,,O=P(Oc1ccccc1)(Oc1ccccc1)Oc1ccccc1
,,solanidine,C[C@H]1CC[C@@H]2[C@H]([C@H]3[C@@H](N2C1)C[C@@H]4[C@@]3(CC[C@H]5[C@H]4CC=C6[C@@]5(CC[C@@H](C6)O)C)C)C,0,0,0,0,0,0,1,0,,C[C@H]1CC[C@@H]2[C@@H](C)[C@H]3[C@H](C[C@H]4[C@@H]5CC=C6C[C@@H](O)CC[C@]6(C)[C@H]5CC[C@]34C)N2C1
,,Fargesin,COC1=C(C=C(C=C1)[C@H]2[C@H]3CO[C@@H]([C@H]3CO2)C4=CC5=C(C=C4)OCO5)OC,,0,1,,1,1,,0,,COc1ccc([C@@H]2OC[C@H]3[C@@H]2CO[C@@H]3c2ccc3c(c2)OCO3)cc1OC
,,Ciprofol (HSK3486),C[C@H](C1CC1)C2=CC=CC(=C2O)C(C)C,,,1,,,,,,,CC(C)c1cccc([C@H](C)C2CC2)c1O
,,glycodeoxycholic acid (Glycodeoxycholate;GDCA),C[C@H](CCC(=O)NCC(=O)O)[C@H]1CC[C@@H]2[C@@]1([C@H](C[C@H]3[C@H]2CC[C@H]4[C@@]3(CC[C@H](C4)O)C)O)C,,,,,,,,,1,C[C@H](CCC(=O)NCC(=O)O)[C@H]1CC[C@H]2[C@@H]3CC[C@@H]4C[C@H](O)CC[C@]4(C)[C@H]3C[C@H](O)[C@]12C
,,beta-eudesmol,C[C@]12CCCC(=C)[C@@H]1C[C@@H](CC2)C(C)(C)O,,,,,,1,,,1,C=C1CCC[C@]2(C)CC[C@@H](C(C)(C)O)C[C@@H]12
,,5F-APP-PICA (PX-1),C1=CC=C(C=C1)C[C@@H](C(=O)N)NC(=O)C2=CN(C3=CC=CC=C32)CCCCCF,,,1,,,,,,,NC(=O)[C@H](Cc1ccccc1)NC(=O)c1cn(CCCCCF)c2ccccc12
,,5F-APP-PINACA (PX-2),C1=CC=C(C=C1)C[C@H](C(=O)N)NC(=O)C2=CN(C3=CC=CC=C32)CCCCCF,1,,,,,,,1,,NC(=O)[C@@H](Cc1ccccc1)NC(=O)c1cn(CCCCCF)c2ccccc12
,,THJ-018,CCCCCN1C2=CC=CC=C2C(=N1)C(=O)C3=CC=CC4=CC=CC=C43,,,1,,,1,,,1,CCCCCn1nc(C(=O)c2cccc3ccccc23)c2ccccc21
,,THJ-2201,C1=CC=C2C(=C1)C=CC=C2C(=O)C3=NN(C4=CC=CC=C43)CCCCCF,,,1,,,1,,,1,O=C(c1cccc2ccccc12)c1nn(CCCCCF)c2ccccc12
,,UR-144,CCCCCN1C=C(C2=CC=CC=C21)C(=O)C3C(C3(C)C)(C)C,,,,,,1,1,,1,CCCCCn1cc(C(=O)C2C(C)(C)C2(C)C)c2ccccc21
,,XLR-11,CC1(C(C1(C)C)C(=O)C2=CN(C3=CC=CC=C32)CCCCCF)C,1,,,,,1,1,,1,CC1(C)C(C(=O)c2cn(CCCCCF)c3ccccc23)C1(C)C
,,tipepidine,CN1CCCC(=C(C2=CC=CS2)C3=CC=CS3)C1,,,,,,,1,,,CN1CCCC(=C(c2cccs2)c2cccs2)C1
,,quebecol,COC1=C(C=CC(=C1)C(CO)C(C2=CC(=C(C=C2)O)OC)C3=CC(=C(C=C3)O)OC)O,0,0,0,0,0,0,0,0,0,COc1cc(C(CO)C(c2ccc(O)c(OC)c2)c2ccc(O)c(OC)c2)ccc1O
,,anaprazole,CC1=C(C=CC=C1OCCCOC)CS(=O)C2=NC3=C(N2)C=C4CCOC4=C3,,,,,,1,1,,1,COCCCOc1cccc(CS(=O)c2nc3cc4c(cc3[nH]2)CCO4)c1C
,,anaprazole M8-1 and M8-2,CC1=C(CSC2=NC3=C(C=C4CCOC4=C3)N2)C=CC=C1OCCCOC,,,,,,1,1,,1,COCCCOc1cccc(CSc2nc3cc4c(cc3[nH]2)CCO4)c1C
,,[6]-gingerol,CCCCC[C@@H](CC(=O)CCC1=CC(=C(C=C1)O)OC)O,1,,,,,1,,,,CCCCC[C@H](O)CC(=O)CCc1ccc(O)c(OC)c1
,,[8]-gingerol,CCCCCCC[C@@H](CC(=O)CCC1=CC(=C(C=C1)O)OC)O,1,,,,,1,,1,,CCCCCCC[C@H](O)CC(=O)CCc1ccc(O)c(OC)c1
,,[10]-gingerol,CCCCCCCCC[C@@H](CC(=O)CCC1=CC(=C(C=C1)O)OC)O,1,,1,,,1,,1,,CCCCCCCCC[C@H](O)CC(=O)CCc1ccc(O)c(OC)c1
,,Fosamprenavir,CC(C)CN(C[C@H]([C@H](CC1=CC=CC=C1)NC(=O)O[C@H]2CCOC2)OP(=O)(O)O)S(=O)(=O)C3=CC=C(C=C3)N,,,,,,,,,1,CC(C)CN(C[C@@H](OP(=O)(O)O)[C@H](Cc1ccccc1)NC(=O)O[C@H]1CCOC1)S(=O)(=O)c1ccc(N)cc1
,,Isosorbide dinitrate,C1[C@H]([C@@H]2[C@H](O1)[C@H](CO2)O[N+](=O)[O-])O[N+](=O)[O-],,1,,,1,,1,1,1,O=[N+]([O-])O[C@H]1CO[C@H]2[C@@H]1OC[C@H]2O[N+](=O)[O-]
,,Carisoprodol,CCCC(C)(COC(=O)N)COC(=O)NC(C)C,,,,,,1,,,,CCCC(C)(COC(N)=O)COC(=O)NC(C)C
,,Anagrelide,C1C2=C(C=CC(=C2Cl)Cl)N=C3N1CC(=O)N3,1,,,,,,,,,O=C1CN2Cc3c(ccc(Cl)c3Cl)N=C2N1
,,Buflomedil,COC1=CC(=C(C(=C1)OC)C(=O)CCCN2CCCC2)OC,,,,,,1,1,,,COc1cc(OC)c(C(=O)CCCN2CCCC2)c(OC)c1
,,Rasagiline,C#CCN[C@@H]1CCC2=CC=CC=C12,1,,,,,,,,,C#CCN[C@@H]1CCc2ccccc21
,,Doxazosin,COC1=C(C=C2C(=C1)C(=NC(=N2)N3CCN(CC3)C(=O)C4COC5=CC=CC=C5O4)N)OC,,,,,,1,1,,,COc1cc2nc(N3CCN(C(=O)C4COc5ccccc5O4)CC3)nc(N)c2cc1OC
,,Fexofenadine,CC(C)(C1=CC=C(C=C1)C(CCCN2CCC(CC2)C(C3=CC=CC=C3)(C4=CC=CC=C4)O)O)C(=O)O,0,0,0,0,0,0,0,0,0,CC(C)(C(=O)O)c1ccc(C(O)CCCN2CCC(C(O)(c3ccccc3)c3ccccc3)CC2)cc1
,,Vardenafil,CCCC1=NC(=C2N1N=C(NC2=O)C3=C(C=CC(=C3)S(=O)(=O)N4CCN(CC4)CC)OCC)C,,,,,,,,,1,CCCc1nc(C)c2c(=O)[nH]c(-c3cc(S(=O)(=O)N4CCN(CC)CC4)ccc3OCC)nn12
,,udenafil,CCCC1=NN(C2=C1N=C(NC2=O)C3=C(C=CC(=C3)S(=O)(=O)NCCC4CCCN4C)OCCC)C,,,,,,,,,1,CCCOc1ccc(S(=O)(=O)NCCC2CCCN2C)cc1-c1nc2c(CCC)nn(C)c2c(=O)[nH]1
,,gestodene,CC[C@]12CC[C@H]3[C@H]([C@@H]1C=C[C@]2(C#C)O)CCC4=CC(=O)CC[C@H]34,,,,,,,,,1,C#C[C@]1(O)C=C[C@H]2[C@@H]3CCC4=CC(=O)CC[C@@H]4[C@H]3CC[C@@]21CC
,,Cytarabine,C1=CN(C(=O)N=C1N)[C@H]2[C@H]([C@@H]([C@H](O2)CO)O)O,0,,,0,0,,0,,1,Nc1ccn([C@@H]2O[C@H](CO)[C@@H](O)[C@@H]2O)c(=O)n1
,,idarubicin,C[C@H]1[C@H]([C@H](C[C@@H](O1)O[C@H]2C[C@@](CC3=C2C(=C4C(=C3O)C(=O)C5=CC=CC=C5C4=O)O)(C(=O)C)O)N)O,0,,,0,1,,1,,0,CC(=O)[C@]1(O)Cc2c(O)c3c(c(O)c2[C@@H](O[C@H]2C[C@H](N)[C@H](O)[C@H](C)O2)C1)C(=O)c1ccccc1C3=O
,,Methylergometrine,CC[C@@H](CO)NC(=O)[C@H]1CN([C@@H]2CC3=CNC4=CC=CC(=C34)C2=C1)C,,,,,,,,,1,CC[C@@H](CO)NC(=O)[C@@H]1C=C2c3cccc4[nH]cc(c34)C[C@H]2N(C)C1
,,Vernakalant,COC1=C(C=C(C=C1)CCO[C@@H]2CCCC[C@H]2N3CC[C@H](C3)O)OC,,,,,,,1,,,COc1ccc(CCO[C@@H]2CCCC[C@H]2N2CC[C@@H](O)C2)cc1OC
,,Levomepromazine(Methotrimeprazine),C[C@@H](CN1C2=CC=CC=C2SC3=C1C=C(C=C3)OC)CN(C)C,1,,1,,,1,,,1,COc1ccc2c(c1)N(C[C@H](C)CN(C)C)c1ccccc1S2
,,Fulvestrant,C[C@]12CC[C@H]3[C@H]([C@@H]1CC[C@@H]2O)[C@@H](CC4=C3C=CC(=C4)O)CCCCCCCCCS(=O)CCCC(C(F)(F)F)(F)F,0,,,,0,0,0,,1,C[C@]12CC[C@@H]3c4ccc(O)cc4C[C@@H](CCCCCCCCCS(=O)CCCC(F)(F)C(F)(F)F)[C@H]3[C@@H]1CC[C@@H]2O
,,Alfuzosin,CN(CCCNC(=O)C1CCCO1)C2=NC3=CC(=C(C=C3C(=N2)N)OC)OC,,,,,,,,,1,COc1cc2nc(N(C)CCCNC(=O)C3CCCO3)nc(N)c2cc1OC
,,ranolazine,CC1=C(C(=CC=C1)C)NC(=O)CN2CCN(CC2)CC(COC3=CC=CC=C3OC)O,,,,,,,1,,1,COc1ccccc1OCC(O)CN1CCN(CC(=O)Nc2c(C)cccc2C)CC1
,,Thiamylal,CCCC(C)C1(C(=O)NC(=S)NC1=O)CC=C,,,,,1,,,,,C=CCC1(C(C)CCC)C(=O)NC(=S)NC1=O
,,Frovatriptan,CN[C@@H]1CCC2=C(C1)C3=C(N2)C=CC(=C3)C(=O)N,1,,,,,,,,,CN[C@@H]1CCc2[nH]c3ccc(C(N)=O)cc3c2C1
,,pruxelutamide (GT0918),CC1(C(=O)N(C(=S)N1C2=CN=C(C=C2)CCCC3=NC=CO3)C4=C(C(=C(C=C4)C#N)C(F)(F)F)F)C,,,,,,,,,1,CC1(C)C(=O)N(c2ccc(C#N)c(C(F)(F)F)c2F)C(=S)N1c1ccc(CCCc2ncco2)nc1
,,Modafinil,C1=CC=C(C=C1)C(C2=CC=CC=C2)S(=O)CC(=O)N,,,,,,,,,1,NC(=O)CS(=O)C(c1ccccc1)c1ccccc1
,,Moclobemide,C1COCCN1CCNC(=O)C2=CC=C(C=C2)Cl,,,,,,1,,,,O=C(NCCN1CCOCC1)c1ccc(Cl)cc1
,,Opipramol,C1CN(CCN1CCCN2C3=CC=CC=C3C=CC4=CC=CC=C42)CCO,,,,,,,1,,,OCCN1CCN(CCCN2c3ccccc3C=Cc3ccccc32)CC1
,,boceprevir (SCH 503034),CC1([C@@H]2[C@H]1[C@H](N(C2)C(=O)[C@H](C(C)(C)C)NC(=O)NC(C)(C)C)C(=O)NC(CC3CCC3)C(=O)C(=O)N)C,,,,,,,,,1,CC(C)(C)NC(=O)N[C@H](C(=O)N1C[C@H]2[C@@H]([C@H]1C(=O)NC(CC1CCC1)C(=O)C(N)=O)C2(C)C)C(C)(C)C
,,ximelagatran,CCOC(=O)CN[C@H](C1CCCCC1)C(=O)N2CC[C@H]2C(=O)NCC3=CC=C(C=C3)/C(=N/O)/N,0,0,,0,0,0,0,,0,CCOC(=O)CN[C@@H](C(=O)N1CC[C@H]1C(=O)NCc1ccc(/C(N)=N/O)cc1)C1CCCCC1
,,N-hydroxy-melagatran,C1CCC(CC1)[C@H](C(=O)N2CC[C@H]2C(=O)NCC3=CC=C(C=C3)/C(=N/O)/N)NCC(=O)O,0,0,,0,0,0,0,,0,N/C(=N\O)c1ccc(CNC(=O)[C@@H]2CCN2C(=O)[C@H](NCC(=O)O)C2CCCCC2)cc1
,,benzamidoxime,C1=CC=C(C=C1)/C(=N/O)/N,0,0,,0,0,0,0,,0,N/C(=N\O)c1ccccc1
,,Zomepirac,CC1=C(N(C(=C1)CC(=O)O)C)C(=O)C2=CC=C(C=C2)Cl,0,,,0,,,0,0,1,Cc1cc(CC(=O)O)n(C)c1C(=O)c1ccc(Cl)cc1
,,tolmetin,CC1=CC=C(C=C1)C(=O)C2=CC=C(N2C)CC(=O)O,0,,,0,,,0,0,1,Cc1ccc(C(=O)c2ccc(CC(=O)O)n2C)cc1
,,Binimetinib,CN1C=NC2=C1C=C(C(=C2F)NC3=C(C=C(C=C3)Br)F)C(=O)NOCCO,1,,,,,1,,,,Cn1cnc2c(F)c(Nc3ccc(Br)cc3F)c(C(=O)NOCCO)cc21
,,Palbociclib,CC1=C(C(=O)N(C2=NC(=NC=C12)NC3=NC=C(C=C3)N4CCNCC4)C5CCCC5)C(=O)C,,,,,,,,,1,CC(=O)c1c(C)c2cnc(Nc3ccc(N4CCNCC4)cn3)nc2n(C2CCCC2)c1=O
,,Grepafloxacin,CC1CN(CCN1)C2=C(C(=C3C(=C2)N(C=C(C3=O)C(=O)O)C4CC4)C)F,1,,,,,,,,,Cc1c(F)c(N2CCNC(C)C2)cc2c1c(=O)c(C(=O)O)cn2C1CC1
,,Brigatinib,CN1CCN(CC1)C2CCN(CC2)C3=CC(=C(C=C3)NC4=NC=C(C(=N4)NC5=CC=CC=C5P(=O)(C)C)Cl)OC,,,,1,,,,,1,COc1cc(N2CCC(N3CCN(C)CC3)CC2)ccc1Nc1ncc(Cl)c(Nc2ccccc2P(C)(C)=O)n1
,,Dienogest,C[C@]12CCC3=C4CCC(=O)C=C4CC[C@H]3[C@@H]1CC[C@]2(CC#N)O,,,,,,,,,1,C[C@]12CCC3=C4CCC(=O)C=C4CC[C@H]3[C@@H]1CC[C@@]2(O)CC#N
,,Fosaprepitant,C[C@H](C1=CC(=CC(=C1)C(F)(F)F)C(F)(F)F)O[C@@H]2[C@@H](N(CCO2)CC3=NN(C(=O)N3)P(=O)(O)O)C4=CC=C(C=C4)F,,,,,,,,,1,C[C@@H](O[C@H]1OCCN(Cc2nn(P(=O)(O)O)c(=O)[nH]2)[C@H]1c1ccc(F)cc1)c1cc(C(F)(F)F)cc(C(F)(F)F)c1
,,Telaprevir,CCC[C@@H](C(=O)C(=O)NC1CC1)NC(=O)[C@@H]2[C@H]3CCC[C@H]3CN2C(=O)[C@H](C(C)(C)C)NC(=O)[C@H](C4CCCCC4)NC(=O)C5=NC=CN=C5,,,,,,,,,1,CCC[C@H](NC(=O)[C@@H]1[C@H]2CCC[C@H]2CN1C(=O)[C@@H](NC(=O)[C@@H](NC(=O)c1cnccn1)C1CCCCC1)C(C)(C)C)C(=O)C(=O)NC1CC1
,,Roxatidine,C1CCN(CC1)CC2=CC(=CC=C2)OCCCNC(=O)CO,0,0,0,0,0,0,0,0,0,O=C(CO)NCCCOc1cccc(CN2CCCCC2)c1
,,Roxatidine acetate M4,C1CCN(CC1)CC2=CC(=CC=C2)OCCCN,,1,,,,,,1,,NCCCOc1cccc(CN2CCCCC2)c1
,,Roxatidine acetate M5,C1CCN(CC1)CC2=CC(=CC=C2)OCCCO,0,0,0,,,,1,0,0,OCCCOc1cccc(CN2CCCCC2)c1
,,Tetrahydrogestrinone,CC[C@@]1(CC[C@@H]2[C@@]1(C=CC3=C4CCC(=O)C=C4CC[C@@H]23)CC)O,0,0,0,0,0,0,0,0,1,CC[C@]1(O)CC[C@H]2[C@@H]3CCC4=CC(=O)CCC4=C3C=C[C@@]21CC
,,Gestrinone,CC[C@]12C=CC3=C4CCC(=O)C=C4CC[C@H]3[C@@H]1CC[C@]2(C#C)O,0,0,0,0,0,0,0,0,1,C#C[C@]1(O)CC[C@H]2[C@@H]3CCC4=CC(=O)CCC4=C3C=C[C@@]21CC
,,Midostaurin,C[C@@]12[C@@H]([C@@H](C[C@@H](O1)N3C4=CC=CC=C4C5=C6C(=C7C8=CC=CC=C8N2C7=C53)CNC6=O)N(C)C(=O)C9=CC=CC=C9)OC,,,,,,,,,1,CO[C@@H]1[C@H](N(C)C(=O)c2ccccc2)C[C@H]2O[C@]1(C)n1c3ccccc3c3c4c(c5c6ccccc6n2c5c31)C(=O)NC4
,,paricalcitol,C[C@H](/C=C/[C@H](C)C(C)(C)O)[C@H]1CC[C@@H]\2[C@@]1(CCC/C2=C\C=C3C[C@H](C[C@@H](C3)O)O)C,,,,,,,,,1,C[C@H](/C=C/[C@H](C)C(C)(C)O)[C@H]1CC[C@H]2/C(=C/C=C3C[C@@H](O)C[C@H](O)C3)CCC[C@]12C
,,Vismodegib,CS(=O)(=O)C1=CC(=C(C=C1)C(=O)NC2=CC(=C(C=C2)Cl)C3=CC=CC=N3)Cl,,,,,1,,,,1,CS(=O)(=O)c1ccc(C(=O)Nc2ccc(Cl)c(-c3ccccn3)c2)c(Cl)c1
,,3-methoxy-4-aminoazobenzene (3-MeO-AAB),COC1=C(C=CC(=C1)N=NC2=CC=CC=C2)N,1,,,,,,,,1,COc1cc(N=Nc2ccccc2)ccc1N
,,Metipranolol,CC1=CC(=C(C(=C1OC(=O)C)C)C)OCC(CNC(C)C)O,,,,,,,1,,,CC(=O)Oc1c(C)cc(OCC(O)CNC(C)C)c(C)c1C
,,Cobimetinib,C1CCN[C@@H](C1)C2(CN(C2)C(=O)C3=C(C(=C(C=C3)F)F)NC4=C(C=C(C=C4)I)F)O,,,,,,,,,1,O=C(c1ccc(F)c(F)c1Nc1ccc(I)cc1F)N1CC(O)([C@@H]2CCCCN2)C1
,,grazoprevir,CC(C)(C)[C@H]1C(=O)N2C[C@@H](C[C@H]2C(=O)N[C@@]3(C[C@H]3C=C)C(=O)NS(=O)(=O)C4CC4)OC5=NC6=C(C=CC(=C6)OC)N=C5CCCCC[C@@H]7C[C@H]7OC(=O)N1,,,,,,,,,1,C=C[C@@H]1C[C@]1(NC(=O)[C@@H]1C[C@@H]2CN1C(=O)[C@H](C(C)(C)C)NC(=O)O[C@@H]1C[C@H]1CCCCCc1nc3ccc(OC)cc3nc1O2)C(=O)NS(=O)(=O)C1CC1
,,Oxprenolol,CC(C)NCC(COC1=CC=CC=C1OCC=C)O,,,,,,,1,,,C=CCOc1ccccc1OCC(O)CNC(C)C
,,Acetolol,CC(C)NCC(COC1=C(C=C(C=C1)N)C(=O)C)O,1,,,0,,1,,,1,CC(=O)c1cc(N)ccc1OCC(O)CNC(C)C
,,Alprenolol,CC(C)NCC(COC1=CC=CC=C1CC=C)O,,,,,,,1,,,C=CCc1ccccc1OCC(O)CNC(C)C
,,Vinorine,C/C=C\1/CN2[C@H]3C[C@@H]1C4[C@@H]2C[C@]5([C@@H]4OC(=O)C)C3=NC6=CC=CC=C56,,,,,,,,,1,C/C=C1/CN2[C@H]3C[C@@H]1C1[C@@H](OC(C)=O)[C@@]4(C[C@@H]12)C3=Nc1ccccc14
,,Nestorone(segesterone acetate),CC(=O)[C@]1(C(=C)C[C@@H]2[C@@]1(CC[C@H]3[C@H]2CCC4=CC(=O)CC[C@H]34)C)OC(=O)C,,,,,,,,,1,C=C1C[C@H]2[C@@H]3CCC4=CC(=O)CC[C@@H]4[C@H]3CC[C@]2(C)[C@@]1(OC(C)=O)C(C)=O
,,Encorafenib,C[C@@H](CNC1=NC=CC(=N1)C2=CN(N=C2C3=C(C(=CC(=C3)Cl)NS(=O)(=O)C)F)C(C)C)NC(=O)OC,,,,,,1,,,1,COC(=O)N[C@@H](C)CNc1nccc(-c2cn(C(C)C)nc2-c2cc(Cl)cc(NS(C)(=O)=O)c2F)n1
,,Olodaterol,CC(C)(CC1=CC=C(C=C1)OC)NC[C@@H](C2=C3C(=CC(=C2)O)NC(=O)CO3)O,,,,1,1,,,,,COc1ccc(CC(C)(C)NC[C@H](O)c2cc(O)cc3c2OCC(=O)N3)cc1
,,Isavuconazole,C[C@@H](C1=NC(=CS1)C2=CC=C(C=C2)C#N)[C@](CN3C=NC=N3)(C4=C(C=CC(=C4)F)F)O,,,,,,,,,1,C[C@@H](c1nc(-c2ccc(C#N)cc2)cs1)[C@](O)(Cn1cncn1)c1cc(F)ccc1F
,,17-hydoxyprogesterone caproate,CCCCCC(=O)O[C@@]1(CC[C@@H]2[C@@]1(CC[C@H]3[C@H]2CCC4=CC(=O)CC[C@]34C)C)C(=O)C,,,,,,,,,1,CCCCCC(=O)O[C@]1(C(C)=O)CC[C@H]2[C@@H]3CCC4=CC(=O)CC[C@]4(C)[C@H]3CC[C@@]21C
,,Enasidenib,CC(C)(CNC1=NC(=NC(=N1)C2=NC(=CC=C2)C(F)(F)F)NC3=CC(=NC=C3)C(F)(F)F)O,1,,1,1,1,1,1,,1,CC(C)(O)CNc1nc(Nc2ccnc(C(F)(F)F)c2)nc(-c2cccc(C(F)(F)F)n2)n1
,,AGI-16903,C1=CC(=NC(=C1)C(F)(F)F)C2=NC(=NC(=N2)NC3=CC(=NC=C3)C(F)(F)F)N,1,,,,,1,,,1,Nc1nc(Nc2ccnc(C(F)(F)F)c2)nc(-c2cccc(C(F)(F)F)n2)n1
,,Ixabepilone,C[C@H]1CCC[C@@]2([C@@H](O2)C[C@H](NC(=O)C[C@@H](C(C(=O)[C@@H]([C@H]1O)C)(C)C)O)/C(=C/C3=CSC(=N3)C)/C)C,,,,,,,,,1,C/C(=C\c1csc(C)n1)[C@@H]1C[C@@H]2O[C@]2(C)CCC[C@H](C)[C@H](O)[C@@H](C)C(=O)C(C)(C)[C@@H](O)CC(=O)N1
,,21-Deacetyldeflazacort,CC1=N[C@@]2([C@H](O1)C[C@@H]3[C@@]2(C[C@@H]([C@H]4[C@H]3CCC5=CC(=O)C=C[C@]45C)O)C)C(=O)CO,,,,,,,,,1,CC1=N[C@]2(C(=O)CO)[C@@H](C[C@H]3[C@@H]4CCC5=CC(=O)C=C[C@]5(C)[C@H]4[C@@H](O)C[C@@]32C)O1
,,Solifenacin,C1CN2CCC1[C@H](C2)OC(=O)N3CCC4=CC=CC=C4[C@@H]3C5=CC=CC=C5,,,,,,,,,1,O=C(O[C@H]1CN2CCC1CC2)N1CCc2ccccc2[C@@H]1c1ccccc1
,,Methotrexate,CN(CC1=CN=C2C(=N1)C(=NC(=N2)N)N)C3=CC=C(C=C3)C(=O)N[C@@H](CCC(=O)O)C(=O)O,0,0,0,0,0,0,0,0,0,CN(Cc1cnc2nc(N)nc(N)c2n1)c1ccc(C(=O)N[C@@H](CCC(=O)O)C(=O)O)cc1
,,Lesinurad,C1CC1C2=CC=C(C3=CC=CC=C23)N4C(=NN=C4Br)SCC(=O)O,,,,,1,,,,,O=C(O)CSc1nnc(Br)n1-c1ccc(C2CC2)c2ccccc12
,,sofosbuvir,C[C@@H](C(=O)OC(C)C)N[P@](=O)(OC[C@@H]1[C@H]([C@@]([C@@H](O1)N2C=CC(=O)NC2=O)(C)F)O)OC3=CC=CC=C3,0,0,0,0,0,0,0,0,0,CC(C)OC(=O)[C@H](C)N[P@](=O)(OC[C@H]1O[C@@H](n2ccc(=O)[nH]c2=O)[C@](C)(F)[C@@H]1O)Oc1ccccc1
,,Rolapitant,C[C@H](C1=CC(=CC(=C1)C(F)(F)F)C(F)(F)F)OC[C@]2(CC[C@]3(CCC(=O)N3)CN2)C4=CC=CC=C4,,,,,,,,,1,C[C@@H](OC[C@@]1(c2ccccc2)CC[C@]2(CCC(=O)N2)CN1)c1cc(C(F)(F)F)cc(C(F)(F)F)c1
,,Eliglustat,CCCCCCCC(=O)N[C@H](CN1CCCC1)[C@@H](C2=CC3=C(C=C2)OCCO3)O,,,,,,,1,,,CCCCCCCC(=O)N[C@H](CN1CCCC1)[C@H](O)c1ccc2c(c1)OCCO2
,,Regorafenib,CNC(=O)C1=NC=CC(=C1)OC2=CC(=C(C=C2)NC(=O)NC3=CC(=C(C=C3)Cl)C(F)(F)F)F,,,,,,,1,,1,CNC(=O)c1cc(Oc2ccc(NC(=O)Nc3ccc(Cl)c(C(F)(F)F)c3)c(F)c2)ccn1
,,Panobinostat,CC1=C(C2=CC=CC=C2N1)CCNCC3=CC=C(C=C3)/C=C/C(=O)NO,,,,,,1,1,,1,Cc1[nH]c2ccccc2c1CCNCc1ccc(/C=C/C(=O)NO)cc1
,,Odanacatib,CC(C)(C[C@@H](C(=O)NC1(CC1)C#N)N[C@@H](C2=CC=C(C=C2)C3=CC=C(C=C3)S(=O)(=O)C)C(F)(F)F)F,,,,,,,,,1,CC(C)(F)C[C@H](N[C@@H](c1ccc(-c2ccc(S(C)(=O)=O)cc2)cc1)C(F)(F)F)C(=O)NC1(C#N)CC1
,,Letermovir,COC1=C(C=C(C=C1)C(F)(F)F)N2[C@H](C3=C(C(=CC=C3)F)N=C2N4CCN(CC4)C5=CC(=CC=C5)OC)CC(=O)O,,,,,,,,,1,COc1cccc(N2CCN(C3=Nc4c(F)cccc4[C@H](CC(=O)O)N3c3cc(C(F)(F)F)ccc3OC)CC2)c1
,,Valbenazine,CC(C)C[C@@H]1CN2CCC3=CC(=C(C=C3[C@H]2C[C@H]1OC(=O)[C@H](C(C)C)N)OC)OC,,,,,,,,,1,COc1cc2c(cc1OC)[C@H]1C[C@@H](OC(=O)[C@@H](N)C(C)C)[C@H](CC(C)C)CN1CC2
,,(+)-alpha-dihydrotetrabenazine,CC(C)C[C@@H]1CN2CCC3=CC(=C(C=C3[C@H]2C[C@H]1O)OC)OC,,,,,,,1,,,COc1cc2c(cc1OC)[C@H]1C[C@@H](O)[C@H](CC(C)C)CN1CC2
,,Famciclovir,CC(=O)OCC(CCN1C=NC2=CN=C(N=C21)N)COC(=O)C,0,0,0,0,0,0,0,0,0,CC(=O)OCC(CCn1cnc2cnc(N)nc21)COC(C)=O
,,clonidine,C1CN=C(N1)NC2=C(C=CC=C2Cl)Cl,1,0,0,0,0,0,1,0,1,Clc1cccc(Cl)c1NC1=NCCN1
,,enclomiphene,CCN(CC)CCOC1=CC=C(C=C1)/C(=C(\C2=CC=CC=C2)/Cl)/C3=CC=CC=C3,,,,,,,1,,,CCN(CC)CCOc1ccc(/C(=C(/Cl)c2ccccc2)c2ccccc2)cc1
,,"1alpha,25-dihydroxyvitamin D(3)",C[C@H](CCCC(C)(C)O)[C@H]1CC[C@@H]\2[C@@]1(CCC/C2=C\C=C/3\C[C@H](C[C@@H](C3=C)O)O)C,0,0,0,,0,0,0,0,1,C=C1/C(=C\C=C2/CCC[C@]3(C)[C@@H]([C@H](C)CCCC(C)(C)O)CC[C@@H]23)C[C@@H](O)C[C@@H]1O
,,Tolvaptan,CC1=CC=CC=C1C(=O)NC2=CC(=C(C=C2)C(=O)N3CCCC(C4=C3C=CC(=C4)Cl)O)C,0,,0,0,0,0,,,1,Cc1ccccc1C(=O)Nc1ccc(C(=O)N2CCCC(O)c3cc(Cl)ccc32)c(C)c1
,,Abiraterone,C[C@]12CC[C@@H](CC1=CC[C@@H]3[C@@H]2CC[C@]4([C@H]3CC=C4C5=CN=CC=C5)C)O,,,,,,,,,1,C[C@]12CC[C@H](O)CC1=CC[C@@H]1[C@@H]2CC[C@]2(C)C(c3cccnc3)=CC[C@@H]12
,,Enzalutamide,CC1(C(=O)N(C(=S)N1C2=CC(=C(C=C2)C(=O)NC)F)C3=CC(=C(C=C3)C#N)C(F)(F)F)C,,,,1,,,,,1,CNC(=O)c1ccc(N2C(=S)N(c3ccc(C#N)c(C(F)(F)F)c3)C(=O)C2(C)C)cc1F
,,elagolix,CC1=C(C(=O)N(C(=O)N1CC2=C(C=CC=C2F)C(F)(F)F)C[C@@H](C3=CC=CC=C3)NCCCC(=O)O)C4=C(C(=CC=C4)OC)F,,,,,,,,,1,COc1cccc(-c2c(C)n(Cc3c(F)cccc3C(F)(F)F)c(=O)n(C[C@H](NCCCC(=O)O)c3ccccc3)c2=O)c1F
,,Apalutamide,CNC(=O)C1=C(C=C(C=C1)N2C(=S)N(C(=O)C23CCC3)C4=CC(=C(N=C4)C#N)C(F)(F)F)F,,,,1,,,,,1,CNC(=O)c1ccc(N2C(=S)N(c3cnc(C#N)c(C(F)(F)F)c3)C(=O)C23CCC3)cc1F
,,Ulipristal acetate,CC(=O)[C@]1(CC[C@@H]2[C@@]1(C[C@@H](C3=C4CCC(=O)C=C4CC[C@@H]23)C5=CC=C(C=C5)N(C)C)C)OC(=O)C,,,,,,,,,1,CC(=O)O[C@]1(C(C)=O)CC[C@H]2[C@@H]3CCC4=CC(=O)CCC4=C3[C@@H](c3ccc(N(C)C)cc3)C[C@@]21C
,,Vilaprisan,C[C@]12C[C@@H](C3=C4CCC(=O)C=C4CC[C@H]3[C@@H]1CC[C@]2(C(C(F)(F)F)(F)F)O)C5=CC=C(C=C5)S(=O)(=O)C,,,,,,,,,1,C[C@]12C[C@H](c3ccc(S(C)(=O)=O)cc3)C3=C4CCC(=O)C=C4CC[C@H]3[C@@H]1CC[C@@]2(O)C(F)(F)C(F)(F)F
,,Vilaprisan M4,C[C@]12C[C@@H](C3=C4CC[C@H](C=C4CC[C@H]3[C@@H]1CC[C@]2(C(C(F)(F)F)(F)F)O)O)C5=CC=C(C=C5)S(=O)(=O)C,,,,,,,,,1,C[C@]12C[C@H](c3ccc(S(C)(=O)=O)cc3)C3=C4CC[C@@H](O)C=C4CC[C@H]3[C@@H]1CC[C@@]2(O)C(F)(F)C(F)(F)F
,,Eravacycline,CN(C)[C@H]1[C@@H]2C[C@@H]3CC4=C(C=C(C(=C4C(=C3C(=O)[C@@]2(C(=C(C1=O)C(=O)N)O)O)O)O)NC(=O)CN5CCCC5)F,,,,,,,,,1,CN(C)[C@@H]1C(=O)C(C(N)=O)=C(O)[C@@]2(O)C(=O)C3=C(O)c4c(O)c(NC(=O)CN5CCCC5)cc(F)c4C[C@H]3C[C@@H]12
,,JWH-200,C1COCCN1CCN2C=C(C3=CC=CC=C32)C(=O)C4=CC=CC5=CC=CC=C54,1,0,,,,1,,0,1,O=C(c1cccc2ccccc12)c1cn(CCN2CCOCC2)c2ccccc12
,,A-796260,CC1(C(C1(C)C)C(=O)C2=CN(C3=CC=CC=C32)CCN4CCOCC4)C,1,0,0,,,,,0,1,CC1(C)C(C(=O)c2cn(CCN3CCOCC3)c3ccccc23)C1(C)C
,,5F-EMB-PINACA,CCOC(=O)[C@H](C(C)C)NC(=O)C1=NN(C2=CC=CC=C21)CCCCCF,1,0,1,,,1,,0,,CCOC(=O)[C@@H](NC(=O)c1nn(CCCCCF)c2ccccc12)C(C)C
,,MAM-2201,CC1=CC=C(C2=CC=CC=C12)C(=O)C3=CN(C4=CC=CC=C43)CCCCCF,1,0,1,1,,,,0,,Cc1ccc(C(=O)c2cn(CCCCCF)c3ccccc23)c2ccccc12
,,Darifenacin,C1CN(C[C@@H]1C(C2=CC=CC=C2)(C3=CC=CC=C3)C(=O)N)CCC4=CC5=C(C=C4)OCC5,,,,,,,1,,1,NC(=O)C(c1ccccc1)(c1ccccc1)[C@@H]1CCN(CCc2ccc3c(c2)CCO3)C1
,,Stiripentol,CC(C)(C)C(/C=C/C1=CC2=C(C=C1)OCO2)O,1,,,,,1,,,1,CC(C)(C)C(O)/C=C/c1ccc2c(c1)OCO2
,,fusidic acid,C[C@H]1[C@@H]2CC[C@]3([C@H]([C@]2(CC[C@H]1O)C)[C@@H](C[C@@H]\4[C@@]3(C[C@@H](/C4=C(/CCC=C(C)C)\C(=O)O)OC(=O)C)C)O)C,0,0,,,0,0,1,0,1,CC(=O)O[C@H]1C[C@@]2(C)[C@@H](C[C@@H](O)[C@H]3[C@@]4(C)CC[C@@H](O)[C@@H](C)[C@@H]4CC[C@@]32C)/C1=C(\CCC=C(C)C)C(=O)O
,,Idelalisib,CC[C@@H](C1=NC2=C(C(=CC=C2)F)C(=O)N1C3=CC=CC=C3)NC4=NC=NC5=C4NC=N5,,,,,1,,,,1,CC[C@H](Nc1ncnc2nc[nH]c12)c1nc2cccc(F)c2c(=O)n1-c1ccccc1
,,Idelalisib M1(GS-563117),CC[C@@H](C1=NC2=C(C(=CC=C2)F)C(=O)N1C3=CC=CC=C3)NC4=NC=NC5=C4NC(=O)N5,,0,0,0,1,1,1,,1,CC[C@H](Nc1ncnc2[nH]c(=O)[nH]c12)c1nc2cccc(F)c2c(=O)n1-c1ccccc1
,,Nomegestrol acetate,CC1=C[C@@H]2[C@H](CC[C@]3([C@H]2CC[C@@]3(C(=O)C)OC(=O)C)C)[C@@H]4C1=CC(=O)CC4,,1,,,,,,,1,CC(=O)O[C@]1(C(C)=O)CC[C@H]2[C@@H]3C=C(C)C4=CC(=O)CC[C@@H]4[C@H]3CC[C@@]21C
,,Conivaptan,CC1=NC2=C(N1)CCN(C3=CC=CC=C32)C(=O)C4=CC=C(C=C4)NC(=O)C5=CC=CC=C5C6=CC=CC=C6,,,,,,,,,1,Cc1nc2c([nH]1)CCN(C(=O)c1ccc(NC(=O)c3ccccc3-c3ccccc3)cc1)c1ccccc1-2
,,Apremilast,CCOC1=C(C=CC(=C1)[C@@H](CS(=O)(=O)C)N2C(=O)C3=C(C2=O)C(=CC=C3)NC(=O)C)OC,1,1,,,,,,,1,CCOc1cc([C@@H](CS(C)(=O)=O)N2C(=O)c3cccc(NC(C)=O)c3C2=O)ccc1OC
,,Metaxalone,CC1=CC(=CC(=C1)OCC2CNC(=O)O2)C,,1,,,,1,,1,,Cc1cc(C)cc(OCC2CNC(=O)O2)c1
,,aegeline,COC1=CC=C(C=C1)C(CNC(=O)/C=C/C2=CC=CC=C2)O,,1,,,,1,,,,COc1ccc(C(O)CNC(=O)/C=C/c2ccccc2)cc1
,,guanfacine,ClC1=CC=CC(Cl)=C1CC(NC(N)=N)=O,,,,,,,,,1,N=C(N)NC(=O)Cc1c(Cl)cccc1Cl
,,omadacycline,CC(C)(C)CNCC1=CC(=C2C[C@H]3C[C@H]4[C@@H](C(=O)C(=C([C@]4(C(=O)C3=C(C2=C1O)O)O)O)C(=O)N)N(C)C)N(C)C,0,0,0,0,0,0,0,0,0,CN(C)c1cc(CNCC(C)(C)C)c(O)c2c1C[C@H]1C[C@H]3[C@H](N(C)C)C(=O)C(C(N)=O)=C(O)[C@@]3(O)C(=O)C1=C2O
,,Dydrogesterone,CC(=O)[C@H]1CC[C@@H]2[C@@]1(CC[C@@H]3[C@H]2C=CC4=CC(=O)CC[C@@]34C)C,0,,,0,0,1,0,,1,CC(=O)[C@H]1CC[C@H]2[C@@H]3C=CC4=CC(=O)CC[C@@]4(C)[C@@H]3CC[C@]12C
,,Idebenone,CC1=C(C(=O)C(=C(C1=O)OC)OC)CCCCCCCCCCO,1,,,,1,1,1,,1,COC1=C(OC)C(=O)C(CCCCCCCCCCO)=C(C)C1=O
,,Triolex (HE3286),C[C@]12CC[C@@H](CC1=C[C@@H]([C@@H]3[C@@H]2CC[C@]4([C@H]3CC[C@]4(C#C)O)C)O)O,,,,,,,,,1,C#C[C@]1(O)CC[C@H]2[C@@H]3[C@@H](O)C=C4C[C@@H](O)CC[C@]4(C)[C@H]3CC[C@@]21C
,,Lomerizine,COC1=C(C(=C(C=C1)CN2CCN(CC2)C(C3=CC=C(C=C3)F)C4=CC=C(C=C4)F)OC)OC,,,,1,1,,1,,1,COc1ccc(CN2CCN(C(c3ccc(F)cc3)c3ccc(F)cc3)CC2)c(OC)c1OC
,,Simeprevir,CC1=C(C=CC2=C1N=C(C=C2O[C@@H]3C[C@@H]4[C@@H](C3)C(=O)N(CCCC/C=C\[C@@H]5C[C@]5(NC4=O)C(=O)NS(=O)(=O)C6CC6)C)C7=NC(=CS7)C(C)C)OC,,,,,,,,,1,COc1ccc2c(O[C@@H]3C[C@H]4C(=O)N[C@]5(C(=O)NS(=O)(=O)C6CC6)C[C@H]5/C=C\CCCCN(C)C(=O)[C@@H]4C3)cc(-c3nc(C(C)C)cs3)nc2c1C
,,Elvitegravir,CC(C)[C@@H](CO)N1C=C(C(=O)C2=C1C=C(C(=C2)CC3=C(C(=CC=C3)Cl)F)OC)C(=O)O,,,,,,,,,1,COc1cc2c(cc1Cc1cccc(Cl)c1F)c(=O)c(C(=O)O)cn2[C@H](CO)C(C)C
,,Dapagliflozin,CCOC1=CC=C(C=C1)CC2=C(C=CC(=C2)[C@H]3[C@@H]([C@H]([C@@H]([C@H](O3)CO)O)O)O)Cl,1,1,,,1,,1,,1,CCOc1ccc(Cc2cc([C@@H]3O[C@H](CO)[C@@H](O)[C@H](O)[C@H]3O)ccc2Cl)cc1
,,Neratinib,CCOC1=C(C=C2C(=C1)N=CC(=C2NC3=CC(=C(C=C3)OCC4=CC=CC=N4)Cl)C#N)NC(=O)/C=C/CN(C)C,,,,,,,,,1,CCOc1cc2ncc(C#N)c(Nc3ccc(OCc4ccccn4)c(Cl)c3)c2cc1NC(=O)/C=C/CN(C)C
,,Rimonabant,CC1=C(N(N=C1C(=O)NN2CCCCC2)C3=C(C=C(C=C3)Cl)Cl)C4=CC=C(C=C4)Cl,,,,,,,,,1,Cc1c(C(=O)NN2CCCCC2)nn(-c2ccc(Cl)cc2Cl)c1-c1ccc(Cl)cc1
,,Rivaroxaban,C1COCC(=O)N1C2=CC=C(C=C2)N3C[C@@H](OC3=O)CNC(=O)C4=CC=C(S4)Cl,0,,0,0,,,1,,1,O=C(NC[C@H]1CN(c2ccc(N3CCOCC3=O)cc2)C(=O)O1)c1ccc(Cl)s1
,,Cariprazine,CN(C)C(=O)N[C@H]1CC[C@H](CCN2CCN(CC2)C2=C(Cl)C(Cl)=CC=C2)CC1,,,,,,,1,,1,CN(C)C(=O)N[C@H]1CC[C@H](CCN2CCN(c3cccc(Cl)c3Cl)CC2)CC1
,,desmethyl cariprazine,CNC(N[C@H]1CC[C@@H](CC1)CCN2CCN(C3=C(C(Cl)=CC=C3)Cl)CC2)=O,,,,,,,1,,1,CNC(=O)N[C@H]1CC[C@H](CCN2CCN(c3cccc(Cl)c3Cl)CC2)CC1
,,didesmethyl cariprazine,NC(N[C@H]1CC[C@@H](CC1)CCN2CCN(C3=C(C(Cl)=CC=C3)Cl)CC2)=O,,,,,,,,,1,NC(=O)N[C@H]1CC[C@H](CCN2CCN(c3cccc(Cl)c3Cl)CC2)CC1
,,Lofexidine,CC(C1=NCCN1)OC2=C(C=CC=C2Cl)Cl,1,,,,,1,1,,,CC(Oc1c(Cl)cccc1Cl)C1=NCCN1
,,Beclomethasone dipropionate,CCC(=O)OCC(=O)[C@]1([C@H](C[C@@H]2[C@@]1(C[C@@H]([C@]3([C@H]2CCC4=CC(=O)C=C[C@@]43C)Cl)O)C)C)OC(=O)CC,,,,,,,,,1,CCC(=O)OCC(=O)[C@@]1(OC(=O)CC)[C@@H](C)C[C@H]2[C@@H]3CCC4=CC(=O)C=C[C@]4(C)[C@@]3(Cl)[C@@H](O)C[C@@]21C
,,Tapentadol,CC[C@@H](C1=CC(=CC=C1)O)[C@@H](C)CN(C)C,,,,,1,1,,,,CC[C@@H](c1cccc(O)c1)[C@@H](C)CN(C)C
,,Tafenoquine,CC1=CC(=NC2=C1C(=C(C=C2NC(C)CCCN)OC)OC3=CC=CC(=C3)C(F)(F)F)OC,,,,,,,1,,,COc1cc(C)c2c(Oc3cccc(C(F)(F)F)c3)c(OC)cc(NC(C)CCCN)c2n1
,,NPC-1161B,CC1=C2C(=C(C=C(C2=NC=C1)N[C@H](C)CCCN)OC)OC3=CC(=C(C=C3)Cl)Cl,,,,,,,1,,,COc1cc(N[C@H](C)CCCN)c2nccc(C)c2c1Oc1ccc(Cl)c(Cl)c1
,,tiotropium,C[N+]1([C@@H]2CC(C[C@H]1[C@H]3[C@@H]2O3)OC(=O)C(C4=CC=CS4)(C5=CC=CS5)O)C,,,,,,,1,,1,C[N+]1(C)[C@@H]2CC(OC(=O)C(O)(c3cccs3)c3cccs3)C[C@H]1[C@@H]1O[C@@H]12
,,Gliquidone,CC1(C2=C(C=C(C=C2)OC)C(=O)N(C1=O)CCC3=CC=C(C=C3)S(=O)(=O)NC(=O)NC4CCCCC4)C,,,,,1,1,,,1,COc1ccc2c(c1)C(=O)N(CCc1ccc(S(=O)(=O)NC(=O)NC3CCCCC3)cc1)C(=O)C2(C)C
,,Linagliptin,CC#CCN1C2=C(N=C1N3CCC[C@H](C3)N)N(C(=O)N(C2=O)CC4=NC5=CC=CC=C5C(=N4)C)C,0,0,0,0,0,0,0,0,1,CC#CCn1c(N2CCC[C@@H](N)C2)nc2c1c(=O)n(Cc1nc(C)c3ccccc3n1)c(=O)n2C
,,Lomitapide,C1CN(CCC1NC(=O)C2=CC=CC=C2C3=CC=C(C=C3)C(F)(F)F)CCCCC4(C5=CC=CC=C5C6=CC=CC=C64)C(=O)NCC(F)(F)F,,,,,,,,,1,O=C(NC1CCN(CCCCC2(C(=O)NCC(F)(F)F)c3ccccc3-c3ccccc32)CC1)c1ccccc1-c1ccc(C(F)(F)F)cc1
,,Sitagliptin,C1CN2C(=NN=C2C(F)(F)F)CN1C(=O)C[C@@H](CC3=CC(=C(C=C3F)F)F)N,,0,0,,0,0,0,,,N[C@@H](CC(=O)N1CCn2c(nnc2C(F)(F)F)C1)Cc1cc(F)c(F)cc1F
,,Tezacaftor,CC(C)(CO)C1=CC2=CC(=C(C=C2N1C[C@H](CO)O)F)NC(=O)C3(CC3)C4=CC5=C(C=C4)OC(O5)(F)F,,,,,,,,,1,CC(C)(CO)c1cc2cc(NC(=O)C3(c4ccc5c(c4)OC(F)(F)O5)CC3)c(F)cc2n1C[C@@H](O)CO
,,Sorafenib,CNC(=O)C1=NC=CC(=C1)OC2=CC=C(C=C2)NC(=O)NC3=CC(=C(C=C3)Cl)C(F)(F)F,0,,0,,0,0,,0,1,CNC(=O)c1cc(Oc2ccc(NC(=O)Nc3ccc(Cl)c(C(F)(F)F)c3)cc2)ccn1
,,Brivaracetam,CCC[C@@H]1CC(=O)N(C1)[C@@H](CC)C(=O)N,,,,1,,,,,,CCC[C@@H]1CC(=O)N([C@@H](CC)C(N)=O)C1
,,Fluindione,C1=CC=C2C(=C1)C(=O)C(C2=O)C3=CC=C(C=C3)F,,,,,1,,,,,O=C1c2ccccc2C(=O)C1c1ccc(F)cc1
,,Pranlukast,C1=CC=C(C=C1)CCCCOC2=CC=C(C=C2)C(=O)NC3=CC=CC4=C3OC(=CC4=O)C5=NNN=N5,0,0,0,,0,0,0,0,1,O=C(Nc1cccc2c(=O)cc(-c3nn[nH]n3)oc12)c1ccc(OCCCCc2ccccc2)cc1
,,Dasabuvir,CC(C)(C)C1=CC(=CC(=C1OC)C2=CC3=C(C=C2)C=C(C=C3)NS(=O)(=O)C)N4C=CC(=O)NC4=O,0,0,,1,0,0,,0,,COc1c(-c2ccc3cc(NS(C)(=O)=O)ccc3c2)cc(-n2ccc(=O)[nH]c2=O)cc1C(C)(C)C
,,Indapamide,CC1CC2=CC=CC=C2N1NC(=O)C3=CC(=C(C=C3)Cl)S(=O)(=O)N,,,,,,1,,,1,CC1Cc2ccccc2N1NC(=O)c1ccc(Cl)c(S(N)(=O)=O)c1
,,Tesmilifene,CCN(CC)CCOC1=CC=C(C=C1)CC2=CC=CC=C2,,,,,,,1,,1,CCN(CC)CCOc1ccc(Cc2ccccc2)cc1
,,Pitolisant,C1CCN(CC1)CCCOCCCC2=CC=C(C=C2)Cl,,,,,,,1,,1,Clc1ccc(CCCOCCCN2CCCCC2)cc1
,,Ramosetron,CN1C=C(C2=CC=CC=C21)C(=O)[C@@H]3CCC4=C(C3)NC=N4,1,,,,,,1,,,Cn1cc(C(=O)[C@@H]2CCc3nc[nH]c3C2)c2ccccc21
,,Tranilast,COC1=C(C=C(C=C1)/C=C/C(=O)NC2=CC=CC=C2C(=O)O)OC,,,,,1,,,,,COc1ccc(/C=C/C(=O)Nc2ccccc2C(=O)O)cc1OC
,,Ticagrelor,CCCSC1=NC(=C2C(=N1)N(N=N2)[C@@H]3C[C@@H]([C@H]([C@H]3O)O)OCCO)N[C@@H]4C[C@H]4C5=CC(=C(C=C5)F)F,,,,,,,,,1,CCCSc1nc(N[C@@H]2C[C@H]2c2ccc(F)c(F)c2)c2nnn([C@@H]3C[C@H](OCCO)[C@@H](O)[C@H]3O)c2n1
,,tazarotenic acid,CC1(CCSC2=C1C=C(C=C2)C#CC3=NC=C(C=C3)C(=O)O)C,,,0,1,,,,,,CC1(C)CCSc2ccc(C#Cc3ccc(C(=O)O)cn3)cc21
,,Melengestrol acetate,CC1=C[C@@H]2[C@H](CC[C@]3([C@H]2CC(=C)[C@@]3(C(=O)C)OC(=O)C)C)[C@@]4(C1=CC(=O)CC4)C,1,,,1,1,1,1,,1,C=C1C[C@H]2[C@@H]3C=C(C)C4=CC(=O)CC[C@]4(C)[C@H]3CC[C@]2(C)[C@@]1(OC(C)=O)C(C)=O
,,Treprostinil,CCCCC[C@@H](CC[C@H]1[C@@H](C[C@H]2[C@@H]1CC3=C(C2)C(=CC=C3)OCC(=O)O)O)O,,,,1,1,,,,,CCCCC[C@H](O)CC[C@@H]1[C@H]2Cc3cccc(OCC(=O)O)c3C[C@H]2C[C@H]1O
,,LY2066948,CS(=O)(=O)C1=CC=C(C=C1)C2=C(C3=C(C=C2)C=C(C=C3)O)OC4=CC=C(C=C4)OCCN5CCCCC5,,,,,,,,,1,CS(=O)(=O)c1ccc(-c2ccc3cc(O)ccc3c2Oc2ccc(OCCN3CCCCC3)cc2)cc1
,,equilenin,C[C@]12CCC3=C([C@@H]1CCC2=O)C=CC4=C3C=CC(=C4)O,,,,,,,,,1,C[C@]12CCc3c(ccc4cc(O)ccc34)[C@@H]1CCC2=O
,,Ponatinib,CC1=C(C=C(C=C1)C(=O)NC2=CC(=C(C=C2)CN3CCN(CC3)C)C(F)(F)F)C#CC4=CN=C5N4N=CC=C5,,,,,,,,,1,Cc1ccc(C(=O)Nc2ccc(CN3CCN(C)CC3)c(C(F)(F)F)c2)cc1C#Cc1cnc2cccnn12
,,Silodosin,C[C@H](CC1=CC2=C(C(=C1)C(=O)N)N(CC2)CCCO)NCCOC3=CC=CC=C3OCC(F)(F)F,,,,,,,,,1,C[C@H](Cc1cc2c(c(C(N)=O)c1)N(CCCO)CC2)NCCOc1ccccc1OCC(F)(F)F
,,Flibanserin,C1CN(CCN1CCN2C3=CC=CC=C3NC2=O)C4=CC=CC(=C4)C(F)(F)F,,,,,,1,,,1,O=c1[nH]c2ccccc2n1CCN1CCN(c2cccc(C(F)(F)F)c2)CC1
,,Iloperidone,CC(=O)C1=CC(=C(C=C1)OCCCN2CCC(CC2)C3=NOC4=C3C=CC(=C4)F)OC,,,,,,,1,,1,COc1cc(C(C)=O)ccc1OCCCN1CCC(c2noc3cc(F)ccc23)CC1
,,Asenapine,CN1C[C@H]2[C@H](C1)C3=C(C=CC(=C3)Cl)OC4=CC=CC=C24,1,,,,,,,,,CN1C[C@@H]2c3ccccc3Oc3ccc(Cl)cc3[C@H]2C1
,,Lurasidone,C1CC[C@H]([C@@H](C1)CN2CCN(CC2)C3=NSC4=CC=CC=C43)CN5C(=O)[C@H]6[C@@H]7CC[C@@H](C7)[C@H]6C5=O,0,0,0,0,0,0,0,0,1,O=C1[C@@H]2[C@H]3CC[C@H](C3)[C@@H]2C(=O)N1C[C@@H]1CCCC[C@H]1CN1CCN(c2nsc3ccccc23)CC1
,,Blonanserin,CCN1CCN(CC1)C2=NC3=C(CCCCCC3)C(=C2)C4=CC=C(C=C4)F,,,,,,,,,1,CCN1CCN(c2cc(-c3ccc(F)cc3)c3c(n2)CCCCCC3)CC1
,,Perampanel,C1=CC=C(C=C1)N2C=C(C=C(C2=O)C3=CC=CC=C3C#N)C4=CC=CC=N4,1,,1,,,,,,1,N#Cc1ccccc1-c1cc(-c2ccccn2)cn(-c2ccccc2)c1=O
,,Tasimelteon,CCC(=O)NC[C@@H]1C[C@H]1C2=C3CCOC3=CC=C2,1,0,0,0,,0,1,0,0,CCC(=O)NC[C@@H]1C[C@H]1c1cccc2c1CCO2
,,Ivacaftor,CC(C)(C)C1=CC(=C(C=C1NC(=O)C2=CNC3=CC=CC=C3C2=O)O)C(C)(C)C,,,,,,,,,1,CC(C)(C)c1cc(C(C)(C)C)c(NC(=O)c2c[nH]c3ccccc3c2=O)cc1O
,,Ivacaftor M1,CC(C)(C)C1=CC(=C(C=C1NC(=O)C2=CNC3=CC=CC=C3C2=O)O)C(C)(C)CO,,,,,,,,,1,CC(C)(C)c1cc(C(C)(C)CO)c(O)cc1NC(=O)c1c[nH]c2ccccc2c1=O
,,Apixaban,COC1=CC=C(C=C1)N2C3=C(CCN(C3=O)C4=CC=C(C=C4)N5CCCCC5=O)C(=N2)C(=O)N,,,0,,,,0,0,1,COc1ccc(-n2nc(C(N)=O)c3c2C(=O)N(c2ccc(N4CCCCC4=O)cc2)CC3)cc1
,,Bedaquiline,CN(C)CC[C@@](C1=CC=CC2=CC=CC=C21)([C@H](C3=CC=CC=C3)C4=C(N=C5C=CC(=CC5=C4)Br)OC)O,,,,1,,1,,,1,COc1nc2ccc(Br)cc2cc1[C@@H](c1ccccc1)[C@@](O)(CCN(C)C)c1cccc2ccccc12
,,Selexipag,CC(C)N(CCCCOCC(=O)NS(=O)(=O)C)C1=CN=C(C(=N1)C2=CC=CC=C2)C3=CC=CC=C3,,,,1,,,,,1,CC(C)N(CCCCOCC(=O)NS(C)(=O)=O)c1cnc(-c2ccccc2)c(-c2ccccc2)n1
,,ACT-333679,CC(C)N(CCCCOCC(=O)O)C1=CN=C(C(=N1)C2=CC=CC=C2)C3=CC=CC=C3,0,,0,1,0,0,0,,,CC(C)N(CCCCOCC(=O)O)c1cnc(-c2ccccc2)c(-c2ccccc2)n1
,,Selexipag P41,CC(C)NC1=CN=C(C(=N1)C2=CC=CC=C2)C3=CC=CC=C3,1,,,,,,,,,CC(C)Nc1cnc(-c2ccccc2)c(-c2ccccc2)n1
,,Vitamin D3,C[C@H](CCCC(C)C)[C@H]1CC[C@@H]\2[C@@]1(CCC/C2=C\C=C/3\C[C@H](CCC3=C)O)C,,,,,,,,,1,C=C1CC[C@H](O)C/C1=C/C=C1\CCC[C@]2(C)[C@@H]([C@H](C)CCCC(C)C)CC[C@@H]12
,,indacaterol,CCC1=C(C=C2CC(CC2=C1)NC[C@@H](C3=C4C=CC(=O)NC4=C(C=C3)O)O)CC,,,,,,,1,,1,CCc1cc2c(cc1CC)CC(NC[C@H](O)c1ccc(O)c3[nH]c(=O)ccc13)C2
,,Ribociclib,CN(C)C(=O)C1=CC2=CN=C(N=C2N1C3CCCC3)NC4=NC=C(C=C4)N5CCNCC5,,,,,,,,,1,CN(C)C(=O)c1cc2cnc(Nc3ccc(N4CCNCC4)cn3)nc2n1C1CCCC1
,,Abemaciclib,CCN1CCN(CC1)CC2=CN=C(C=C2)NC3=NC=C(C(=N3)C4=CC5=C(C(=C4)F)N=C(N5C(C)C)C)F,,,,,,,,,1,CCN1CCN(Cc2ccc(Nc3ncc(F)c(-c4cc(F)c5nc(C)n(C(C)C)c5c4)n3)nc2)CC1
,,Abemaciclib M20,CCN1CCN(CC1)CC2=CN=C(C=C2)NC3=NC=C(C(=N3)C4=CC5=C(C(=C4)F)N=C(N5C(C)C)CO)F,,,,,,,,,1,CCN1CCN(Cc2ccc(Nc3ncc(F)c(-c4cc(F)c5nc(CO)n(C(C)C)c5c4)n3)nc2)CC1
,,Abemaciclib M2,CC1=NC2=C(N1C(C)C)C=C(C=C2F)C3=NC(=NC=C3F)NC4=NC=C(C=C4)CN5CCNCC5,,,,,,,,,1,Cc1nc2c(F)cc(-c3nc(Nc4ccc(CN5CCNCC5)cn4)ncc3F)cc2n1C(C)C
,,Niclosamide,C1=CC(=C(C=C1[N+](=O)[O-])Cl)NC(=O)C2=C(C=CC(=C2)Cl)O,1,,0,0,0,0,0,0,0,O=C(Nc1ccc([N+](=O)[O-])cc1Cl)c1cc(Cl)ccc1O
,,Megestrol acetate,CC1=C[C@@H]2[C@H](CC[C@]3([C@H]2CC[C@@]3(C(=O)C)OC(=O)C)C)[C@@]4(C1=CC(=O)CC4)C,0,0,0,0,0,0,0,0,1,CC(=O)O[C@]1(C(C)=O)CC[C@H]2[C@@H]3C=C(C)C4=CC(=O)CC[C@]4(C)[C@H]3CC[C@@]21C
,,Indisulam,C1=CC2=C(C(=C1)NS(=O)(=O)C3=CC=C(C=C3)S(=O)(=O)N)NC=C2Cl,,,,,1,1,,,,NS(=O)(=O)c1ccc(S(=O)(=O)Nc2cccc3c(Cl)c[nH]c23)cc1
,,Vilazodone,C1CN(CCN1CCCCC2=CNC3=C2C=C(C=C3)C#N)C4=CC5=C(C=C4)OC(=C5)C(=O)N,,,,,,,,,1,N#Cc1ccc2[nH]cc(CCCCN3CCN(c4ccc5oc(C(N)=O)cc5c4)CC3)c2c1
,,Duvelisib,C[C@@H](C1=CC2=C(C(=CC=C2)Cl)C(=O)N1C3=CC=CC=C3)NC4=NC=NC5=C4NC=N5,,,,,,,,,1,C[C@H](Nc1ncnc2nc[nH]c12)c1cc2cccc(Cl)c2c(=O)n1-c1ccccc1
,,imidafenacin,CC1=NC=CN1CCC(C2=CC=CC=C2)(C3=CC=CC=C3)C(=O)N,,,,0,0,,,0,1,Cc1nccn1CCC(C(N)=O)(c1ccccc1)c1ccccc1
,,Retapamulin,C[C@@H]1CC[C@@]23CCC(=O)[C@H]2[C@@]1([C@@H](C[C@@]([C@H]([C@@H]3C)O)(C)C=C)OC(=O)CSC4C[C@H]5CC[C@@H](C4)N5C)C,0,,0,0,0,0,0,,1,C=C[C@]1(C)C[C@@H](OC(=O)CSC2C[C@H]3CC[C@@H](C2)N3C)[C@]2(C)[C@H](C)CC[C@]3(CCC(=O)[C@H]32)[C@@H](C)[C@@H]1O
,,valnemulin,C[C@@H]1CC[C@@]23CCC(=O)[C@H]2[C@@]1([C@@H](C[C@@]([C@H]([C@@H]3C)O)(C)C=C)OC(=O)CSC(C)(C)CNC(=O)[C@@H](C(C)C)N)C,0,,0,0,0,0,0,,1,C=C[C@]1(C)C[C@@H](OC(=O)CSC(C)(C)CNC(=O)[C@H](N)C(C)C)[C@]2(C)[C@H](C)CC[C@]3(CCC(=O)[C@H]32)[C@@H](C)[C@@H]1O
,,tiamulin,CCN(CC)CCSCC(=O)O[C@@H]1C[C@@]([C@H]([C@@H]([C@@]23CC[C@H]([C@@]1([C@@H]2C(=O)CC3)C)C)C)O)(C)C=C,0,,0,0,0,0,0,,1,C=C[C@]1(C)C[C@@H](OC(=O)CSCCN(CC)CC)[C@]2(C)[C@H](C)CC[C@]3(CCC(=O)[C@H]32)[C@@H](C)[C@@H]1O
,,Paritaprevir,CC1=CN=C(C=N1)C(=O)N[C@H]2CCCCC/C=C\[C@@H]3C[C@]3(NC(=O)[C@@H]4C[C@H](CN4C2=O)OC5=NC6=CC=CC=C6C7=CC=CC=C75)C(=O)NS(=O)(=O)C8CC8,,,,,,,,,1,Cc1cnc(C(=O)N[C@H]2CCCCC/C=C\[C@@H]3C[C@@]3(C(=O)NS(=O)(=O)C3CC3)NC(=O)[C@@H]3C[C@@H](Oc4nc5ccccc5c5ccccc45)CN3C2=O)cn1
,,Tofacitinib,C[C@@H]1CCN(C[C@@H]1N(C)C2=NC=NC3=C2C=CN3)C(=O)CC#N,,,,,,1,,,1,C[C@@H]1CCN(C(=O)CC#N)C[C@@H]1N(C)c1ncnc2[nH]ccc12
,,Macimorelin,CC(C)(C(=O)N[C@H](CC1=CNC2=CC=CC=C21)C(=O)N[C@H](CC3=CNC4=CC=CC=C43)NC=O)N,,,,,,,,,1,CC(C)(N)C(=O)N[C@H](Cc1c[nH]c2ccccc12)C(=O)N[C@H](Cc1c[nH]c2ccccc12)NC=O
,,Dapoxetine,CN(C)[C@@H](CCOC1=CC=CC2=CC=CC=C21)C3=CC=CC=C3,,,,,,,1,,1,CN(C)[C@@H](CCOc1cccc2ccccc12)c1ccccc1
,,Pomalidomide,C1CC(=O)NC(=O)C1N2C(=O)C3=C(C2=O)C(=CC=C3)N,,0,0,0,0,,,0,,Nc1cccc2c1C(=O)N(C1CCC(=O)NC1=O)C2=O
,,Aliskiren,CC(C)[C@@H](CC1=CC(=C(C=C1)OC)OCCCOC)C[C@@H]([C@H](C[C@@H](C(C)C)C(=O)NCC(C)(C)C(=O)N)O)N,,,,,,,,,1,COCCCOc1cc(C[C@@H](C[C@H](N)[C@@H](O)C[C@H](C(=O)NCC(C)(C)C(N)=O)C(C)C)C(C)C)ccc1OC
,,Cinacalcet,C[C@H](C1=CC=CC2=CC=CC=C21)NCCCC3=CC(=CC=C3)C(F)(F)F,1,,,,,,1,,1,C[C@@H](NCCCc1cccc(C(F)(F)F)c1)c1cccc2ccccc12
,,Lacosamide,CC(=O)N[C@H](COC)C(=O)NCC1=CC=CC=C1,,,,,1,1,,,1,COC[C@@H](NC(C)=O)C(=O)NCc1ccccc1
,,Asenapine,CN1C[C@H]2[C@H](C1)C3=C(C=CC(=C3)Cl)OC4=CC=CC=C24,1,,,,,,1,,1,CN1C[C@@H]2c3ccccc3Oc3ccc(Cl)cc3[C@H]2C1
,,Nadolol,CC(C)(C)NCC(COC1=CC=CC2=C1C[C@@H]([C@@H](C2)O)O)O,0,0,0,0,0,0,0,0,0,CC(C)(C)NCC(O)COc1cccc2c1C[C@H](O)[C@H](O)C2
,,Sonidegib,C[C@@H]1CN(C[C@@H](O1)C)C2=NC=C(C=C2)NC(=O)C3=CC=CC(=C3C)C4=CC=C(C=C4)OC(F)(F)F,,,,,,,,,1,Cc1c(C(=O)Nc2ccc(N3C[C@@H](C)O[C@@H](C)C3)nc2)cccc1-c1ccc(OC(F)(F)F)cc1
,,Netupitant,CC1=CC=CC=C1C2=CC(=NC=C2N(C)C(=O)C(C)(C)C3=CC(=CC(=C3)C(F)(F)F)C(F)(F)F)N4CCN(CC4)C,,,,,1,,1,,1,Cc1ccccc1-c1cc(N2CCN(C)CC2)ncc1N(C)C(=O)C(C)(C)c1cc(C(F)(F)F)cc(C(F)(F)F)c1
,,Clofazimine,CC(/N=C1C=C2C(C=C\1NC3=CC=C(Cl)C=C3)=NC4=CC=CC=C4N2C5=CC=C(Cl)C=C5)C,,0,0,0,0,0,0,0,,CC(C)/N=c1\cc2n(-c3ccc(Cl)cc3)c3ccccc3nc-2cc1Nc1ccc(Cl)cc1
,,Avanafil,COC1=C(C=C(C=C1)CNC2=NC(=NC=C2C(=O)NCC3=NC=CC=N3)N4CCC[C@H]4CO)Cl,,,,,,,,,1,COc1ccc(CNc2nc(N3CCC[C@H]3CO)ncc2C(=O)NCc2ncccn2)cc1Cl
,,Ivosidenib,C1CC(=O)N([C@@H]1C(=O)N(C2=CC(=CN=C2)F)[C@@H](C3=CC=CC=C3Cl)C(=O)NC4CC(C4)(F)F)C5=NC=CC(=C5)C#N,,,,,,,,,1,N#Cc1ccnc(N2C(=O)CC[C@H]2C(=O)N(c2cncc(F)c2)[C@H](C(=O)NC2CC(F)(F)C2)c2ccccc2Cl)c1
,,Carboxyamidotriazole,C1=CC(=CC=C1C(=O)C2=C(C=C(C=C2Cl)CN3C(=C(N=N3)C(=O)N)N)Cl)Cl,,,,,,,,,1,NC(=O)c1nnn(Cc2cc(Cl)c(C(=O)c3ccc(Cl)cc3)c(Cl)c2)c1N
,,glycopyrronium,C[N+]1(CCC(C1)OC(=O)C(C2CCCC2)(C3=CC=CC=C3)O)C,,,,,,,1,,,C[N+]1(C)CCC(OC(=O)C(O)(c2ccccc2)C2CCCC2)C1
,,mometasone furoate,C[C@@H]1C[C@H]2[C@@H]3CCC4=CC(=O)C=C[C@@]4([C@]3([C@H](C[C@@]2([C@]1(C(=O)CCl)OC(=O)C5=CC=CO5)C)O)Cl)C,,,,,,,,,1,C[C@@H]1C[C@H]2[C@@H]3CCC4=CC(=O)C=C[C@]4(C)[C@@]3(Cl)[C@@H](O)C[C@]2(C)[C@@]1(OC(=O)c1ccco1)C(=O)CCl
,,ethylbenzene,CCC1=CC=CC=C1,1,1,1,,,1,,1,,CCc1ccccc1
,,berberine,COC1=C(C2=C[N+]3=C(C=C2C=C1)C4=CC5=C(C=C4CC3)OCO5)OC,1,0,0,,,,1,0,1,COc1ccc2cc3[n+](cc2c1OC)CCc1cc2c(cc1-3)OCO2
,,Enzalutamide,CC1(C(=O)N(C(=S)N1C2=CC(=C(C=C2)C(=O)NC)F)C3=CC(=C(C=C3)C#N)C(F)(F)F)C,,,,1,,,,,1,CNC(=O)c1ccc(N2C(=S)N(c3ccc(C#N)c(C(F)(F)F)c3)C(=O)C2(C)C)cc1F
,,Riociguat,CN(C1=C(N=C(N=C1N)C2=NN(C3=C2C=CC=N3)CC4=CC=CC=C4F)N)C(=O)OC,,,,1,,,,,1,COC(=O)N(C)c1c(N)nc(-c2nn(Cc3ccccc3F)c3ncccc23)nc1N
,,Delamanid M1,C[C@@]1(CN=C(O1)N)COC2=CC=C(C=C2)N3CCC(CC3)OC4=CC=C(C=C4)OC(F)(F)F,0,0,0,0,0,0,,,,C[C@]1(COc2ccc(N3CCC(Oc4ccc(OC(F)(F)F)cc4)CC3)cc2)CN=C(N)O1
,,Delamanid M2,C[C@@]1(C(N=C(O1)N)O)COC2=CC=C(C=C2)N3CCC(CC3)OC4=CC=C(C=C4)OC(F)(F)F,0,0,0,0,0,0,0,0,,C[C@@]1(COc2ccc(N3CCC(Oc4ccc(OC(F)(F)F)cc4)CC3)cc2)OC(N)=NC1O
,,DB289,CO/N=C(\N)/C1=CC=C(C=C1)C2=CC=C(O2)C3=CC=C(C=C3)/C(=N/OC)/N,,,,,,,,,1,CO/N=C(\N)c1ccc(-c2ccc(-c3ccc(/C(N)=N/OC)cc3)o2)cc1
,,Pentamidine,C1=CC(=CC=C1C(=N)N)OCCCCCOC2=CC=C(C=C2)C(=N)N,,,,,,,1,,,N=C(N)c1ccc(OCCCCCOc2ccc(C(=N)N)cc2)cc1
,,Paromomycin,C1[C@H]([C@@H]([C@H]([C@@H]([C@H]1N)O[C@@H]2[C@@H]([C@H]([C@@H]([C@H](O2)CO)O)O)N)O[C@H]3[C@@H]([C@@H]([C@H](O3)CO)O[C@@H]4[C@@H]([C@H]([C@@H]([C@@H](O4)CN)O)O)N)O)O)N,0,0,0,0,0,0,0,0,0,NC[C@@H]1O[C@H](O[C@H]2[C@@H](O)[C@H](O[C@@H]3[C@@H](O)[C@H](N)C[C@H](N)[C@H]3O[C@H]3O[C@H](CO)[C@@H](O)[C@H](O)[C@H]3N)O[C@@H]2CO)[C@H](N)[C@@H](O)[C@@H]1O
,,eltrombopag,CC1=C(C)C=C(N2C(/C(C(C)=N2)=N/NC3=CC=CC(C4=CC(C(O)=O)=CC=C4)=C3O)=O)C=C1,1,,,1,,,,,,CC1=NN(c2ccc(C)c(C)c2)C(=O)/C1=N/Nc1cccc(-c2cccc(C(=O)O)c2)c1O
,,Naloxegol,COCCOCCOCCOCCOCCOCCOCCO[C@H]1CC[C@]2([C@H]3CC4=C5[C@]2([C@H]1OC5=C(C=C4)O)CCN3CC=C)O,,,,,,,,,1,C=CCN1CC[C@]23c4c5ccc(O)c4O[C@H]2[C@@H](OCCOCCOCCOCCOCCOCCOCCOC)CC[C@@]3(O)[C@H]1C5
,,Canagliflozin,CC1=C(C=C(C=C1)[C@H]2[C@@H]([C@H]([C@@H]([C@H](O2)CO)O)O)O)CC3=CC=C(S3)C4=CC=C(C=C4)F,0,0,0,0,,0,,0,1,Cc1ccc([C@@H]2O[C@H](CO)[C@@H](O)[C@H](O)[C@H]2O)cc1Cc1ccc(-c2ccc(F)cc2)s1
,,Blonanserin,CCN1CCN(CC1)C2=NC3=C(CCCCCC3)C(=C2)C4=CC=C(C=C4)F,,,,,,,,,1,CCN1CCN(c2cc(-c3ccc(F)cc3)c3c(n2)CCCCCC3)CC1
,,normetandienone,C[C@]12C=CC(=O)C=C1CC[C@@H]3[C@@H]2CCC4=C3CCC4(C)C,,,,,,,,,1,CC1(C)CCC2=C1CC[C@H]1[C@H]2CCC2=CC(=O)C=C[C@@]21C
,,Hydroxychloroquine,CCN(CCCC(C)NC1=C2C=CC(=CC2=NC=C1)Cl)CCO,,,,1,,,1,,1,CCN(CCO)CCCC(C)Nc1ccnc2cc(Cl)ccc12
,,Nintedanib,CN1CCN(CC(N(C2=CC=C(N/C(C3=CC=CC=C3)=C4C(NC5=C\4C=CC(C(OC)=O)=C5)=O)C=C2)C)=O)CC1,,,,,,,,,1,COC(=O)c1ccc2c(c1)NC(=O)/C2=C(\Nc1ccc(N(C)C(=O)CN2CCN(C)CC2)cc1)c1ccccc1
,,Repinotan,C1CC2=CC=CC=C2O[C@H]1CNCCCCN3C(=O)C4=CC=CC=C4S3(=O)=O,,,,,,,1,,,O=C1c2ccccc2S(=O)(=O)N1CCCCNC[C@H]1CCc2ccccc2O1
,,Rilpivirine,CC1=CC(=CC(=C1NC2=NC(=NC=C2)NC3=CC=C(C=C3)C#N)C)/C=C/C#N,1,,,,,,,,1,Cc1cc(/C=C/C#N)cc(C)c1Nc1ccnc(Nc2ccc(C#N)cc2)n1
,,Agomelatine,CC(=O)NCCC1=CC=CC2=C1C=C(C=C2)OC,1,,,,,1,,,1,COc1ccc2cccc(CCNC(C)=O)c2c1
,,Ramelteon,CCC(=O)NCC[C@@H]1CCC2=C1C3=C(C=C2)OCC3,1,0,0,0,0,1,0,0,1,CCC(=O)NCC[C@@H]1CCc2ccc3c(c21)CCO3
,,Sotalol,CC(C)NCC(C1=CC=C(C=C1)NS(=O)(=O)C)O,0,0,0,0,0,0,0,0,0,CC(C)NCC(O)c1ccc(NS(C)(=O)=O)cc1
,,Cobicistat,CC(C)C1=NC(=CS1)CN(C)C(=O)N[C@@H](CCN2CCOCC2)C(=O)N[C@H](CC[C@H](CC3=CC=CC=C3)NC(=O)OCC4=CN=CS4)CC5=CC=CC=C5,,,,,,,1,,1,CC(C)c1nc(CN(C)C(=O)N[C@@H](CCN2CCOCC2)C(=O)N[C@H](CC[C@H](Cc2ccccc2)NC(=O)OCc2cncs2)Cc2ccccc2)cs1
,,Doravirine,CN1C(=NNC1=O)CN2C=CC(=C(C2=O)OC3=CC(=CC(=C3)C#N)Cl)C(F)(F)F,0,0,0,0,0,0,0,0,1,Cn1c(Cn2ccc(C(F)(F)F)c(Oc3cc(Cl)cc(C#N)c3)c2=O)n[nH]c1=O
,,Azelnidipine,CC1=C(C(C(=C(N1)N)C(=O)OC2CN(C2)C(C3=CC=CC=C3)C4=CC=CC=C4)C5=CC(=CC=C5)[N+](=O)[O-])C(=O)OC(C)C,,,,,,,,,1,CC1=C(C(=O)OC(C)C)C(c2cccc([N+](=O)[O-])c2)C(C(=O)OC2CN(C(c3ccccc3)c3ccccc3)C2)=C(N)N1
,,Brexpiprazole,C1CN(CCN1CCCCOC2=CC3=C(C=C2)C=CC(=O)N3)C4=C5C=CSC5=CC=C4,,,,,,,1,,1,O=c1ccc2ccc(OCCCCN3CCN(c4cccc5sccc45)CC3)cc2[nH]1
,,Vesnarinone,COC1=C(C=C(C=C1)C(=O)N2CCN(CC2)C3=CC4=C(C=C3)NC(=O)CC4)OC,,,,,,,,1,1,COc1ccc(C(=O)N2CCN(c3ccc4c(c3)CCC(=O)N4)CC2)cc1OC
,,Tepotinib,CN1CCC(CC1)COC2=CN=C(N=C2)C3=CC=CC(=C3)CN4C(=O)C=CC(=N4)C5=CC=CC(=C5)C#N,,,,1,,,,,1,CN1CCC(COc2cnc(-c3cccc(Cn4nc(-c5cccc(C#N)c5)ccc4=O)c3)nc2)CC1
,,drospirenone,C[C@]12CCC(=O)C=C1[C@@H]3C[C@@H]3[C@@H]4[C@@H]2CC[C@]5([C@H]4[C@@H]6C[C@@H]6[C@@]57CCC(=O)O7)C,,,,,,,,,1,C[C@]12CCC(=O)C=C1[C@@H]1C[C@@H]1[C@H]1[C@@H]3[C@@H]4C[C@@H]4[C@@]4(CCC(=O)O4)[C@@]3(C)CC[C@@H]12
,,estetrol,C[C@]12CC[C@H]3[C@H]([C@@H]1[C@H]([C@H]([C@@H]2O)O)O)CCC4=C3C=CC(=C4)O,,,0,0,0,,0,,0,C[C@]12CC[C@@H]3c4ccc(O)cc4CC[C@H]3[C@@H]1[C@@H](O)[C@@H](O)[C@@H]2O
,,Relugolix,CN(C)CC1=C(SC2=C1C(=O)N(C(=O)N2CC3=C(C=CC=C3F)F)C4=NN=C(C=C4)OC)C5=CC=C(C=C5)NC(=O)NOC,,,,1,,,,,,CONC(=O)Nc1ccc(-c2sc3c(c2CN(C)C)c(=O)n(-c2ccc(OC)nn2)c(=O)n3Cc2c(F)cccc2F)cc1
,,Bimatoprost,CCNC(=O)CCC/C=C\C[C@H]1[C@H](C[C@H]([C@@H]1/C=C/[C@H](CCC2=CC=CC=C2)O)O)O,,,,,,,,,1,CCNC(=O)CCC/C=C\C[C@@H]1[C@@H](/C=C/[C@@H](O)CCc2ccccc2)[C@H](O)C[C@@H]1O
,,Risdiplam,CC1=CC(=NN2C1=NC(=C2)C)C3=CC(=O)N4C=C(C=CC4=N3)N5CCNC6(C5)CC6,,,,,,,,,1,Cc1cn2nc(-c3cc(=O)n4cc(N5CCNC6(CC6)C5)ccc4n3)cc(C)c2n1
,,methacrylic acid,CC(=C)C(=O)O,,,,,,,,1,,C=C(C)C(=O)O
,,Pregabalin,CC(C)C[C@@H](CC(=O)O)CN,0,0,0,0,0,0,0,0,0,CC(C)C[C@H](CN)CC(=O)O
,,Mobocertinib,CC(C)OC(=O)C1=CN=C(N=C1C2=CN(C3=CC=CC=C32)C)NC4=C(C=C(C(=C4)NC(=O)C=C)N(C)CCN(C)C)OC,,,,,,,,,1,C=CC(=O)Nc1cc(Nc2ncc(C(=O)OC(C)C)c(-c3cn(C)c4ccccc34)n2)c(OC)cc1N(C)CCN(C)C
,,fruquintinib,CC1=C(C2=C(O1)C=C(C=C2)OC3=NC=NC4=CC(=C(C=C43)OC)OC)C(=O)NC,,,,1,1,1,,,,CNC(=O)c1c(C)oc2cc(Oc3ncnc4cc(OC)c(OC)cc34)ccc12
,,Vonoprazan,CNCC1=CN(C(=C1)C2=CC=CC=C2F)S(=O)(=O)C3=CN=CC=C3,,,1,,,1,1,,1,CNCc1cc(-c2ccccc2F)n(S(=O)(=O)c2cccnc2)c1
,,o-toluidine,CC1=CC=CC=C1N,1,,,,,,,1,,Cc1ccccc1N
,,prilocaine,CCCNC(C)C(=O)NC1=CC=CC=C1C,,,,,,,,,1,CCCNC(C)C(=O)Nc1ccccc1C
,,Benzocaine,CCOC(=O)C1=CC=C(C=C1)N,1,,1,,,,,1,,CCOC(=O)c1ccc(N)cc1
,,Darolutamide,C[C@@H](CN1C=CC(=N1)C2=CC(=C(C=C2)C#N)Cl)NC(=O)C3=NNC(=C3)C(C)O,,,,,,,,,1,CC(O)c1cc(C(=O)N[C@@H](C)Cn2ccc(-c3ccc(C#N)c(Cl)c3)n2)n[nH]1
,,Linzagolix,COC1=C(C(=C(C=C1)F)F)COC2=C(C=C(C(=C2)N3C(=O)C4=C(SC=C4NC3=O)C(=O)O)F)OC,,,,1,1,,,,1,COc1cc(F)c(-n2c(=O)[nH]c3csc(C(=O)O)c3c2=O)cc1OCc1c(OC)ccc(F)c1F
,,Ibrexafungerp,C[C@H](C(C)C)[C@]1(CC[C@@]2([C@H]3CC[C@H]4[C@]5(COC[C@]4(C3=CC[C@]2([C@@H]1C(=O)O)C)C[C@H]([C@@H]5OC[C@@](C)(C(C)(C)C)N)N6C(=NC=N6)C7=CC=NC=C7)C)C)C,,,,,,,,,1,CC(C)[C@@H](C)[C@@]1(C)CC[C@]2(C)[C@H]3CC[C@@H]4[C@@]5(COC[C@@]4(C)[C@@H](OC[C@](C)(N)C(C)(C)C)[C@H](n4ncnc4-c4ccncc4)C5)C3=CC[C@@]2(C)[C@@H]1C(=O)O
,,Finerenone,CCOC1=NC=C(C2=C1[C@@H](C(=C(N2)C)C(=O)N)C3=C(C=C(C=C3)C#N)OC)C,,,,1,0,,,,1,CCOc1ncc(C)c2c1[C@H](c1ccc(C#N)cc1OC)C(C(N)=O)=C(C)N2
,,Finerenone M1,CCOC1=NC=C(C2=NC(=C(C(=C21)C3=C(C=C(C=C3)C#N)OC)C(=O)N)C)C,0,0,0,0,0,0,0,0,1,CCOc1ncc(C)c2nc(C)c(C(N)=O)c(-c3ccc(C#N)cc3OC)c12
,,Finerenone M4,CCOC1=NC=C(C2=C1[C@@H](C(C(N2)(C)O)(C(=O)N)O)C3=C(C=C(C=C3)C#N)OC)C,0,0,0,0,0,0,0,0,1,CCOc1ncc(C)c2c1[C@H](c1ccc(C#N)cc1OC)C(O)(C(N)=O)C(C)(O)N2
,,Bexagliflozin,C1CC1OCCOC2=CC=C(C=C2)CC3=C(C=CC(=C3)[C@H]4[C@@H]([C@H]([C@@H]([C@H](O4)CO)O)O)O)Cl,0,,0,,0,0,,,1,OC[C@H]1O[C@@H](c2ccc(Cl)c(Cc3ccc(OCCOC4CC4)cc3)c2)[C@H](O)[C@@H](O)[C@@H]1O
,,piperine,C1CCN(CC1)C(=O)/C=C/C=C/C2=CC3=C(C=C2)OCO3,1,0,,0,0,,0,,0,O=C(/C=C/C=C/c1ccc2c(c1)OCO2)N1CCCCC1
,,SCT-29,CCCCN(CCCC)C(=O)/C=C/C=C/C1=CC2=C(C=C1)OCO2,0,0,,0,1,,0,,0,CCCCN(CCCC)C(=O)/C=C/C=C/c1ccc2c(c1)OCO2
,,LAU 397,CCCCN(CCCC)C(=O)/C=C/C=C/C1=CC=C(C=C1)OC,0,0,,0,1,,0,,1,CCCCN(CCCC)C(=O)/C=C/C=C/c1ccc(OC)cc1
,,LAU 399,O=C(/C=C/C=C/C1=CSC=C1)N(CCCC)CCCC,1,0,,0,1,,0,,0,CCCCN(CCCC)C(=O)/C=C/C=C/c1ccsc1
,,resiquimod,CCOCC1=NC2=C(N1CC(C)(C)O)C3=CC=CC=C3N=C2N,1,,,,,,,,1,CCOCc1nc2c(N)nc3ccccc3c2n1CC(C)(C)O
,,Ritlecitinib,C[C@H]1CC[C@H](CN1C(=O)C=C)NC2=NC=NC3=C2C=CN3,1,,,1,,,,,,C=CC(=O)N1C[C@H](Nc2ncnc3[nH]ccc23)CC[C@@H]1C
,,ripretinib,CCN1C2=CC(=NC=C2C=C(C1=O)C3=CC(=C(C=C3Br)F)NC(=O)NC4=CC=CC=C4)NC,,,,1,,,1,,1,CCn1c(=O)c(-c2cc(NC(=O)Nc3ccccc3)c(F)cc2Br)cc2cnc(NC)cc21
,,DP-5439,CCN1C2=CC(=NC=C2C=C(C1=O)C3=CC(=C(C=C3Br)F)NC(=O)NC4=CC=CC=C4)N,,,,1,,,1,1,1,CCn1c(=O)c(-c2cc(NC(=O)Nc3ccccc3)c(F)cc2Br)cc2cnc(N)cc21
,,Beraprost,CC#CCC(C)[C@@H](/C=C/[C@H]1[C@@H](C[C@H]2[C@@H]1C3=CC=CC(=C3O2)CCCC(=O)O)O)O,,0,0,,0,0,0,0,0,CC#CCC(C)[C@H](O)/C=C/[C@@H]1[C@H]2c3cccc(CCCC(=O)O)c3O[C@H]2C[C@H]1O
,,Dexmedetomidine,CC1=C(C(=CC=C1)[C@H](C)C2=CN=CN2)C,,1,,,,,,,,Cc1cccc([C@H](C)c2cnc[nH]2)c1C
,,Quizartinib,CC(C)(C)C1=CC(=NO1)NC(=O)NC2=CC=C(C=C2)C3=CN4C5=C(C=C(C=C5)OCCN6CCOCC6)SC4=N3,,,,,,,,,1,CC(C)(C)c1cc(NC(=O)Nc2ccc(-c3cn4c(n3)sc3cc(OCCN5CCOCC5)ccc34)cc2)no1
,,Selumetinib,CN1C=NC2=C1C=C(C(=C2F)NC3=C(C=C(C=C3)Br)Cl)C(=O)NOCCO,1,1,,,1,1,,1,1,Cn1cnc2c(F)c(Nc3ccc(Br)cc3Cl)c(C(=O)NOCCO)cc21
,,Raltegravir,CC1=NN=C(O1)C(=O)NC(C)(C)C2=NC(=C(C(=O)N2C)O)C(=O)NCC3=CC=C(C=C3)F,0,0,0,0,0,0,0,0,0,Cc1nnc(C(=O)NC(C)(C)c2nc(C(=O)NCc3ccc(F)cc3)c(O)c(=O)n2C)o1
,,"3,7-dihydroxyflavone",C1=CC=C(C=C1)C2=C(C(=O)C3=C(O2)C=C(C=C3)O)O,1,,,,,,,1,,O=c1c(O)c(-c2ccccc2)oc2cc(O)ccc12
,,7-Hydroxyflavone,C1=CC=C(C=C1)C2=CC(=O)C3=C(O2)C=C(C=C3)O,1,,,,,,1,,1,O=c1cc(-c2ccccc2)oc2cc(O)ccc12
,,Acacetin,COC1=CC=C(C=C1)C2=CC(=O)C3=C(C=C(C=C3O2)O)O,1,,,,,,1,,,COc1ccc(-c2cc(=O)c3c(O)cc(O)cc3o2)cc1
,,Flavone,C1=CC=C(C=C1)C2=CC(=O)C3=CC=CC=C3O2,1,1,1,,,,,,,O=c1cc(-c2ccccc2)oc2ccccc12
,,Sakuranetin,COC1=CC(=C2C(=O)C[C@H](OC2=C1)C3=CC=C(C=C3)O)O,1,,,,,,,,1,COc1cc(O)c2c(c1)O[C@H](c1ccc(O)cc1)CC2=O
,,Flavanone,C1C(OC2=CC=CC=C2C1=O)C3=CC=CC=C3,1,1,,,,,,,,O=C1CC(c2ccccc2)Oc2ccccc21
,,Pinostrobin,COC1=CC(=C2C(=O)C[C@H](OC2=C1)C3=CC=CC=C3)O,1,,,,1,,,1,,COc1cc(O)c2c(c1)O[C@H](c1ccccc1)CC2=O
,,(-)-verbenone,CC1=CC(=O)[C@H]2C[C@@H]1C2(C)C,,1,1,,,,,,,CC1=CC(=O)[C@H]2C[C@@H]1C2(C)C
,,Ubrogepant,C[C@@H]1[C@@H](C[C@@H](C(=O)N1CC(F)(F)F)NC(=O)C2=CC3=C(C[C@@]4(C3)C5=C(NC4=O)N=CC=C5)N=C2)C6=CC=CC=C6,,,,,,,,,1,C[C@@H]1[C@H](c2ccccc2)C[C@H](NC(=O)c2cnc3c(c2)C[C@@]2(C3)C(=O)Nc3ncccc32)C(=O)N1CC(F)(F)F
,,Nicotinamide,C1=CC(=CN=C1)C(=O)N,0,0,0,,0,,0,1,,NC(=O)c1cccnc1
,,azoxymethane,CN=[N+](C)[O-],,,,,,,,1,,CN=[N+](C)[O-]
,,methylazoxymethanol,C/[N+](=N/CO)/[O-],,,,,,,,1,,C/[N+]([O-])=N/CO
,,N-nitrosodimethylamine,CN(C)N=O,,,,,,,,1,,CN(C)N=O
,,Taranabant,C[C@@H]([C@@H](CC1=CC=C(C=C1)Cl)C2=CC=CC(=C2)C#N)NC(=O)C(C)(C)OC3=NC=C(C=C3)C(F)(F)F,,,,,,,,,1,C[C@H](NC(=O)C(C)(C)Oc1ccc(C(F)(F)F)cn1)[C@@H](Cc1ccc(Cl)cc1)c1cccc(C#N)c1
,,Vibegron,C1C[C@@H](N[C@@H]1CC2=CC=C(C=C2)NC(=O)[C@@H]3CCC4=NC=CC(=O)N34)[C@@H](C5=CC=CC=C5)O,,,,,,,,,1,O=C(Nc1ccc(C[C@@H]2CC[C@H]([C@H](O)c3ccccc3)N2)cc1)[C@@H]1CCc2nccc(=O)n21
,,Avapritinib,C[C@](C1=CC=C(C=C1)F)(C2=CN=C(N=C2)N3CCN(CC3)C4=NC=NN5C4=CC(=C5)C6=CN(N=C6)C)N,,,,,1,,,,1,Cn1cc(-c2cc3c(N4CCN(c5ncc([C@@](C)(N)c6ccc(F)cc6)cn5)CC4)ncnn3c2)cn1
,,Repotrectinib,C[C@H]1CNC(=O)C2=C3N=C(C=CN3N=C2)N[C@@H](C4=C(O1)C=CC(=C4)F)C,,,,,,,,,1,C[C@H]1CNC(=O)c2cnn3ccc(nc23)N[C@H](C)c2cc(F)ccc2O1
,,9-aminocamptothecin,CC[C@@]1(C2=C(COC1=O)C(=O)N3CC4=CC5=C(C=CC=C5N=C4C3=C2)N)O,0,0,0,0,0,0,0,0,1,CC[C@@]1(O)C(=O)OCc2c1cc1n(c2=O)Cc2cc3c(N)cccc3nc2-1
,,Pirtobrutinib,C[C@@H](C(F)(F)F)N1C(=C(C(=N1)C2=CC=C(C=C2)CNC(=O)C3=C(C=CC(=C3)F)OC)C(=O)N)N,,,,,,,,,1,COc1ccc(F)cc1C(=O)NCc1ccc(-c2nn([C@@H](C)C(F)(F)F)c(N)c2C(N)=O)cc1
,,Cenobamate,C1=CC=C(C(=C1)[C@H](CN2N=CN=N2)OC(=O)N)Cl,,1,1,,,1,,1,,NC(=O)O[C@@H](Cn1ncnn1)c1ccccc1Cl
,,"1,2,4-Trimethylbenzene",CC1=CC(=C(C=C1)C)C,,,,,,,,1,,Cc1ccc(C)c(C)c1
,,Gilteritinib,CCC1=C(N=C(C(=N1)C(=O)N)NC2=CC(=C(C=C2)N3CCC(CC3)N4CCN(CC4)C)OC)NC5CCOCC5,,,,,,,,,1,CCc1nc(C(N)=O)c(Nc2ccc(N3CCC(N4CCN(C)CC4)CC3)c(OC)c2)nc1NC1CCOCC1
,,Zuranolone,C[C@]1(CC[C@H]2[C@@H](C1)CC[C@@H]3[C@@H]2CC[C@]4([C@H]3CC[C@@H]4C(=O)CN5C=C(C=N5)C#N)C)O,,,,,,,,,1,C[C@@]1(O)CC[C@H]2[C@H](CC[C@@H]3[C@@H]2CC[C@]2(C)[C@@H](C(=O)Cn4cc(C#N)cn4)CC[C@@H]32)C1
,,Pemigatinib,CCN1C2=C3C=C(NC3=NC=C2CN(C1=O)C4=C(C(=CC(=C4F)OC)OC)F)CN5CCOCC5,,,,,,,,,1,CCN1C(=O)N(c2c(F)c(OC)cc(OC)c2F)Cc2cnc3[nH]c(CN4CCOCC4)cc3c21
,,lumateperone,CN1CCN2[C@H]3CCN(C[C@H]3C4=C2C1=CC=C4)CCCC(=O)C5=CC=C(C=C5)F,1,,,1,,,,,1,CN1CCN2c3c(cccc31)[C@@H]1CN(CCCC(=O)c3ccc(F)cc3)CC[C@@H]12
,,Tirbanibulin,C1COCCN1CCOC2=CC=C(C=C2)C3=CN=C(C=C3)CC(=O)NCC4=CC=CC=C4,,,,1,,,,,1,O=C(Cc1ccc(-c2ccc(OCCN3CCOCC3)cc2)cn1)NCc1ccccc1
,,Pacritinib,C1CCN(C1)CCOC2=C3COC/C=C/COCC4=CC(=CC=C4)C5=NC(=NC=C5)NC(=C3)C=C2,,,,,,,,,1,C1=C/COCc2cc(ccc2OCCN2CCCC2)Nc2nccc(n2)-c2cccc(c2)COC/1
,,Lorlatinib,C[C@@H]1C2=C(C=CC(=C2)F)C(=O)N(CC3=NN(C(=C3C4=CC(=C(N=C4)N)O1)C#N)C)C,,,,1,,1,,,1,C[C@H]1Oc2cc(cnc2N)-c2c(nn(C)c2C#N)CN(C)C(=O)c2ccc(F)cc21
,,istradefylline,CCN1C2=C(C(=O)N(C1=O)CC)N(C(=N2)/C=C/C3=CC(=C(C=C3)OC)OC)C,,,,,,,,,1,CCn1c(=O)c2c(nc(/C=C/c3ccc(OC)c(OC)c3)n2C)n(CC)c1=O
,,Abrocitinib,CCCS(=O)(=O)N[C@H]1C[C@H](C1)N(C)C1=C2C=CNC2=NC=N1,,,1,,1,1,,,1,CCCS(=O)(=O)N[C@H]1C[C@@H](N(C)c2ncnc3[nH]ccc23)C1
,,fimasartan,CCCCC1=NC(=C(C(=O)N1CC2=CC=C(C=C2)C3=CC=CC=C3C4=NNN=N4)CC(=S)N(C)C)C,0,0,0,,1,,,0,1,CCCCc1nc(C)c(CC(=S)N(C)C)c(=O)n1Cc1ccc(-c2ccccc2-c2nn[nH]n2)cc1
,,fimasartan S-oxide,CCCCC1=NC(C)=C(C/C(N(C)C)=[S+]/[O-])C(N1CC2=CC=C(C3=CC=CC=C3C4=NNN=N4)C=C2)=O,0,0,0,0,,0,0,0,1,CCCCc1nc(C)c(C/C(=[S+]/[O-])N(C)C)c(=O)n1Cc1ccc(-c2ccccc2-c2nn[nH]n2)cc1
,,BR-A-557,CCCCC1=NC(=C(C(=O)N1CC2=CC=C(C=C2)C3=CC=CC=C3C4=NNN=N4)CC(=O)N(C)C)C,0,0,0,0,0,0,0,0,1,CCCCc1nc(C)c(CC(=O)N(C)C)c(=O)n1Cc1ccc(-c2ccccc2-c2nn[nH]n2)cc1
,,Capivasertib,C1CN(CCC1(C(=O)N[C@@H](CCO)C2=CC=C(C=C2)Cl)N)C3=NC=NC4=C3C=CN4,,,,,,,,,1,NC1(C(=O)N[C@@H](CCO)c2ccc(Cl)cc2)CCN(c2ncnc3[nH]ccc23)CC1
,,argatroban,C[C@@H]1CCN(C([C@@H](NS(=O)(C2=CC=CC3=C2NCC(C)C3)=O)CCCNC(N)=N)=O)[C@@H](C(O)=O)C1,,,,,,,,,1,CC1CNc2c(cccc2S(=O)(=O)N[C@@H](CCCNC(=N)N)C(=O)N2CC[C@@H](C)C[C@@H]2C(=O)O)C1
,,Zavegepant,CC1=CC(=CC2=C1NN=C2)C[C@H](C(=O)N3CCN(CC3)C4CCN(CC4)C)NC(=O)N5CCC(CC5)C6=CC7=CC=CC=C7NC6=O,,,,,,,1,,1,Cc1cc(C[C@@H](NC(=O)N2CCC(c3cc4ccccc4[nH]c3=O)CC2)C(=O)N2CCN(C3CCN(C)CC3)CC2)cc2cn[nH]c12
,,Fedratinib,CC1=CN=C(N=C1NC2=CC(=CC=C2)S(=O)(=O)NC(C)(C)C)NC3=CC=C(C=C3)OCCN4CCCC4,,,,,,1,,,1,Cc1cnc(Nc2ccc(OCCN3CCCC3)cc2)nc1Nc1cccc(S(=O)(=O)NC(C)(C)C)c1
,,urethane,CCOC(=O)N,,,,,,,,1,,CCOC(N)=O
,,GS-441524,C1=C2C(=NC=NN2C(=C1)[C@]3([C@@H]([C@@H]([C@H](O3)CO)O)O)C#N)N,0,,0,0,0,0,0,,0,N#C[C@@]1(c2ccc3c(N)ncnn23)O[C@H](CO)[C@@H](O)[C@H]1O
,,Futibatinib,COC1=CC(=CC(=C1)C#CC2=NN(C3=NC=NC(=C23)N)[C@H]4CCN(C4)C(=O)C=C)OC,,,,,1,,1,,,C=CC(=O)N1CC[C@H](n2nc(C#Cc3cc(OC)cc(OC)c3)c3c(N)ncnc32)C1
,,Fingolimod,CCCCCCCCC1=CC=C(C=C1)CCC(CO)(CO)N,0,0,0,0,0,0,1,1,,CCCCCCCCc1ccc(CCC(N)(CO)CO)cc1
,,V-PYRRO/NO,C=CO/N=[N+](/N1CCCC1)\[O-],,1,1,,,,,1,,C=CO/N=[N+](\[O-])N1CCCC1
,,Secnidazole,CC1=NC=C(N1CC(C)O)[N+](=O)[O-],,0,,,,0,,0,,Cc1ncc([N+](=O)[O-])n1CC(C)O
,,Lefamulin,C[C@H]1[C@@H]([C@](C[C@H]([C@]2([C@H]3[C@@]1(CCC2C)CCC3=O)C)OC(=O)CS[C@@H]4CC[C@H](C[C@H]4O)N)(C)C=C)O,,,,,,,,,1,C=C[C@]1(C)C[C@@H](OC(=O)CS[C@@H]2CC[C@@H](N)C[C@H]2O)[C@]2(C)C(C)CC[C@]3(CCC(=O)[C@H]32)[C@@H](C)[C@@H]1O
,,Rimegepant,C1C[C@H](C2=C(C=CC=N2)[C@H]([C@@H]1C3=C(C(=CC=C3)F)F)N)OC(=O)N4CCC(CC4)N5C6=C(NC5=O)N=CC=C6,,,,,1,,,,1,N[C@@H]1c2cccnc2[C@H](OC(=O)N2CCC(n3c(=O)[nH]c4ncccc43)CC2)CC[C@H]1c1cccc(F)c1F
,,"1,3-Dinitropyrene",C1=CC2=C3C(=C1)C=CC4=C(C=C(C(=C43)C=C2)[N+](=O)[O-])[N+](=O)[O-],1,,,,,,,,,O=[N+]([O-])c1cc([N+](=O)[O-])c2ccc3cccc4ccc1c2c43
,,"1,6-Dinitropyrene",C1=CC2=C(C=CC3=C2C4=C1C=CC(=C4C=C3)[N+](=O)[O-])[N+](=O)[O-],,,,,,,,,1,O=[N+]([O-])c1ccc2ccc3c([N+](=O)[O-])ccc4ccc1c2c43
,,Emtricitabine,C1[C@H](O[C@H](S1)CO)N2C=C(C(=NC2=O)N)F,0,0,0,0,0,0,0,0,0,Nc1nc(=O)n([C@@H]2CS[C@H](CO)O2)cc1F
,,Nirmatrelvir,CC1([C@@H]2[C@H]1[C@H](N(C2)C(=O)[C@H](C(C)(C)C)NC(=O)C(F)(F)F)C(=O)N[C@@H](C[C@@H]3CCNC3=O)C#N)C,,,,,,,,,1,CC(C)(C)[C@H](NC(=O)C(F)(F)F)C(=O)N1C[C@H]2[C@@H]([C@H]1C(=O)N[C@H](C#N)C[C@@H]1CCNC1=O)C2(C)C
,,Capmatinib,CNC(=O)C1=C(C=C(C=C1)C2=NN3C(=CN=C3N=C2)CC4=CC5=C(C=C4)N=CC=C5)F,,,,,,,,,1,CNC(=O)c1ccc(-c2cnc3ncc(Cc4ccc5ncccc5c4)n3n2)cc1F
,,Belzutifan,CS(=O)(=O)C1=C2[C@@H]([C@@H]([C@@H](C2=C(C=C1)OC3=CC(=CC(=C3)C#N)F)F)F)O,,,,,,1,,,1,CS(=O)(=O)c1ccc(Oc2cc(F)cc(C#N)c2)c2c1[C@H](O)[C@H](F)[C@@H]2F
,,Ponesimod,CCCN=C1N(C(=O)/C(=C/C2=CC(=C(C=C2)OC[C@@H](CO)O)Cl)/S1)C3=CC=CC=C3C,,,,,,,,,1,CCCN=C1S/C(=C\c2ccc(OC[C@H](O)CO)c(Cl)c2)C(=O)N1c1ccccc1C
,,Dacomitinib,COC1=C(C=C2C(=C1)N=CN=C2NC3=CC(=C(C=C3)F)Cl)NC(=O)/C=C/CN4CCCCC4,,,,,,,1,,1,COc1cc2ncnc(Nc3ccc(F)c(Cl)c3)c2cc1NC(=O)/C=C/CN1CCCCC1
,,Trifarotene,CC(C)(C)C1=C(C=CC(=C1)C2=C(C=CC(=C2)C3=CC=C(C=C3)C(=O)O)OCCO)N4CCCC4,,,1,1,1,,,,1,CC(C)(C)c1cc(-c2cc(-c3ccc(C(=O)O)cc3)ccc2OCCO)ccc1N1CCCC1
,,tolcapone M1,CC1=CC=C(C=C1)C(=O)C2=CC(=C(C(=C2)O)O)N,1,1,,,,,,1,1,Cc1ccc(C(=O)c2cc(N)c(O)c(O)c2)cc1
,,tolcapone M2,CC1=CC=C(C=C1)C(=O)C2=CC(=C(C(=C2)O)O)NC(=O)C,1,,,,,,,,,CC(=O)Nc1cc(C(=O)c2ccc(C)cc2)cc(O)c1O
,,Fexinidazole,CN1C(=CN=C1COC2=CC=C(C=C2)SC)[N+](=O)[O-],1,,1,0,0,1,1,,1,CSc1ccc(OCc2ncc([N+](=O)[O-])n2C)cc1
,,Lemborexant,CC1=NC(=NC=C1OC[C@]2(C[C@H]2C(=O)NC3=NC=C(C=C3)F)C4=CC(=CC=C4)F)C,,,,,,,,,1,Cc1ncc(OC[C@@]2(c3cccc(F)c3)C[C@H]2C(=O)Nc2ccc(F)cn2)c(C)n1
,,Etrasimod,C1CCC(C1)C2=C(C=C(C=C2)COC3=CC4=C(C=C3)NC5=C4CC[C@@H]5CC(=O)O)C(F)(F)F,0,,0,1,1,1,,,1,O=C(O)C[C@H]1CCc2c1[nH]c1ccc(OCc3ccc(C4CCCC4)c(C(F)(F)F)c3)cc21
,,Pritelivir,CC1=C(SC(=N1)N(C)C(=O)CC2=CC=C(C=C2)C3=CC=CC=N3)S(=O)(=O)N,,,,,,,,,1,Cc1nc(N(C)C(=O)Cc2ccc(-c3ccccn3)cc2)sc1S(N)(=O)=O
,,Elexacaftor,C[C@H]1CC(N(C1)C2=C(C=CC(=N2)N3C=CC(=N3)OCC(C)(C)C(F)(F)F)C(=O)NS(=O)(=O)C4=CN(N=C4C)C)(C)C,,,,,,,,,1,Cc1nn(C)cc1S(=O)(=O)NC(=O)c1ccc(-n2ccc(OCC(C)(C)C(F)(F)F)n2)nc1N1C[C@@H](C)CC1(C)C
,,pantoprazole,COC1=C(C(=NC=C1)CS(=O)C2=NC3=C(N2)C=C(C=C3)OC(F)F)OC,,,,,,1,,,1,COc1ccnc(CS(=O)c2nc3ccc(OC(F)F)cc3[nH]2)c1OC
,,Belinostat,C1=CC=C(C=C1)NS(=O)(=O)C2=CC=CC(=C2)/C=C/C(=O)NO,,1,,,1,,,,1,O=C(/C=C/c1cccc(S(=O)(=O)Nc2ccccc2)c1)NO
,,Olutasidenib,C[C@@H](C1=CC2=C(C=CC(=C2)Cl)NC1=O)NC3=CC=C(N(C3=O)C)C#N,1,,,1,1,1,,,1,C[C@H](Nc1ccc(C#N)n(C)c1=O)c1cc2cc(Cl)ccc2[nH]c1=O
,,Nefiracetam,CC1=C(C(=CC=C1)C)NC(=O)CN2CCCC2=O,1,0,0,0,0,1,0,0,1,Cc1cccc(C)c1NC(=O)CN1CCCC1=O
,,10-Chloromethyl-11-demethyl-12-oxo-calanolide (F18),CCCC1=CC(=O)OC2=C1C3=C(C=CC(O3)(C)C)C4=C2C(=O)CC(O4)CCl,,0,,,0,0,0,0,1,CCCc1cc(=O)oc2c3c(c4c(c12)OC(C)(C)C=C4)OC(CCl)CC3=O
,,(+)-Calanolide A,CCCC1=CC(=O)OC2=C1C3=C(C=CC(O3)(C)C)C4=C2[C@H]([C@@H]([C@H](O4)C)C)O,,,,,,,,,1,CCCc1cc(=O)oc2c3c(c4c(c12)OC(C)(C)C=C4)O[C@H](C)[C@@H](C)[C@@H]3O
,,Triclabendazole,CSC1=NC2=CC(=C(C=C2N1)Cl)OC3=C(C(=CC=C3)Cl)Cl,1,,,,1,1,1,,,CSc1nc2cc(Oc3cccc(Cl)c3Cl)c(Cl)cc2[nH]1
,,Triclabendazole sulfoxide,CS(=O)C1=NC2=CC(=C(C=C2N1)Cl)OC3=C(C(=CC=C3)Cl)Cl,1,,,,1,1,1,,1,CS(=O)c1nc2cc(Oc3cccc(Cl)c3Cl)c(Cl)cc2[nH]1
,,tipranavir,CCC[C@]1(CC(=C(C(=O)O1)[C@H](CC)C2=CC(=CC=C2)NS(=O)(=O)C3=NC=C(C=C3)C(F)(F)F)O)CCC4=CC=CC=C4,0,,0,,0,,1,0,1,CCC[C@@]1(CCc2ccccc2)CC(O)=C([C@H](CC)c2cccc(NS(=O)(=O)c3ccc(C(F)(F)F)cn3)c2)C(=O)O1
,,Meclizine,CC1=CC(=CC=C1)CN2CCN(CC2)C(C3=CC=CC=C3)C4=CC=C(C=C4)Cl,,,,,,,1,,,Cc1cccc(CN2CCN(C(c3ccccc3)c3ccc(Cl)cc3)CC2)c1
,,bicifadine,CC1=CC=C(C=C1)C23CC2CNC3,,0,0,0,0,0,,0,0,Cc1ccc(C23CNCC2C3)cc1
,,suprofen,CC(C1=CC=C(C=C1)C(=O)C2=CC=CS2)C(=O)O,,,,,1,,,,,CC(C(=O)O)c1ccc(C(=O)c2cccs2)cc1
,,Erdafitinib,CC(C)NCCN(C1=CC2=NC(=CN=C2C=C1)C3=CN(N=C3)C)C4=CC(=CC(=C4)OC)OC,,,,,1,,,,1,COc1cc(OC)cc(N(CCNC(C)C)c2ccc3ncc(-c4cnn(C)c4)nc3c2)c1
,,roquinimex,CN1C2=CC=CC=C2C(=C(C1=O)C(=O)N(C)C3=CC=CC=C3)O,0,,,,0,0,0,,1,CN(C(=O)c1c(O)c2ccccc2n(C)c1=O)c1ccccc1
,,Tirapazamine,C1=CC=C2C(=C1)[N+](=C(N=[N+]2[O-])N)[O-],,,,,,,,1,,Nc1n[n+]([O-])c2ccccc2[n+]1[O-]
,,Adagrasib,CN1CCC[C@H]1COC2=NC3=C(CCN(C3)C4=CC=CC5=C4C(=CC=C5)Cl)C(=N2)N6CCN([C@H](C6)CC#N)C(=O)C(=C)F,0,0,0,1,0,0,,0,,C=C(F)C(=O)N1CCN(c2nc(OC[C@@H]3CCCN3C)nc3c2CCN(c2cccc4cccc(Cl)c24)C3)C[C@@H]1CC#N
,,Cethromycin,CC[C@@H]1[C@@]2([C@@H]([C@H](C(=O)[C@@H](C[C@@]([C@@H]([C@H](C(=O)[C@H](C(=O)O1)C)C)O[C@H]3[C@@H]([C@H](C[C@H](O3)C)N(C)C)O)(C)OCC=CC4=CC5=CC=CC=C5N=C4)C)C)NC(=O)O2)C,,,,,,,,,1,CC[C@H]1OC(=O)[C@H](C)C(=O)[C@H](C)[C@@H](O[C@@H]2O[C@H](C)C[C@H](N(C)C)[C@H]2O)[C@](C)(OCC=Cc2cnc3ccccc3c2)C[C@@H](C)C(=O)[C@H](C)[C@H]2NC(=O)O[C@@]21C
,,Ombitasvir M23,CC(C)(C)C1=CC=C(C=C1)N2[C@@H](CC[C@H]2C3=CC=C(C=C3)N)C4=CC=C(C=C4)N,,,,1,,,,,,CC(C)(C)c1ccc(N2[C@H](c3ccc(N)cc3)CC[C@H]2c2ccc(N)cc2)cc1
,,methimazole,CN1C=CNC1=S,,1,,,,,,,,Cn1cc[nH]c1=S
,,Fezolinetant,C[C@@H]1C2=NN=C(N2CCN1C(=O)C3=CC=C(C=C3)F)C4=NC(=NS4)C,1,0,0,0,1,1,1,0,0,Cc1nsc(-c2nnc3n2CCN(C(=O)c2ccc(F)cc2)[C@@H]3C)n1
,,desglymidodrine,COC1=CC(=C(C=C1)OC)C(CN)O,,0,0,0,0,,1,0,0,COc1ccc(OC)c(C(O)CN)c1
,,Abametapir,CC1=CN=C(C=C1)C2=NC=C(C=C2)C,1,,,,,,,,,Cc1ccc(-c2ccc(C)cn2)nc1
,,Avacopan,CC1=C(C(=CC=C1)F)C(=O)N2CCC[C@@H]([C@@H]2C3=CC=C(C=C3)NC4CCCC4)C(=O)NC5=CC(=C(C=C5)C)C(F)(F)F,,,,,,1,1,,,Cc1ccc(NC(=O)[C@H]2CCCN(C(=O)c3c(C)cccc3F)[C@H]2c2ccc(NC3CCCC3)cc2)cc1C(F)(F)F
,,Entecavir,C=C1[C@H](C[C@@H]([C@H]1CO)O)N2C=NC3=C2N=C(NC3=O)N,0,0,0,0,0,0,0,0,0,C=C1[C@H](CO)[C@@H](O)C[C@@H]1n1cnc2c(=O)[nH]c(N)nc21
,,Atogepant,C[C@@H]1[C@@H](C[C@@H](C(=O)N1CC(F)(F)F)NC(=O)C2=CC3=C(C[C@@]4(C3)C5=C(NC4=O)N=CC=C5)N=C2)C6=C(C=CC(=C6F)F)F,,,,,,,1,,1,C[C@@H]1[C@H](c2c(F)ccc(F)c2F)C[C@H](NC(=O)c2cnc3c(c2)C[C@@]2(C3)C(=O)Nc3ncccc32)C(=O)N1CC(F)(F)F
,,Sotagliflozin,CCOC1=CC=C(C=C1)CC2=C(C=CC(=C2)[C@H]3[C@@H]([C@H]([C@@H]([C@H](O3)SC)O)O)O)Cl,,,,,,,,,1,CCOc1ccc(Cc2cc([C@@H]3O[C@H](SC)[C@@H](O)[C@H](O)[C@H]3O)ccc2Cl)cc1
,,Butyrfentanyl,CCCC(=O)N(C1CCN(CC1)CCC2=CC=CC=C2)C3=CC=CC=C3,,,,,,,1,,1,CCCC(=O)N(c1ccccc1)C1CCN(CCc2ccccc2)CC1
,,U-47700,CN(C)[C@H]1CCCC[C@@H]1N(C)C(=O)C2=CC(=C(C=C2)Cl)Cl,,,1,,,1,,,1,CN(C)[C@H]1CCCC[C@@H]1N(C)C(=O)c1ccc(Cl)c(Cl)c1
,,glycyrrhetinic acid,C[C@]12CC[C@](C[C@H]1C3=CC(=O)[C@@H]4[C@]5(CC[C@@H](C([C@@H]5CC[C@]4([C@@]3(CC2)C)C)(C)C)O)C)(C)C(=O)O,,,,,,,,,1,CC1(C)[C@@H](O)CC[C@]2(C)[C@H]3C(=O)C=C4[C@@H]5C[C@@](C)(C(=O)O)CC[C@]5(C)CC[C@@]4(C)[C@]3(C)CC[C@@H]12
,,Iptacopan,CCO[C@H]1CCN([C@@H](C1)C2=CC=C(C=C2)C(=O)O)CC3=C(C=C(C4=C3C=CN4)C)OC,,,,1,,,,,,CCO[C@H]1CCN(Cc2c(OC)cc(C)c3[nH]ccc23)[C@H](c2ccc(C(=O)O)cc2)C1
,,Omaveloxolone,C[C@@]12CC[C@]3(CCC(C[C@H]3[C@H]1C(=O)C=C4[C@]2(CC[C@@H]5[C@@]4(C=C(C(=O)C5(C)C)C#N)C)C)(C)C)NC(=O)C(C)(F)F,,,,1,,,,,,CC1(C)CC[C@]2(NC(=O)C(C)(F)F)CC[C@]3(C)[C@H](C(=O)C=C4[C@@]5(C)C=C(C#N)C(=O)C(C)(C)[C@@H]5CC[C@]43C)[C@@H]2C1
,,Pimavanserin,CC(C)COC1=CC=C(C=C1)CNC(=O)N(CC2=CC=C(C=C2)F)C3CCN(CC3)C,,,,,,,1,,1,CC(C)COc1ccc(CNC(=O)N(Cc2ccc(F)cc2)C2CCN(C)CC2)cc1
,,Mavacamten,C[C@@H](C1=CC=CC=C1)NC2=CC(=O)N(C(=O)N2)C(C)C,,,,,,1,,0,1,CC(C)n1c(=O)cc(N[C@@H](C)c2ccccc2)[nH]c1=O
,,Diethyl ether,CCOCC,,,,,,,,1,,CCOCC
,,Daprodustat,C1CCC(CC1)N2C(=O)C(C(=O)N(C2=O)C3CCCCC3)C(=O)NCC(=O)O,,,,1,,,,,,O=C(O)CNC(=O)C1C(=O)N(C2CCCCC2)C(=O)N(C2CCCCC2)C1=O
,,Samidorphan,C1CC1CN2CC[C@]34CC(=O)CC[C@]3([C@H]2CC5=C4C(=C(C=C5)C(=O)N)O)O,,,,1,,1,,,1,NC(=O)c1ccc2c(c1O)[C@]13CCN(CC4CC4)[C@H](C2)[C@]1(O)CCC(=O)C3
,,Baloxavir,C1COC[C@@H]2N1C(=O)C3=C(C(=O)C=CN3N2[C@H]4C5=C(CSC6=CC=CC=C46)C(=C(C=C5)F)F)O,,,,,,,,,1,O=C1c2c(O)c(=O)ccn2N([C@@H]2c3ccccc3SCc3c2ccc(F)c3F)[C@@H]2COCCN12
,,Tucatinib,CC1=C(C=CC(=C1)NC2=NC=NC3=C2C=C(C=C3)NC4=NC(CO4)(C)C)OC5=CC6=NC=NN6C=C5,,,,1,,,,,,Cc1cc(Nc2ncnc3ccc(NC4=NC(C)(C)CO4)cc23)ccc1Oc1ccn2ncnc2c1
,,Glasdegib,CN1CC[C@H](C[C@@H]1C2=NC3=CC=CC=C3N2)NC(=O)NC4=CC=C(C=C4)C#N,,,,1,,,,,1,CN1CC[C@@H](NC(=O)Nc2ccc(C#N)cc2)C[C@@H]1c1nc2ccccc2[nH]1
,,NCX-4016,CC(=O)OC1=CC=CC=C1C(=O)OC2=CC=CC(=C2)CO[N+](=O)[O-],1,,,,1,,,1,,CC(=O)Oc1ccccc1C(=O)Oc1cccc(CO[N+](=O)[O-])c1
,,nitroglycerin,C(C(CO[N+](=O)[O-])O[N+](=O)[O-])O[N+](=O)[O-],,1,,1,1,,1,1,1,O=[N+]([O-])OCC(CO[N+](=O)[O-])O[N+](=O)[O-]
,,Tivozanib,CC1=CC(=NO1)NC(=O)NC2=C(C=C(C=C2)OC3=C4C=C(C(=CC4=NC=C3)OC)OC)Cl,,,,,,,,,1,COc1cc2nccc(Oc3ccc(NC(=O)Nc4cc(C)on4)c(Cl)c3)c2cc1OC
,,Alpelisib,CC1=C(SC(=N1)NC(=O)N2CCC[C@H]2C(=O)N)C3=CC(=NC=C3)C(C)(C)C(F)(F)F,,0,,,0,,0,,1,Cc1nc(NC(=O)N2CCC[C@H]2C(N)=O)sc1-c1ccnc(C(C)(C)C(F)(F)F)c1
,,Temsavir,CC1=NN(C=N1)C2=NC=C(C3=C2NC=C3C(=O)C(=O)N4CCN(CC4)C(=O)C5=CC=CC=C5)OC,,,,,,,,,1,COc1cnc(-n2cnc(C)n2)c2[nH]cc(C(=O)C(=O)N3CCN(C(=O)c4ccccc4)CC3)c12
,,linezolid,CC(=O)NC[C@H]1CN(C(=O)O1)C2=CC(=C(C=C2)N3CCOCC3)F,0,0,0,,0,0,,0,,CC(=O)NC[C@H]1CN(c2ccc(N3CCOCC3)c(F)c2)C(=O)O1
,,Diallyl sulfide,C=CCSCC=C,,,,,,,,1,,C=CCSCC=C
,,sodium tanshinone IIA sulfonate,CC1=C(OC2=C1C(=O)C(=O)C3=C2C=CC4=C3CCCC4(C)C)S(=O)(=O)[O-].[Na+],0,0,,,0,0,0,0,1,Cc1c(S(=O)(=O)O)oc2c1C(=O)C(=O)c1c-2ccc2c1CCCC2(C)C
,,tanshinone IIA,CC1=COC2=C1C(=O)C(=O)C3=C2C=CC4=C3CCCC4(C)C,0,1,0,0,0,0,0,0,0,Cc1coc2c1C(=O)C(=O)c1c-2ccc2c1CCCC2(C)C
,,paeonol,CC(=O)C1=C(C=C(C=C1)OC)O,1,1,0,0,0,0,0,0,0,COc1ccc(C(C)=O)c(O)c1
,,liquiritigenin,C1[C@H](OC2=C(C1=O)C=CC(=C2)O)C3=CC=C(C=C3)O,1,0,0,0,0,0,0,0,0,O=C1C[C@@H](c2ccc(O)cc2)Oc2cc(O)ccc21
,,SQ109,CC(=CCC/C(=C/CNCCNC1C2CC3CC(C2)CC1C3)/C)C,0,0,0,0,0,1,1,,0,CC(C)=CCC/C(C)=C/CNCCNC1C2CC3CC(C2)CC1C3
,,Osilodrostat,C1CC2=CN=CN2[C@H]1C3=C(C=C(C=C3)C#N)F,,,1,,,,1,,1,N#Cc1ccc([C@H]2CCc3cncn32)c(F)c1
,,Nirogacestat,CCC[C@@H](C(=O)NC1=CN(C=N1)C(C)(C)CNCC(C)(C)C)N[C@H]2CCC3=C(C2)C(=CC(=C3)F)F,,,,,1,1,1,,1,CCC[C@H](N[C@H]1CCc2cc(F)cc(F)c2C1)C(=O)Nc1cn(C(C)(C)CNCC(C)(C)C)cn1
,,Asciminib,C1CN(C[C@@H]1O)C2=C(C=C(C=N2)C(=O)NC3=CC=C(C=C3)OC(F)(F)Cl)C4=CC=NN4,,,,,,,,,1,O=C(Nc1ccc(OC(F)(F)Cl)cc1)c1cnc(N2CC[C@@H](O)C2)c(-c2ccn[nH]2)c1
,,Acalabrutinib,CC#CC(=O)N1CCC[C@H]1C2=NC(=C3N2C=CN=C3N)C4=CC=C(C=C4)C(=O)NC5=CC=CC=N5,,,,,,,,,1,CC#CC(=O)N1CCC[C@H]1c1nc(-c2ccc(C(=O)Nc3ccccn3)cc2)c2c(N)nccn12
,,Nalmefene,C=C1CC[C@]2([C@H]3CC4=C5[C@]2([C@H]1OC5=C(C=C4)O)CCN3CC6CC6)O,,,,,,0,0,,1,C=C1CC[C@@]2(O)[C@H]3Cc4ccc(O)c5c4[C@@]2(CCN3CC2CC2)[C@H]1O5
,,masitinib,CC1=C(C=C(C=C1)NC(=O)C2=CC=C(C=C2)CN3CCN(CC3)C)NC4=NC(=CS4)C5=CN=CC=C5,,,,1,,,1,,1,Cc1ccc(NC(=O)c2ccc(CN3CCN(C)CC3)cc2)cc1Nc1nc(-c2cccnc2)cs1
,,(-)-terpinen-4-ol,CC1=CC[C@](CC1)(C(C)C)O,1,1,0,0,0,0,0,0,1,CC1=CC[C@@](O)(C(C)C)CC1
,,(+)-terpinen-4-ol,CC1=CC[C@@](CC1)(C(C)C)O,1,1,0,0,0,0,0,0,1,CC1=CC[C@](O)(C(C)C)CC1
,,avitriptan,CNS(=O)(=O)CC1=CC2=C(C=C1)NC=C2CCCN3CCN(CC3)C4=NC=NC=C4OC,,,,,,,1,,1,CNS(=O)(=O)Cc1ccc2[nH]cc(CCCN3CCN(c4ncncc4OC)CC3)c2c1
,,Upadacitinib,CC[C@@H]1CN(C[C@@H]1C2=CN=C3N2C4=C(NC=C4)N=C3)C(=O)NCC(F)(F)F,,,,,,,,,1,CC[C@@H]1CN(C(=O)NCC(F)(F)F)C[C@@H]1c1cnc2cnc3[nH]ccc3n12
,,Oxymetazoline,CC1=CC(=C(C(=C1CC2=NCCN2)C)O)C(C)(C)C,0,,0,0,0,1,0,0,0,Cc1cc(C(C)(C)C)c(O)c(C)c1CC1=NCCN1
,,Triflumuron,C1=CC=C(C(=C1)C(=O)NC(=O)NC2=CC=C(C=C2)OC(F)(F)F)Cl,,1,1,1,1,,1,,1,O=C(NC(=O)c1ccccc1Cl)Nc1ccc(OC(F)(F)F)cc1
,,Selpercatinib,CC(C)(COC1=CN2C(=C(C=N2)C#N)C(=C1)C3=CN=C(C=C3)N4CC5CC(C4)N5CC6=CN=C(C=C6)OC)O,,,,,,,,,1,COc1ccc(CN2C3CC2CN(c2ccc(-c4cc(OCC(C)(C)O)cn5ncc(C#N)c45)cn2)C3)cn1
,,Lurbinectedin,CC1=CC2=C([C@@H]3[C@@H]4[C@H]5C6=C(C(=C7C(=C6[C@@H](N4[C@H]([C@H](C2)N3C)O)COC(=O)[C@@]8(CS5)C9=C(CCN8)C2=C(N9)C=CC(=C2)OC)OCO7)C)OC(=O)C)C(=C1OC)O,,,,,,,,,1,COc1ccc2[nH]c3c(c2c1)CCN[C@]31CS[C@@H]2c3c(OC(C)=O)c(C)c4c(c3[C@H](COC1=O)N1[C@@H]2[C@H]2c3c(cc(C)c(OC)c3O)C[C@@H]([C@@H]1O)N2C)OCO4
,,sumatriptan,CNS(=O)(=O)CC1=CC2=C(C=C1)NC=C2CCN(C)C,,,,,0,,,,0,CNS(=O)(=O)Cc1ccc2[nH]cc(CCN(C)C)c2c1
,,N-Desmethyl sumatriptan,CNCCC1=CNC2=C1C=C(C=C2)CS(=O)(=O)NC,,,,,0,0,,,0,CNCCc1c[nH]c2ccc(CS(=O)(=O)NC)cc12
,,Zolmitriptan,CN(C)CCC1=CNC2=C1C=C(C=C2)C[C@H]3COC(=O)N3,,,,,0,0,1,,0,CN(C)CCc1c[nH]c2ccc(C[C@H]3COC(=O)N3)cc12
,,Roxadustat,CC1=C2C=C(C=CC2=C(C(=N1)C(=O)NCC(=O)O)O)OC3=CC=CC=C3,,,,1,,,,,,Cc1nc(C(=O)NCC(=O)O)c(O)c2ccc(Oc3ccccc3)cc12
,,Tapinarof,CC(C)C1=C(C=C(C=C1O)/C=C/C2=CC=CC=C2)O,1,,,,1,1,1,,1,CC(C)c1c(O)cc(/C=C/c2ccccc2)cc1O
,,Pretomanid,C1[C@@H](COC2=NC(=CN21)[N+](=O)[O-])OCC3=CC=C(C=C3)OC(F)(F)F,,,,,,,,,1,O=[N+]([O-])c1cn2c(n1)OC[C@@H](OCc1ccc(OC(F)(F)F)cc1)C2
,,Hydroxyzine,C1CN(CCN1CCOCCO)C(C2=CC=CC=C2)C3=CC=C(C=C3)Cl,,,,,,,,,1,OCCOCCN1CCN(C(c2ccccc2)c2ccc(Cl)cc2)CC1
,,1-methylpyrene,CC1=C2C=CC3=CC=CC4=C3C2=C(C=C1)C=C4,1,,,,,,,,1,Cc1ccc2ccc3cccc4ccc1c2c34
,,1-ethylpyrene,CCC1=C2C=CC3=CC=CC4=C3C2=C(C=C4)C=C1,1,,,,,,,,1,CCc1ccc2ccc3cccc4ccc1c2c34
,,Vamorolone,C[C@@H]1C[C@H]2[C@@H]3CCC4=CC(=O)C=C[C@@]4(C3=CC[C@@]2([C@]1(C(=O)CO)O)C)C,,,,1,,,,,1,C[C@@H]1C[C@H]2[C@@H]3CCC4=CC(=O)C=C[C@]4(C)C3=CC[C@]2(C)[C@@]1(O)C(=O)CO
,,5F-Apinaca (5F-AKB48),C1C2CC3CC1CC(C2)(C3)NC(=O)C4=NN(C5=CC=CC=C54)CCCCCF,,,,1,,,1,,1,O=C(NC12CC3CC(CC(C3)C1)C2)c1nn(CCCCCF)c2ccccc12
,,"2,2',3,6-tetrachlorobiphenyl (CB45)",C1=CC=C(C(=C1)C2=C(C=CC(=C2Cl)Cl)Cl)Cl,,,1,,,,,,,Clc1ccccc1-c1c(Cl)ccc(Cl)c1Cl
,,fluorene,C1C2=CC=CC=C2C3=CC=CC=C31,,,,,,,,,1,c1ccc2c(c1)Cc1ccccc1-2
,,helenalin,C[C@@H]1C[C@@H]2[C@H]([C@@H]([C@]3([C@H]1C=CC3=O)C)O)C(=C)C(=O)O2,0,,1,0,0,0,0,0,1,C=C1C(=O)O[C@@H]2C[C@@H](C)[C@@H]3C=CC(=O)[C@@]3(C)[C@@H](O)[C@H]12
,,flufenamate,C1=CC=C(C(=C1)C(=O)[O-])NC2=CC=CC(=C2)C(F)(F)F,,,,1,1,,,,1,O=C(O)c1ccccc1Nc1cccc(C(F)(F)F)c1
,,meclofenamic acid,CC1=C(C(=C(C=C1)Cl)NC2=CC=CC=C2C(=O)O)Cl,,,,,1,1,,,1,Cc1ccc(Cl)c(Nc2ccccc2C(=O)O)c1Cl
,,mefenamic acid,CC1=C(C(=CC=C1)NC2=CC=CC=C2C(=O)O)C,,,,1,1,1,,,1,Cc1cccc(Nc2ccccc2C(=O)O)c1C
,,tolfenamic acid,CC1=C(C=CC=C1Cl)NC2=CC=CC=C2C(=O)O,,,,,1,1,,,1,Cc1c(Cl)cccc1Nc1ccccc1C(=O)O
,,6:2 fluorotelomer alcohol,C(CO)C(C(C(C(C(C(F)(F)F)(F)F)(F)F)(F)F)(F)F)(F)F,,1,,,,,,,,OCCC(F)(F)C(F)(F)C(F)(F)C(F)(F)C(F)(F)C(F)(F)F
,,Zanubrutinib,C=CC(=O)N1CCC(CC1)[C@@H]2CCNC3=C(C(=NN23)C4=CC=C(C=C4)OC5=CC=CC=C5)C(=O)N,,,,,,,,,1,C=CC(=O)N1CCC([C@@H]2CCNc3c(C(N)=O)c(-c4ccc(Oc5ccccc5)cc4)nn32)CC1
,,psoralidin,CC(=CCC1=CC2=C(C=C1O)OC(=O)C3=C2OC4=C3C=CC(=C4)O)C,,0,0,1,,1,,0,0,CC(C)=CCc1cc2c(cc1O)oc(=O)c1c3ccc(O)cc3oc21
,,bergamottin,CC(=CCC/C(=C/COC1=C2C=CC(=O)OC2=CC3=C1C=CO3)/C)C,,,1,,1,,,,,CC(C)=CCC/C(C)=C/COc1c2ccoc2cc2oc(=O)ccc12
,,Rutaevin,C[C@@]12CC[C@H]3[C@]([C@@]14[C@H](O4)C(=O)O[C@H]2C5=COC=C5)([C@H](C(=O)[C@@H]6[C@@]37COC(=O)C[C@@H]7OC6(C)C)O)C,0,,0,0,0,0,0,0,1,CC1(C)O[C@H]2CC(=O)OC[C@]23[C@H]2CC[C@@]4(C)[C@H](c5ccoc5)OC(=O)[C@H]5O[C@]54[C@]2(C)[C@@H](O)C(=O)[C@@H]13
,,pentaerythritol tetranitrate,C(C(CO[N+](=O)[O-])(CO[N+](=O)[O-])CO[N+](=O)[O-])O[N+](=O)[O-],,,,,1,,,,,O=[N+]([O-])OCC(CO[N+](=O)[O-])(CO[N+](=O)[O-])CO[N+](=O)[O-]
,,Epaminurad(UR-1102),C1COC2=C(N1C(=O)C3=CC(=C(C(=C3)Br)O)Br)C=NC=C2,0,0,0,0,1,0,0,0,0,O=C(c1cc(Br)c(O)c(Br)c1)N1CCOc2ccncc21
,,Fraxinellone,CC1=C2C(=O)O[C@H]([C@@]2(CCC1)C)C3=COC=C3,0,,0,0,0,,,0,1,CC1=C2C(=O)O[C@@H](c3ccoc3)[C@]2(C)CCC1
,,ataluren,C1=CC=C(C(=C1)C2=NC(=NO2)C3=CC(=CC=C3)C(=O)O)F,0,0,0,0,0,0,0,0,0,O=C(O)c1cccc(-c2noc(-c3ccccc3F)n2)c1
,,Columbin,C[C@@]12CC[C@H]3C(=O)O[C@@H](C[C@]3([C@@H]1[C@@H]4C=C[C@]2(C(=O)O4)O)C)C5=COC=C5,0,,0,0,0,,0,0,1,C[C@@]12C[C@@H](c3ccoc3)OC(=O)[C@@H]1CC[C@]1(C)[C@H]2[C@@H]2C=C[C@@]1(O)C(=O)O2
,,Nomilin,CC(=O)O[C@H]1CC(=O)OC([C@H]2[C@]1([C@H]3CC[C@]4([C@@H](OC(=O)[C@@H]5[C@@]4([C@@]3(C(=O)C2)C)O5)C6=COC=C6)C)C)(C)C,0,,0,0,0,0,,0,1,CC(=O)O[C@H]1CC(=O)OC(C)(C)[C@@H]2CC(=O)[C@]3(C)[C@H](CC[C@@]4(C)[C@H](c5ccoc5)OC(=O)[C@H]5O[C@]543)[C@@]12C
,,evodol,C[C@@]12CC[C@H]3[C@]([C@@]14[C@H](O4)C(=O)O[C@H]2C5=COC=C5)(C(=O)C(=C6[C@@]37COC(=O)C[C@@H]7OC6(C)C)O)C,,,,,1,,,,1,CC1(C)O[C@H]2CC(=O)OC[C@@]23C1=C(O)C(=O)[C@]1(C)[C@@H]3CC[C@@]2(C)[C@H](c3ccoc3)OC(=O)[C@H]3O[C@]321
,,Obacunone,C[C@@]12CC[C@@H]3[C@]4(C=CC(=O)OC([C@@H]4CC(=O)[C@]3([C@@]15[C@H](O5)C(=O)O[C@H]2C6=COC=C6)C)(C)C)C,0,,0,0,0,0,0,0,1,CC1(C)OC(=O)C=C[C@]2(C)[C@H]3CC[C@@]4(C)[C@H](c5ccoc5)OC(=O)[C@H]5O[C@]54[C@]3(C)C(=O)C[C@@H]12
,,Marrubiin,C[C@@H]1C[C@@H]2[C@H]3[C@](CCC[C@@]3([C@]1(CCC4=COC=C4)O)C)(C(=O)O2)C,,,,,1,1,,,1,C[C@@H]1C[C@H]2OC(=O)[C@@]3(C)CCC[C@@](C)([C@@H]23)[C@@]1(O)CCc1ccoc1
,,8-epidiosbulbin E acetate,CC(=O)O[C@H]1C[C@H]2C(=O)O[C@@H](C[C@]2([C@H]3[C@H]1[C@H]4C[C@@H](C3)OC4=O)C)C5=COC=C5,0,0,0,,0,,,0,1,CC(=O)O[C@H]1C[C@H]2C(=O)O[C@H](c3ccoc3)C[C@@]2(C)[C@@H]2C[C@@H]3C[C@@H](C(=O)O3)[C@@H]12
,,Bromfenac indolinone,C1C2=C(C(=CC=C2)C(=O)C3=CC=C(C=C3)Br)NC1=O,1,,,,,1,1,,,O=C1Cc2cccc(C(=O)c3ccc(Br)cc3)c2N1
,,alpha-asarone,C/C=C/C1=CC(=C(C=C1OC)OC)OC,1,,,,,1,,,1,C/C=C/c1cc(OC)c(OC)cc1OC
,,N-(2-Methoxyphenyl)hydroxylamine,COC1=CC=CC=C1NO,1,1,1,,,1,1,1,1,COc1ccccc1NO
,,humantenmine,CCC1=N[C@H]2C[C@@]3([C@H]4CC1[C@@H]2CO4)C5=CC=CC=C5N(C3=O)OC,,,,,,1,,,1,CCC1=N[C@H]2C[C@@]3(C(=O)N(OC)c4ccccc43)[C@H]3CC1[C@@H]2CO3
,,Bufotalin,CC(=O)O[C@H]1C[C@@]2([C@@H]3CC[C@@H]4C[C@H](CC[C@@]4([C@H]3CC[C@@]2([C@H]1C5=COC(=O)C=C5)C)C)O)O,0,0,0,0,0,0,0,0,1,CC(=O)O[C@H]1C[C@]2(O)[C@@H]3CC[C@@H]4C[C@@H](O)CC[C@]4(C)[C@H]3CC[C@]2(C)[C@H]1c1ccc(=O)oc1
,,rosmarinic acid,C1=CC(=C(C=C1C[C@H](C(=O)O)OC(=O)/C=C/C2=CC(=C(C=C2)O)O)O)O,1,,,,,,,,1,O=C(/C=C/c1ccc(O)c(O)c1)O[C@H](Cc1ccc(O)c(O)c1)C(=O)O
,,SYL-927,CCC1=NC(=CO1)C2=CC=C(C=C2)C3=CC=C(C=C3)CCC(CO)(CO)N,,,0,,0,,,0,0,CCc1nc(-c2ccc(-c3ccc(CCC(N)(CO)CO)cc3)cc2)co1
,,Phenazepam,C1C(=O)NC2=C(C=C(C=C2)Br)C(=N1)C3=CC=CC=C3Cl,,,,,,,,,1,O=C1CN=C(c2ccccc2Cl)c2cc(Br)ccc2N1
,,AZD9496,C[C@@H]1CC2=C([C@H](N1CC(C)(C)F)C3=C(C=C(C=C3F)/C=C/C(=O)O)F)NC4=CC=CC=C24,0,0,,1,0,0,0,0,0,C[C@@H]1Cc2c([nH]c3ccccc23)[C@@H](c2c(F)cc(/C=C/C(=O)O)cc2F)N1CC(C)(C)F
,,"4,5-dimethoxycanthin-6-one",COC1=C(C(=O)N2C3=CC=CC=C3C4=C2C1=NC=C4)OC,,,,,1,,1,,1,COc1c(OC)c2nccc3c4ccccc4n(c1=O)c23
,,Scoparone,COC1=C(C=C2C(=C1)C=CC(=O)O2)OC,,,0,0,0,0,0,0,,COc1cc2ccc(=O)oc2cc1OC
,,AZD6738,C[C@@H]1COCCN1C2=NC(=NC(=C2)C3(CC3)[S@](=N)(=O)C)C4=CN=CC5=C4C=CN5,0,0,0,1,0,0,0,0,,C[C@@H]1COCCN1c1cc(C2([S@](C)(=N)=O)CC2)nc(-c2cncc3[nH]ccc23)n1
,,AZ8982,C[C@@H]1COCCN1C2=NC(C3=CN=CC4=C3C=CN4)=NC(C5([S@@](C)=O)CC5)=C2,0,0,0,,0,0,0,0,1,C[C@@H]1COCCN1c1cc(C2([S@@](C)=O)CC2)nc(-c2cncc3[nH]ccc23)n1
,,Artepillin C,CC(=CCC1=CC(=CC(=C1O)CC=C(C)C)/C=C/C(=O)O)C,,,,,1,,,1,,CC(C)=CCc1cc(/C=C/C(=O)O)cc(CC=C(C)C)c1O
,,Saracatinib,CN1CCN(CC1)CCOC2=CC3=C(C(=C2)OC4CCOCC4)C(=NC=N3)NC5=C(C=CC6=C5OCO6)Cl,,,,,,,,,1,CN1CCN(CCOc2cc(OC3CCOCC3)c3c(Nc4c(Cl)ccc5c4OCO5)ncnc3c2)CC1
,,chelidonine,CN1CC2=C(C=CC3=C2OCO3)[C@@H]4[C@H]1C5=CC6=C(C=C5C[C@@H]4O)OCO6,1,0,0,,0,1,,0,1,CN1Cc2c(ccc3c2OCO3)[C@@H]2[C@H]1c1cc3c(cc1C[C@@H]2O)OCO3
,,chrysophanol,CC1=CC2=C(C(=C1)O)C(=O)C3=C(C2=O)C=CC=C3O,1,,1,,,,,,1,Cc1cc(O)c2c(c1)C(=O)c1cccc(O)c1C2=O
,,luseogliflozin,CCOC1=CC=C(C=C1)CC2=CC(=C(C=C2C)OC)[C@H]3[C@@H]([C@H]([C@@H]([C@H](S3)CO)O)O)O,0,0,0,,,,,0,1,CCOc1ccc(Cc2cc([C@@H]3S[C@H](CO)[C@@H](O)[C@H](O)[C@H]3O)c(OC)cc2C)cc1
,,8:2 fluorotelomer,C(CO)C(C(C(C(C(C(C(C(F)(F)F)(F)F)(F)F)(F)F)(F)F)(F)F)(F)F)(F)F,0,0,0,0,0,1,0,0,0,OCCC(F)(F)C(F)(F)C(F)(F)C(F)(F)C(F)(F)C(F)(F)C(F)(F)C(F)(F)F
,,isocorynoxeine,CO/C=C(\[C@H]1C[C@H]2[C@]3(CCN2C[C@@H]1C=C)C4=CC=CC=C4NC3=O)/C(=O)OC,,,,,,1,1,,,C=C[C@H]1CN2CC[C@@]3(C(=O)Nc4ccccc43)[C@@H]2C[C@@H]1/C(=C\OC)C(=O)OC
,,lanceolatin B,C1=CC=C(C=C1)C2=CC(=O)C3=C(O2)C4=C(C=C3)OC=C4,1,,,,,,,,,O=c1cc(-c2ccccc2)oc2c1ccc1occc12
,,Evogliptin,CC(C)(C)OC[C@@H]1C(=O)NCCN1C(=O)C[C@@H](CC2=CC(=C(C=C2F)F)F)N,0,0,0,0,0,0,0,0,1,CC(C)(C)OC[C@@H]1C(=O)NCCN1C(=O)C[C@H](N)Cc1cc(F)c(F)cc1F
,,lefetamine,CN(C)[C@H](CC1=CC=CC=C1)C2=CC=CC=C2,1,,1,,,,1,,1,CN(C)[C@H](Cc1ccccc1)c1ccccc1
,,Ephenidine(NEDPA),CCNC(CC1=CC=CC=C1)C2=CC=CC=C2,1,,1,,,,,,,CCNC(Cc1ccccc1)c1ccccc1
,,NPDPA,CC(C)NC(CC1=CC=CC=C1)C2=CC=CC=C2,,,1,,,,,,1,CC(C)NC(Cc1ccccc1)c1ccccc1
,,T-2 toxin,CC1=C[C@@H]2[C@](C[C@@H]1OC(=O)CC(C)C)([C@]3([C@@H]([C@H]([C@H]([C@@]34CO4)O2)O)OC(=O)C)C)COC(=O)C,1,,1,,,,1,1,1,CC(=O)OC[C@]12C[C@H](OC(=O)CC(C)C)C(C)=C[C@H]1O[C@@H]1[C@H](O)[C@@H](OC(C)=O)[C@@]2(C)[C@]12CO2
,,Oxysophocarpine,C1C[C@H]2CN3[C@H](CC=CC3=O)[C@@H]4[C@H]2[N+](C1)(CCC4)[O-],0,,,0,,0,,0,,O=C1C=CC[C@@H]2[C@H]3CCC[N+]4([O-])CCC[C@@H](CN12)[C@@H]34
,,alpha-pyrrolidinovalerophenone (alpha-PVP),CCCC(C(=O)C1=CC=CC=C1)N2CCCC2,,,1,,,1,1,,,CCCC(C(=O)c1ccccc1)N1CCCC1
,,methylenedioxypyrovalerone (MDPV),CCCC(C(=O)C1=CC2=C(C=C1)OCO2)N3CCCC3,1,,,,1,1,1,,,CCCC(C(=O)c1ccc2c(c1)OCO2)N1CCCC1
,,methedrone,CC(C(=O)C1=CC=C(C=C1)OC)NC,,,,,,,1,,,CNC(C)C(=O)c1ccc(OC)cc1
,,AKB-48,CCCCCN1C2=CC=CC=C2C(=N1)C(=O)NC34CC5CC(C3)CC(C5)C4,,,,,,1,1,0,1,CCCCCn1nc(C(=O)NC23CC4CC(CC(C4)C2)C3)c2ccccc21
,,AB-CHMINACA,CC(C)[C@@H](C(=O)N)NC(=O)C1=NN(C2=CC=CC=C21)CC3CCCCC3,,,,,,,,0,1,CC(C)[C@H](NC(=O)c1nn(CC2CCCCC2)c2ccccc12)C(N)=O
,,"2,2',4,4',6-pentabromodiphenyl ether (BDE-100)",C1=CC(=C(C=C1Br)Br)OC2=C(C=C(C=C2Br)Br)Br,0,0,1,0,0,,0,0,,Brc1ccc(Oc2c(Br)cc(Br)cc2Br)c(Br)c1
,,isoimperatorin,CC(=CCOC1=C2C=CC(=O)OC2=CC3=C1C=CO3)C,1,,1,,,,1,,,CC(C)=CCOc1c2ccoc2cc2oc(=O)ccc12
,,GSK5182,CN(C)CCOC1=CC=C(C=C1)/C(=C(/CCCO)\C2=CC=CC=C2)/C3=CC=C(C=C3)O,,0,0,0,0,0,,,1,CN(C)CCOc1ccc(/C(=C(/CCCO)c2ccccc2)c2ccc(O)cc2)cc1
,,bencycloquidium bromide,C[N+]12CCC(CC1)C(C2)OCC(C3CCCC3)(C4=CC=CC=C4)O.[Br-],0,,0,0,0,,1,0,0,C[N+]12CCC(CC1)C(OCC(O)(c1ccccc1)C1CCCC1)C2
,,"(20S,24R)-epoxy-dammarane-3,12,25-triol",CC1(C)[C@@H](O)CC[C@@]2(C)[C@H]1CC[C@]3(C)[C@@H]2C[C@@H](O)[C@H]4[C@@]3(C)CCC4[C@@H]5CC[C@H](C(C)(O)C)O5,,,,,,,,,1,CC(C)(O)[C@H]1CC[C@@H](C2CC[C@]3(C)[C@@H]2[C@H](O)C[C@@H]2[C@@]4(C)CC[C@H](O)C(C)(C)[C@@H]4CC[C@]23C)O1
,,Cajaninstilbene acid,CC(=CCC1=C(C=C(C(=C1O)C(=O)O)/C=C/C2=CC=CC=C2)OC)C,1,,,,1,0,,0,1,COc1cc(/C=C/c2ccccc2)c(C(=O)O)c(O)c1CC=C(C)C
,,benfuracarb,CCOC(=O)CCN(C(C)C)SN(C)C(=O)OC1=CC=CC2=C1OC(C2)(C)C,,0,1,,1,1,,0,1,CCOC(=O)CCN(SN(C)C(=O)Oc1cccc2c1OC(C)(C)C2)C(C)C
,,S002-333,COC1=CC=C(C=C1)S(=O)(=O)N2CC3=C(CC2C(=O)N)C4=CC=CC=C4N3,,,,,1,1,,,1,COc1ccc(S(=O)(=O)N2Cc3[nH]c4ccccc4c3CC2C(N)=O)cc1
,,glaucine,CN1CCC2=CC(=C(C3=C2[C@@H]1CC4=CC(=C(C=C43)OC)OC)OC)OC,1,0,0,0,0,1,1,0,1,COc1cc2c(cc1OC)-c1c(OC)c(OC)cc3c1[C@H](C2)N(C)CC3
,,benzoylaconine,CCN1C[C@@]2([C@@H](C[C@@H]([C@@]34[C@@H]2[C@H]([C@@H]([C@H]31)[C@@]5([C@@H]6[C@H]4C[C@@]([C@@H]6OC(=O)C7=CC=CC=C7)([C@H]([C@@H]5O)OC)O)O)OC)OC)O)COC,,,,,,,,,1,CCN1C[C@]2(COC)[C@H](O)C[C@H](OC)[C@@]34[C@@H]5C[C@@]6(O)[C@H](OC(=O)c7ccccc7)[C@@H]5[C@@](O)([C@@H]([C@H](OC)[C@H]23)[C@@H]14)[C@@H](O)[C@@H]6OC
,,benzoylmesaconine,CN1C[C@@]2([C@@H](C[C@@H]([C@@]34[C@@H]2[C@H]([C@@H](C31)[C@@]5([C@@H]6[C@H]4C[C@@]([C@@H]6OC(=O)C7=CC=CC=C7)([C@H]([C@@H]5O)OC)O)O)OC)OC)O)COC,,,,,,,,,1,COC[C@]12CN(C)C3[C@@H]4[C@H](OC)[C@H]1[C@@]3([C@@H](OC)C[C@H]2O)[C@@H]1C[C@@]2(O)[C@H](OC(=O)c3ccccc3)[C@@H]1[C@]4(O)[C@@H](O)[C@@H]2OC
,,benzoylhypaconine,CN1C[C@@]2(CC[C@@H]([C@@]34[C@@H]2[C@H]([C@@H](C31)[C@@]5([C@@H]6[C@H]4C[C@@]([C@@H]6OC(=O)C7=CC=CC=C7)([C@H]([C@@H]5O)OC)O)O)OC)OC)COC,,,,,,,,,1,COC[C@@]12CC[C@H](OC)[C@]34C([C@H]([C@H](OC)[C@H]13)[C@]1(O)[C@H]3[C@@H](OC(=O)c5ccccc5)[C@](O)(C[C@H]34)[C@@H](OC)[C@@H]1O)N(C)C2
,,acrylamide,C=CC(=O)N,,,,,,,,1,,C=CC(N)=O
,,3-n-Butylphthalide (NBP),CCCCC1C2=CC=CC=C2C(=O)O1,1,1,1,,,1,,1,1,CCCCC1OC(=O)c2ccccc21
,,Dolutegravir,C[C@@H]1CCO[C@@H]2N1C(=O)C3=C(C(=O)C(=CN3C2)C(=O)NCC4=C(C=C(C=C4)F)F)O,0,,0,0,0,0,0,,1,C[C@@H]1CCO[C@H]2Cn3cc(C(=O)NCc4ccc(F)cc4F)c(=O)c(O)c3C(=O)N12
,,O2C3,C[C@H](CCCC(O)(C)C)[C@H]1CC[C@@H]2[C@@]1(CCC/C2=C\C=C3C[C@H](C([C@@H](C\3=C)O)OCCCO)O)C,0,,,,0,,,,1,C=C1/C(=C\C=C2/CCC[C@]3(C)[C@@H]([C@H](C)CCCC(C)(C)O)CC[C@@H]23)C[C@@H](O)C(OCCCO)[C@@H]1O
,,sesamin,C1[C@H]2[C@H](CO[C@@H]2C3=CC4=C(C=C3)OCO4)[C@H](O1)C5=CC6=C(C=C5)OCO6,1,,,,1,1,1,0,,c1cc2c(cc1[C@H]1OC[C@H]3[C@@H]1CO[C@@H]3c1ccc3c(c1)OCO3)OCO2
,,Episesamin,C1[C@H]2[C@H](CO[C@@H]2C3=CC4=C(C=C3)OCO4)[C@@H](O1)C5=CC6=C(C=C5)OCO6,1,,,,1,1,0,0,0,c1cc2c(cc1[C@H]1OC[C@H]3[C@@H]1CO[C@H]3c1ccc3c(c1)OCO3)OCO2
,,bilastine,CCOCCN1C2=CC=CC=C2N=C1C3CCN(CC3)CCC4=CC=C(C=C4)C(C)(C)C(=O)O,0,0,0,0,0,0,0,0,0,CCOCCn1c(C2CCN(CCc3ccc(C(C)(C)C(=O)O)cc3)CC2)nc2ccccc21
,,mephedrone,CC1=CC=C(C=C1)C(=O)C(C)NC,,,,,0,,1,,,CNC(C)C(=O)c1ccc(C)cc1
,,bilirubin,CC1=C(NC(=C1CCC(=O)O)CC2=C(C(=C(N2)/C=C\3/C(=C(C(=O)N3)C)C=C)C)CCC(=O)O)/C=C\4/C(=C(C(=O)N4)C=C)C,,1,,,,,,,,C=CC1=C(C)/C(=C/c2[nH]c(Cc3[nH]c(/C=C4\NC(=O)C(C)=C4C=C)c(C)c3CCC(=O)O)c(CCC(=O)O)c2C)NC1=O
,,3-Bromomethcathinone,CC(C(=O)C1=CC(=CC=C1)Br)NC,,,1,,,,1,,,CNC(C)C(=O)c1cccc(Br)c1
,,3-Fluoromethcathinone,CC(C(=O)C1=CC(=CC=C1)F)NC,,,1,,,,1,,,CNC(C)C(=O)c1cccc(F)c1
,,Ilaprazole,CC1=C(C=CN=C1CS(=O)C2=NC3=C(N2)C=C(C=C3)N4C=CC=C4)OC,,0,,0,0,,0,,1,COc1ccnc(CS(=O)c2nc3ccc(-n4cccc4)cc3[nH]2)c1C
,,3-cyanomethyl-4-methyl-DCK (CMDCK),CC1=C(C(=O)OC2=C1C=CC3=C2[C@H]([C@H](C(O3)(C)C)OC(=O)[C@]45CC[C@@](C4(C)C)(C(=O)O5)C)OC(=O)[C@]67CC[C@@](C6(C)C)(C(=O)O7)C)CC#N,,,,,,,,,1,Cc1c(CC#N)c(=O)oc2c3c(ccc12)OC(C)(C)[C@H](OC(=O)[C@@]12CC[C@](C)(C(=O)O1)C2(C)C)[C@@H]3OC(=O)[C@@]12CC[C@](C)(C(=O)O1)C2(C)C
,,chlorodibromoacetic acid,C(=O)(C(Cl)(Br)Br)O,,,,,,,,1,,O=C(O)C(Cl)(Br)Br
,,4-tert-Butylphenylacetylene,CC(C)(C)C1=CC=C(C=C1)C#C,,,1,,,,,,,C#Cc1ccc(C(C)(C)C)cc1
,,NGF1568,COC1=CC=CC(=C1O)CNC2=C3C(=NC(=N2)Cl)N(C=N3)[C@H]4[C@@H]([C@@H]([C@H](O4)CO)O)O,0,0,0,0,0,0,0,0,0,COc1cccc(CNc2nc(Cl)nc3c2ncn3[C@@H]2O[C@H](CO)[C@@H](O)[C@H]2O)c1O
,,aconitine,CCN1C[C@@]2([C@@H](C[C@@H]([C@@]34[C@@H]2[C@H]([C@@H](C31)[C@@]5([C@@H]6[C@H]4C[C@@]([C@@H]6OC(=O)C7=CC=CC=C7)([C@H]([C@@H]5O)OC)O)OC(=O)C)OC)OC)O)COC,0,,,,,0,1,0,1,CCN1C[C@]2(COC)[C@H](O)C[C@H](OC)[C@]34C1[C@H]([C@H](OC)[C@H]23)[C@]1(OC(C)=O)[C@H]2[C@@H](OC(=O)c3ccccc3)[C@](O)(C[C@H]24)[C@@H](OC)[C@@H]1O
,,"N-isobutyldodeca-2E,4E,8Z,10Z-tetraenamide",C/C=C\C=C/CC/C=C/C=C/C(=O)NCC(C)C,1,0,,,1,1,1,1,,C/C=C\C=C/CC/C=C/C=C/C(=O)NCC(C)C
,,"17,17-Dimethyl-18-norandrosta-1,4,13-trien-3-one",C[C@]12C=CC(=O)C=C1CC[C@@H]3[C@@H]2CCC4=C3CCC4(C)C,,,0,,0,,0,,1,CC1(C)CCC2=C1CC[C@H]1[C@H]2CCC2=CC(=O)C=C[C@@]21C
,,motesanib,CC1(CNC2=C1C=CC(=C2)NC(=O)C3=C(N=CC=C3)NCC4=CC=NC=C4)C,0,0,1,0,0,0,1,0,1,CC1(C)CNc2cc(NC(=O)c3cccnc3NCc3ccncc3)ccc21
,,dipyridamole,C1CCN(CC1)C2=NC(=NC3=C2N=C(N=C3N4CCCCC4)N(CCO)CCO)N(CCO)CCO,,0,0,,0,,1,0,1,OCCN(CCO)c1nc(N2CCCCC2)c2nc(N(CCO)CCO)nc(N3CCCCC3)c2n1
,,olomoucine II,CC[C@H](CO)NC1=NC(=C2C(=N1)N(C=N2)C(C)C)NCC3=CC=CC=C3O,,0,,,0,,,0,1,CC[C@H](CO)Nc1nc(NCc2ccccc2O)c2ncn(C(C)C)c2n1
,,Nile Red,CCN(CC)C1=CC2=C(C=C1)N=C3C4=CC=CC=C4C(=O)C=C3O2,,,,,,,,,1,CCN(CC)c1ccc2nc3c4ccccc4c(=O)cc-3oc2c1
,,celecoxib,CC1=CC=C(C=C1)C2=CC(=NN2C3=CC=C(C=C3)S(=O)(=O)N)C(F)(F)F,,,,,1,,,,,Cc1ccc(-c2cc(C(F)(F)F)nn2-c2ccc(S(N)(=O)=O)cc2)cc1
,,compound 4,CC1=CC=C(C=C1)C2=CC(=NN2C3=CC=C(C=C3)SC)C(F)(F)F,,,,,1,,,,,CSc1ccc(-n2nc(C(F)(F)F)cc2-c2ccc(C)cc2)cc1
,,compound 6,CC1=CC=C(C=C1)C2=CC(=NN2C3=CC=C(C=C3)S(=O)(=O)C)C(F)(F)F,,,,,1,,,,,Cc1ccc(-c2cc(C(F)(F)F)nn2-c2ccc(S(C)(=O)=O)cc2)cc1
,,compound 8,CC1=CC=C(C=C1)C2=CC(=NN2C3=CC=C(C=C3)C(=O)OCC)C(F)(F)F,,,,,1,,,,,CCOC(=O)c1ccc(-n2nc(C(F)(F)F)cc2-c2ccc(C)cc2)cc1
,,compound 9,C1=CC(=CC=C1C2=CC(=NN2C3=CC=C(C=C3)S(=O)(=O)N)C(F)(F)F)C(F)(F)F,,,,,0,,,,,NS(=O)(=O)c1ccc(-n2nc(C(F)(F)F)cc2-c2ccc(C(F)(F)F)cc2)cc1
,,(R)-tofisopam,CC[C@H]1C(=NN=C(C2=CC(=C(C=C12)OC)OC)C3=CC(=C(C=C3)OC)OC)C,0,0,0,0,1,1,,0,1,CC[C@H]1C(C)=NN=C(c2ccc(OC)c(OC)c2)c2cc(OC)c(OC)cc21
,,(S)-tofisopam,CC[C@@H]1C(=NN=C(C2=CC(=C(C=C12)OC)OC)C3=CC(=C(C=C3)OC)OC)C,,0,0,0,1,1,0,0,1,CC[C@@H]1C(C)=NN=C(c2ccc(OC)c(OC)c2)c2cc(OC)c(OC)cc21
,,racemic tofisopam M1,CCC1C(=NN=C(C2=CC(=C(C=C12)O)OC)C3=CC(=C(C=C3)OC)OC)C,,0,0,0,1,1,0,0,,CCC1C(C)=NN=C(c2ccc(OC)c(OC)c2)c2cc(OC)c(O)cc21
,,racemic tofisopam M3,CCC1C(=NN=C(C2=CC(=C(C=C12)OC)OC)C3=CC(=C(C=C3)O)OC)C,0,0,0,0,0,0,0,0,1,CCC1C(C)=NN=C(c2ccc(O)c(OC)c2)c2cc(OC)c(OC)cc21
,,(-)-deprenyl,C[C@H](CC1=CC=CC=C1)N(C)CC#C,,,1,,,1,1,,,C#CCN(C)[C@H](C)Cc1ccccc1
,,MPPE,CN(CCC1=CC=CC=C1)CC#C,,,1,,,1,1,,,C#CCN(C)CCc1ccccc1
,,KR-32570,COC1=C(C=C(C=C1)Cl)C2=CC=C(O2)C(=O)N=C(N)N,1,0,0,0,0,1,0,,1,COc1ccc(Cl)cc1-c1ccc(C(=O)N=C(N)N)o1
,,imrecoxib,CCCN1CC(=C(C1=O)C2=CC=C(C=C2)C)C3=CC=C(C=C3)S(=O)(=O)C,,,,,1,,1,,,CCCN1CC(c2ccc(S(C)(=O)=O)cc2)=C(c2ccc(C)cc2)C1=O
,,MTEP,CC1=NC(=CS1)C#CC2=CN=CC=C2,1,,,,1,1,,,,Cc1nc(C#Cc2cccnc2)cs1
,,"1,10-diazachrysene (1,10-DAC)",C1=CC2=C(C3=C(C=C2)C4=C(C=C3)N=CC=C4)N=C1,1,,,,,,,,,c1cnc2c(c1)ccc1c3cccnc3ccc12
,,"4,10-DAC",C1=CC2=C(C3=C(C=C2)C4=C(C=CC=N4)C=C3)N=C1,1,1,,,,,,,,c1cnc2c(c1)ccc1c2ccc2cccnc21
,,N-methyl-2-pyrrolidone (NMP),CN1CCCC1=O,,,,,,,,1,,CN1CCCC1=O
,,pitavastatin,C1CC1C2=NC3=CC=CC=C3C(=C2/C=C/[C@H](C[C@H](CC(=O)O)O)O)C4=CC=C(C=C4)F,,,,,1,,,,,O=C(O)C[C@H](O)C[C@H](O)/C=C/c1c(C2CC2)nc2ccccc2c1-c1ccc(F)cc1
,,N-nitrosopiperidine (NPIP),C1CCN(CC1)N=O,,1,,,,,,1,,O=NN1CCCCC1
,,N-nitrosoanabasine (NABS),C1CCN([C@@H](C1)C2=CN=CC=C2)N=O,,1,,,,,,,1,O=NN1CCCC[C@H]1c1cccnc1
,,N-nitrosoanatabine (NATB),C1C=CCN([C@@H]1C2=CN=CC=C2)N=O,,1,,,,,,,,O=NN1CC=CC[C@H]1c1cccnc1
,,8-Oxo-Benzylguanine,C1=CC=C(C=C1)COC2=NC(=NC3=C2NC(=O)N3)N,1,,,,,,,,,Nc1nc(OCc2ccccc2)c2[nH]c(=O)[nH]c2n1
,,N-Nitrosobenzylmethylamine (NBzMA),CN(CC1=CC=CC=C1)N=O,0,1,,,0,0,0,1,0,CN(Cc1ccccc1)N=O
,,trimethylamine,CN(C)C,0,0,0,0,0,0,0,0,0,CN(C)C
,,"2,4-Dichlorophenoxyacetic acid",C1=CC(=C(C=C1Cl)Cl)OCC(=O)O,,,,,,,,,1,O=C(O)COc1ccc(Cl)cc1Cl
,,17-(Allylamino)-17-demethoxygeldanamycin (Tanespimycin),C[C@H]1C[C@@H]([C@@H]([C@H](/C=C(/[C@@H]([C@H](/C=C\C=C(\C(=O)NC2=CC(=O)C(=C(C1)C2=O)NCC=C)/C)OC)OC(=O)N)\C)C)O)OC,,,,,,,,,1,C=CCNC1=C2C[C@@H](C)C[C@H](OC)[C@H](O)[C@@H](C)/C=C(\C)[C@H](OC(N)=O)[C@@H](OC)/C=C\C=C(/C)C(=O)NC(=CC1=O)C2=O
,,mofarotene,C/C(=C\C1=CC=C(C=C1)OCCN2CCOCC2)/C3=CC4=C(C=C3)C(CCC4(C)C)(C)C,1,,,,,,,,1,C/C(=C\c1ccc(OCCN2CCOCC2)cc1)c1ccc2c(c1)C(C)(C)CCC2(C)C
,,"1,2-epoxy-3-butene",C=CC1CO1,,,,,,,,1,,C=CC1CO1
,,4-AcO-DET,CCN(CC)CCC1=CNC2=C1C(=CC=C2)OC(=O)C,1,,,,,,1,0,1,CCN(CC)CCc1c[nH]c2cccc(OC(C)=O)c12
,,dermocybin,CC1=CC2=C(C(=C1)O)C(=O)C3=C(C2=O)C(=C(C(=C3O)O)OC)O,1,,1,,1,,1,1,1,COc1c(O)c(O)c2c(c1O)C(=O)c1cc(C)cc(O)c1C2=O
,,dermorubin,CC1=C(C(=C2C(=C1O)C(=O)C3=C(C2=O)C(=CC(=C3)O)OC)O)C(=O)O,0,0,0,0,0,0,0,0,0,COc1cc(O)cc2c1C(=O)c1c(O)c(C(=O)O)c(C)c(O)c1C2=O
,,SCO-267,CC1=NC(=CC=C1)N(CC(C)(C)C)C(=O)C2=C(C=C(C=C2)OC)N3CCC(CC3)COC4=NC=CC(=C4)[C@@H](CC(=O)O)C5CC5,0,,0,0,0,0,0,0,1,COc1ccc(C(=O)N(CC(C)(C)C)c2cccc(C)n2)c(N2CCC(COc3cc([C@@H](CC(=O)O)C4CC4)ccn3)CC2)c1
,,cannabinol,CCCCCC1=CC(=C2C(=C1)OC(C3=C2C=C(C=C3)C)(C)C)O,,0,0,,1,1,1,0,,CCCCCc1cc(O)c2c(c1)OC(C)(C)c1ccc(C)cc1-2
,,cannabigerol,CCCCCC1=CC(=C(C(=C1)O)C/C=C(\C)/CCC=C(C)C)O,0,0,,0,,,1,0,0,CCCCCc1cc(O)c(C/C=C(\C)CCC=C(C)C)c(O)c1
,,cannabichromene,CCCCCC1=CC(=C2C=CC(OC2=C1)(C)CCC=C(C)C)O,,0,1,,0,1,,0,1,CCCCCc1cc(O)c2c(c1)OC(C)(CCC=C(C)C)C=C2
,,Triclosan,C1=CC(=C(C=C1Cl)O)OC2=C(C=C(C=C2)Cl)Cl,1,,1,,,1,1,,,Oc1cc(Cl)ccc1Oc1ccc(Cl)cc1Cl
,,hCYP3A4 substrate F8,C1=CC2=C3C(=C1)C(=O)N(C(=O)C3=CC=C2)CC4=CC=C(C=C4)F,0,0,0,0,0,0,0,0,1,O=C1c2cccc3cccc(c23)C(=O)N1Cc1ccc(F)cc1
,,Isoprocarb,CC(C)C1=CC=CC=C1OC(=O)NC,1,1,,,,,1,,1,CNC(=O)Oc1ccccc1C(C)C
,,Tenatoprazole,CC1=CN=C(C(=C1OC)C)CS(=O)C2=NC3=C(N2)C=CC(=N3)OC,0,0,,,,1,,0,1,COc1ccc2[nH]c(S(=O)Cc3ncc(C)c(OC)c3C)nc2n1
,,naltrexone,C1CC1CN2CC[C@]34[C@@H]5C(=O)CC[C@]3([C@H]2CC6=C4C(=C(C=C6)O)O5)O,,,,,,0,0,,1,O=C1CC[C@@]2(O)[C@H]3Cc4ccc(O)c5c4[C@@]2(CCN3CC2CC2)[C@H]1O5
,,remifentanil,CCC(=O)N(C1=CC=CC=C1)C2(CCN(CC2)CCC(=O)OC)C(=O)OC,,,,,,0,0,,1,CCC(=O)N(c1ccccc1)C1(C(=O)OC)CCN(CCC(=O)OC)CC1
,,speciociliatine,CC[C@@H]1CN2CCC3=C([C@H]2C[C@@H]1/C(=C\OC)/C(=O)OC)NC4=C3C(=CC=C4)OC,,,,,,,1,,1,CC[C@@H]1CN2CCc3c([nH]c4cccc(OC)c34)[C@H]2C[C@@H]1/C(=C\OC)C(=O)OC
,,2-mercaptobenzothiazole,SC1=NC2=CC=CC=C2S1,,,,,,,,1,,Sc1nc2ccccc2s1
,,dimethomorph,COC1=C(C=C(C=C1)C(=CC(=O)N2CCOCC2)C3=CC=C(C=C3)Cl)OC,,,,,,,,,1,COc1ccc(C(=CC(=O)N2CCOCC2)c2ccc(Cl)cc2)cc1OC
,,"tris(1,3-dichloro-2-propyl) phosphate (TDCIPP)",C(C(CCl)OP(=O)(OC(CCl)CCl)OC(CCl)CCl)Cl,,,,,,,0,0,1,O=P(OC(CCl)CCl)(OC(CCl)CCl)OC(CCl)CCl
,,Gelsemine,CN1C[C@]2([C@@H]3C[C@@H]4[C@]5([C@H]2[C@H]1[C@H]3CO4)C6=CC=CC=C6NC5=O)C=C,,,,,,,,,1,C=C[C@]12CN(C)[C@@H]3[C@H]4CO[C@H](C[C@H]41)[C@]1(C(=O)Nc4ccccc41)[C@@H]32
,,Phloretin,C1=CC(=CC=C1CCC(=O)C2=C(C=C(C=C2O)O)O)O,,,,,,1,,,1,O=C(CCc1ccc(O)cc1)c1c(O)cc(O)cc1O
,,Kurarinone,CC(=CC[C@H](CC1=C2C(=C(C=C1O)OC)C(=O)C[C@H](O2)C3=C(C=C(C=C3)O)O)C(=C)C)C,1,0,0,0,0,0,1,0,0,C=C(C)[C@H](CC=C(C)C)Cc1c(O)cc(OC)c2c1O[C@H](c1ccc(O)cc1O)CC2=O
,,Clivorine,C[C@H]1/C=C(\C(=O)O[C@@H]2CCN(C/C=C(\C2=O)/COC(=O)[C@@]1(C)OC(=O)C)C)/C=C,,,,,,,,,1,C=C/C1=C/[C@H](C)[C@](C)(OC(C)=O)C(=O)OC/C2=C/CN(C)CC[C@@H](OC1=O)C2=O
,,Seneciphylline,C/C=C\1/CC(=C)[C@@](C(=O)OCC2=CCN3[C@H]2[C@@H](CC3)OC1=O)(C)O,,,,,,,,,1,C=C1C/C(=C/C)C(=O)O[C@@H]2CCN3CC=C(COC(=O)[C@]1(C)O)[C@H]23
,,Heliotrine,C[C@H]([C@@](C(C)C)(C(=O)OCC1=CCN2[C@H]1[C@H](CC2)O)O)OC,,,,,,,,,1,CO[C@H](C)[C@](O)(C(=O)OCC1=CCN2CC[C@H](O)[C@@H]12)C(C)C
,,Alisertib (MLN8237),COC1=C(C(=CC=C1)F)C2=NCC3=CN=C(N=C3C4=C2C=C(C=C4)Cl)NC5=CC(=C(C=C5)C(=O)O)OC,,,,1,,,,,1,COc1cc(Nc2ncc3c(n2)-c2ccc(Cl)cc2C(c2c(F)cccc2OC)=NC3)ccc1C(=O)O
,,EST64454,CC(=O)N1CCN(CC1)CCOCC2=NN(C=C2)C3=CC(=C(C=C3)F)F,0,0,0,,0,,,,,CC(=O)N1CCN(CCOCc2ccn(-c3ccc(F)c(F)c3)n2)CC1
,,Verbascoside,C[C@H]1[C@@H]([C@H]([C@H]([C@@H](O1)O[C@@H]2[C@H]([C@@H](O[C@@H]([C@H]2OC(=O)/C=C/C3=CC(=C(C=C3)O)O)CO)OCCC4=CC(=C(C=C4)O)O)O)O)O)O,0,0,0,0,0,0,0,0,0,C[C@@H]1O[C@@H](O[C@@H]2[C@@H](O)[C@H](OCCc3ccc(O)c(O)c3)O[C@H](CO)[C@H]2OC(=O)/C=C/c2ccc(O)c(O)c2)[C@H](O)[C@H](O)[C@H]1O
,,lasiocarpine,C/C=C(/C)\C(=O)O[C@H]1CCN2[C@@H]1C(=CC2)COC(=O)[C@@]([C@H](C)OC)(C(C)(C)O)O,,,,,,,,,1,C/C=C(/C)C(=O)O[C@H]1CCN2CC=C(COC(=O)[C@@](O)([C@H](C)OC)C(C)(C)O)[C@H]12
,,PF-04991532,C1CCC(C1)C[C@@H](C(=O)NC2=NC=C(C=C2)C(=O)O)N3C=C(N=C3)C(F)(F)F,0,,0,0,0,0,0,,1,O=C(O)c1ccc(NC(=O)[C@H](CC2CCCC2)n2cnc(C(F)(F)F)c2)nc1
,,H3B-6545,CN(C)C(=O)/C=C/CNCCOC1=NC=C(C=C1)/C(=C(/CC(F)(F)F)\C2=CC=CC=C2)/C3=CC4=C(NN=C4C=C3)F,,,,1,,,,,1,CN(C)C(=O)/C=C/CNCCOc1ccc(/C(=C(/CC(F)(F)F)c2ccccc2)c2ccc3n[nH]c(F)c3c2)cn1
,,PGH2,CCCCC[C@@H](/C=C/[C@H]1[C@H]2C[C@@H]([C@@H]1C/C=C\CCCC(=O)O)OO2)O,,,,,,,,1,1,CCCCC[C@H](O)/C=C/[C@@H]1[C@@H](C/C=C\CCCC(=O)O)[C@@H]2C[C@H]1OO2
,,noscapine,CN1CCC2=CC3=C(C(=C2[C@@H]1[C@@H]4C5=C(C(=C(C=C5)OC)OC)C(=O)O4)OC)OCO3,1,,1,1,1,1,1,,1,COc1ccc2c(c1OC)C(=O)O[C@@H]2[C@H]1c2c(cc3c(c2OC)OCO3)CCN1C
,,retrorsine,C/C=C\1/C[C@H]([C@@](C(=O)OCC2=CCN3[C@H]2[C@@H](CC3)OC1=O)(CO)O)C,,1,1,,,1,1,,1,C/C=C1/C[C@@H](C)[C@](O)(CO)C(=O)OCC2=CCN3CC[C@@H](OC1=O)[C@@H]23
,,riddelliine,C/C=C\1/CC(=C)[C@@](C(=O)OCC2=CCN3[C@H]2[C@@H](CC3)OC1=O)(CO)O,,1,1,,,,1,,1,C=C1C/C(=C/C)C(=O)O[C@@H]2CCN3CC=C(COC(=O)[C@@]1(O)CO)[C@H]23
,,senecionine,C/C=C\1/C[C@H]([C@@](C(=O)OCC2=CCN3[C@H]2[C@@H](CC3)OC1=O)(C)O)C,,1,1,,1,1,1,1,1,C/C=C1/C[C@@H](C)[C@@](C)(O)C(=O)OCC2=CCN3CC[C@@H](OC1=O)[C@@H]23
,,seneciphylline,C/C=C\1/CC(=C)[C@@](C(=O)OCC2=CCN3[C@H]2[C@@H](CC3)OC1=O)(C)O,,1,1,,,1,1,1,1,C=C1C/C(=C/C)C(=O)O[C@@H]2CCN3CC=C(COC(=O)[C@]1(C)O)[C@H]23
,,integerrimine,C/C=C/1\C[C@H]([C@@](C(=O)OCC2=CCN3[C@H]2[C@@H](CC3)OC1=O)(C)O)C,,1,1,,,1,1,1,1,C/C=C1\C[C@@H](C)[C@@](C)(O)C(=O)OCC2=CCN3CC[C@@H](OC1=O)[C@@H]23
,,monocrotaline,C[C@H]1C(=O)O[C@@H]2CCN3[C@@H]2C(=CC3)COC(=O)[C@]([C@]1(C)O)(C)O,,1,1,,,,,1,,C[C@H]1C(=O)O[C@@H]2CCN3CC=C(COC(=O)[C@](C)(O)[C@]1(C)O)[C@H]23
,,senkirkine,C/C=C\1/C[C@H]([C@@](C(=O)OC/C/2=C/CN(CC[C@H](C2=O)OC1=O)C)(C)O)C,0,0,0,,0,0,0,0,1,C/C=C1/C[C@@H](C)[C@@](C)(O)C(=O)OC/C2=C/CN(C)CC[C@@H](OC1=O)C2=O
,,hypaconitine,CC(=O)O[C@@]12[C@@H]3[C@@H](C[C@@]([C@@H]3OC(=O)C4=CC=CC=C4)([C@H]([C@@H]1O)OC)O)[C@]56[C@H](CC[C@@]7([C@H]5[C@H]([C@H]2[C@H]6N(C7)C)OC)COC)OC,,,,,,,1,1,1,COC[C@@]12CC[C@H](OC)[C@@]34[C@@H]5C[C@@]6(O)[C@H](OC(=O)c7ccccc7)[C@@H]5[C@@](OC(C)=O)([C@@H]([C@H](OC)[C@H]13)[C@H]4N(C)C2)[C@@H](O)[C@@H]6OC
,,Linderane,C/C/1=C\CC[C@@]23[C@@H](O2)[C@H](C4=C(C1)OC=C4C)OC3=O,,,1,,1,1,1,,1,C/C1=C\CC[C@]23O[C@H]2[C@@H](OC3=O)c2c(C)coc2C1
,,Loxoprofen,CC(C1=CC=C(C=C1)CC2CCCC2=O)C(=O)O,,,0,,,0,,,1,CC(C(=O)O)c1ccc(CC2CCCC2=O)cc1
,,cryptotanshinone,C[C@H]1COC2=C1C(=O)C(=O)C3=C2C=CC4=C3CCCC4(C)C,1,1,,,0,1,,,1,C[C@H]1COC2=C1C(=O)C(=O)c1c2ccc2c1CCCC2(C)C
,,Silybin,COC1=C(C=CC(=C1)[C@@H]2[C@H](OC3=C(O2)C=C(C=C3)[C@@H]4[C@H](C(=O)C5=C(C=C(C=C5O4)O)O)O)CO)O,0,0,0,,0,0,0,0,,COc1cc([C@H]2Oc3cc([C@H]4Oc5cc(O)cc(O)c5C(=O)[C@@H]4O)ccc3O[C@@H]2CO)ccc1O
,,Silychristin,COC1=C(C=CC(=C1)[C@H]2[C@@H](C3=C(O2)C(=CC(=C3)[C@@H]4[C@H](C(=O)C5=C(C=C(C=C5O4)O)O)O)O)CO)O,0,0,0,0,0,0,0,0,,COc1cc([C@@H]2Oc3c(O)cc([C@H]4Oc5cc(O)cc(O)c5C(=O)[C@@H]4O)cc3[C@H]2CO)ccc1O
,,"2,3-Dehydrosilychristin",COC1=C(C=CC(=C1)[C@H]2[C@@H](C3=C(O2)C(=CC(=C3)C4=C(C(=O)C5=C(C=C(C=C5O4)O)O)O)O)CO)O,0,0,,0,,,,0,,COc1cc([C@@H]2Oc3c(O)cc(-c4oc5cc(O)cc(O)c5c(=O)c4O)cc3[C@H]2CO)ccc1O
,,Silydianin,COC1=C(C=CC(=C1)[C@@H]2[C@H]3CO[C@@]4([C@H]3C(=C[C@H]2C4=O)[C@@H]5[C@H](C(=O)C6=C(C=C(C=C6O5)O)O)O)O)O,0,0,,,0,,0,0,,COc1cc([C@@H]2[C@H]3CO[C@@]4(O)C(=O)[C@@H]2C=C([C@H]2Oc5cc(O)cc(O)c5C(=O)[C@@H]2O)[C@@H]34)ccc1O
,,"2,3-Dehydrosilydianin",COC1=C(O)C=CC([C@@H]2[C@H]3CO[C@]4(O)[C@H]3C(C5=C(O)C(C6=C(O)C=C(O)C=C6O5)=O)=C[C@H]2C4=O)=C1,0,0,,0,0,,,0,0,COc1cc([C@@H]2[C@H]3CO[C@@]4(O)C(=O)[C@@H]2C=C(c2oc5cc(O)cc(O)c5c(=O)c2O)[C@@H]34)ccc1O
,,Isosilybin A,COC1=C(C=CC(=C1)[C@@H]2[C@H](OC3=C(O2)C=CC(=C3)[C@@H]4[C@H](C(=O)C5=C(C=C(C=C5O4)O)O)O)CO)O,0,0,0,0,0,0,0,0,,COc1cc([C@H]2Oc3ccc([C@H]4Oc5cc(O)cc(O)c5C(=O)[C@@H]4O)cc3O[C@@H]2CO)ccc1O
,,Isosilybin B,COC1=C(C=CC(=C1)[C@H]2[C@@H](OC3=C(O2)C=CC(=C3)[C@@H]4[C@H](C(=O)C5=C(C=C(C=C5O4)O)O)O)CO)O,0,0,0,,0,0,,0,,COc1cc([C@@H]2Oc3ccc([C@H]4Oc5cc(O)cc(O)c5C(=O)[C@@H]4O)cc3O[C@H]2CO)ccc1O
,,"2alpha-[2-(tetrazol-2-yl)ethyl]-1alpha,25(OH)2D3 (AH-1)",C[C@@H]([C@H]1CC[C@@H]2[C@]1(C)CCC/C2=C\C=C3C[C@@H](O)[C@H](CCN4N=CN=N4)[C@H](O)C\3=C)CCCC(C)(O)C,0,0,0,0,0,0,0,0,1,C=C1/C(=C\C=C2/CCC[C@]3(C)[C@@H]([C@H](C)CCCC(C)(C)O)CC[C@@H]23)C[C@@H](O)[C@H](CCn2ncnn2)[C@@H]1O
,,elinzanetant,CC1=C(C=CC(=C1)F)C2=CC(=NC=C2N(C)C(=O)C(C)(C)C3=CC(=CC(=C3)C(F)(F)F)C(F)(F)F)N4C[C@H]5COCCN5C[C@H]4CO,,,,,,,,,1,Cc1cc(F)ccc1-c1cc(N2C[C@H]3COCCN3C[C@H]2CO)ncc1N(C)C(=O)C(C)(C)c1cc(C(F)(F)F)cc(C(F)(F)F)c1
,,Galunisertib (LY2157299),CC1=NC(=CC=C1)C2=NN3CCCC3=C2C4=C5C=C(C=CC5=NC=C4)C(=O)N,,,,,,,,,1,Cc1cccc(-c2nn3c(c2-c2ccnc4ccc(C(N)=O)cc24)CCC3)n1
,,Tofogliflozin (RO4998452),CCC1=CC=C(C=C1)CC2=CC3=C(CO[C@@]34[C@@H]([C@H]([C@@H]([C@H](O4)CO)O)O)O)C=C2,,,,,,,,0,1,CCc1ccc(Cc2ccc3c(c2)[C@]2(OC3)O[C@H](CO)[C@@H](O)[C@H](O)[C@H]2O)cc1
,,basimglurant,CC1=C(N=C(N1C2=CC=C(C=C2)F)C)C#CC3=CC(=NC=C3)Cl,1,,,,,1,,,1,Cc1nc(C#Cc2ccnc(Cl)c2)c(C)n1-c1ccc(F)cc1
,,Koumine,CN1C[C@]2([C@@H]3C[C@H]4C5=NC6=CC=CC=C6[C@@]52C[C@H]1[C@H]3CO4)C=C,0,0,1,0,0,1,1,0,1,C=C[C@@]12CN(C)[C@H]3C[C@]14C(=Nc1ccccc14)[C@@H]1C[C@@H]2[C@@H]3CO1
,,Koumine M1,N1C[C@]2([C@@H]3C[C@H]4C5=NC6=CC=CC=C6[C@@]52C[C@H]1[C@H]3CO4)C=C,0,0,0,0,0,0,0,0,1,C=C[C@@]12CN[C@H]3C[C@]14C(=Nc1ccccc14)[C@@H]1C[C@@H]2[C@@H]3CO1
,,beta-Ionone,CC1=C(C(CCC1)(C)C)/C=C/C(=O)C,1,0,1,0,0,0,0,0,0,CC(=O)/C=C/C1=C(C)CCCC1(C)C
,,Xanthotoxol,C1=CC(=O)OC2=C(C3=C(C=CO3)C=C21)O,1,,,,,,0,,,O=c1ccc2cc3ccoc3c(O)c2o1
,,Ginsenoside Compound K,CC(=CCC[C@@](C)([C@H]1CC[C@@]2([C@@H]1[C@@H](C[C@H]3[C@]2(CC[C@@H]4[C@@]3(CC[C@@H](C4(C)C)O)C)C)O)C)O[C@H]5[C@@H]([C@H]([C@@H]([C@H](O5)CO)O)O)O)C,,,,,1,,,,1,CC(C)=CCC[C@](C)(O[C@@H]1O[C@H](CO)[C@@H](O)[C@H](O)[C@H]1O)[C@H]1CC[C@]2(C)[C@@H]1[C@H](O)C[C@@H]1[C@@]3(C)CC[C@H](O)C(C)(C)[C@@H]3CC[C@]12C
,,EAM-2201,CCC1=CC=C(C2=CC=CC=C12)C(=O)C3=CN(C4=CC=CC=C43)CCCCCF,1,0,1,1,1,1,1,0,,CCc1ccc(C(=O)c2cn(CCCCCF)c3ccccc23)c2ccccc12
,,oxymatrine,C1C[C@@H]2[C@H]3CCC[N@+]4([C@H]3[C@@H](CCC4)CN2C(=O)C1)[O-],,,,,,,,,1,O=C1CCC[C@@H]2[C@H]3CCC[N@+]4([O-])CCC[C@@H](CN12)[C@@H]34
,,(-)-cis-rose oxide,C[C@@H]1CCO[C@@H](C1)C=C(C)C,1,0,1,0,0,1,0,0,0,CC(C)=C[C@@H]1C[C@H](C)CCO1
,,(-)-trans-rose oxide,C[C@@H]1CCO[C@H](C1)C=C(C)C,0,0,1,0,0,1,0,0,0,CC(C)=C[C@H]1C[C@H](C)CCO1
,,Benzophenone-3 (oxybenzone),COC1=CC(=C(C=C1)C(=O)C2=CC=CC=C2)O,1,,1,,,1,,,,COc1ccc(C(=O)c2ccccc2)c(O)c1
,,"2,4-diOH BP",C1=CC=C(C=C1)C(=O)C2=C(C=C(C=C2)O)O,,,0,,0,0,1,,0,O=C(c1ccccc1)c1ccc(O)cc1O
,,neferine,CN1CCC2=CC(=C(C=C2[C@H]1CC3=CC=C(C=C3)OC)OC4=C(C=CC(=C4)C[C@@H]5C6=CC(=C(C=C6CCN5C)OC)OC)O)OC,,,,1,,0,1,,1,COc1ccc(C[C@@H]2c3cc(Oc4cc(C[C@@H]5c6cc(OC)c(OC)cc6CCN5C)ccc4O)c(OC)cc3CCN2C)cc1
,,palmatine,COC1=C(C2=C[N+]3=C(C=C2C=C1)C4=CC(=C(C=C4CC3)OC)OC)OC,,0,0,0,0,0,,0,0,COc1cc2c(cc1OC)-c1cc3ccc(OC)c(OC)c3c[n+]1CC2
,,Mitoxantrone,C1=CC(=C2C(=C1NCCNCCO)C(=O)C3=C(C=CC(=C3C2=O)O)O)NCCNCCO,,,,,,,,1,,O=C1c2c(O)ccc(O)c2C(=O)c2c(NCCNCCO)ccc(NCCNCCO)c21
,,Di(2-ethylhexyl) phthalate (DEHP),CCCCC(CC)COC(=O)C1=CC=CC=C1C(=O)OCC(CC)CCCC,,,,,1,,,,,CCCCC(CC)COC(=O)c1ccccc1C(=O)OCC(CC)CCCC
,,Phenethylisothiocyanate,C1=CC=C(C=C1)CCN=C=S,,,,,,,,1,,S=C=NCCc1ccccc1
,,PF-00734200 (Gosogliptin),C1CN(CC1(F)F)C(=O)[C@@H]2C[C@@H](CN2)N3CCN(CC3)C4=NC=CC=N4,,,,,,,1,,1,O=C([C@@H]1C[C@H](N2CCN(c3ncccn3)CC2)CN1)N1CCC(F)(F)C1
,,"1-Hydroxyl-2,3,5-trimethoxyxanthone",COC1=CC=CC2=C1OC3=CC(=C(C(=C3C2=O)O)OC)OC,1,1,,1,1,,0,,1,COc1cc2oc3c(OC)cccc3c(=O)c2c(O)c1OC
,,2-(4-hydroxyphenyl)-3-methyl-1H-indol-5-ol,CC1=C(NC2=C1C=C(C=C2)O)C3=CC=C(C=C3)O,1,,,1,1,1,,1,1,Cc1c(-c2ccc(O)cc2)[nH]c2ccc(O)cc12
,,lopinavir,CC1=C(C(=CC=C1)C)OCC(=O)N[C@@H](CC2=CC=CC=C2)[C@H](C[C@H](CC3=CC=CC=C3)NC(=O)[C@H](C(C)C)N4CCCNC4=O)O,0,,,0,0,0,,0,1,Cc1cccc(C)c1OCC(=O)N[C@@H](Cc1ccccc1)[C@@H](O)C[C@H](Cc1ccccc1)NC(=O)[C@H](C(C)C)N1CCCNC1=O
,,"2,6-dimethylphenol",CC1=C(C(=CC=C1)C)O,1,,,,,1,1,,,Cc1cccc(C)c1O
,,glycyrrhetic acid,C[C@]12CC[C@](C[C@H]1C3=CC(=O)[C@@H]4[C@]5(CC[C@@H](C([C@@H]5CC[C@]4([C@@]3(CC2)C)C)(C)C)O)C)(C)C(=O)O,,,,,,,,0,1,CC1(C)[C@@H](O)CC[C@]2(C)[C@H]3C(=O)C=C4[C@@H]5C[C@@](C)(C(=O)O)CC[C@]5(C)CC[C@@]4(C)[C@]3(C)CC[C@@H]12
,,veliparib (ABT-888),C[C@@]1(CCCN1)C2=NC3=C(C=CC=C3N2)C(=O)N,,0,0,0,0,,1,0,,C[C@]1(c2nc3c(C(N)=O)cccc3[nH]2)CCCN1
,,rotundine,COC1=C(C2=C(CC3C4=CC(=C(C=C4CCN3C2)OC)OC)C=C1)OC,,,,,,1,1,,1,COc1cc2c(cc1OC)C1Cc3ccc(OC)c(OC)c3CN1CC2
,,17-(dimethylaminoethylamino)-17-demethoxygeldanamycin (alvespimycin),C[C@H]1C[C@@H]([C@@H]([C@H](/C=C(/[C@@H]([C@H](/C=C\C=C(\C(=O)NC2=CC(=O)C(=C(C1)C2=O)NCCN(C)C)/C)OC)OC(=O)N)\C)C)O)OC,,,,,,,,,1,CO[C@H]1/C=C\C=C(/C)C(=O)NC2=CC(=O)C(NCCN(C)C)=C(C[C@@H](C)C[C@H](OC)[C@H](O)[C@@H](C)/C=C(\C)[C@@H]1OC(N)=O)C2=O
,,alvespimycin M2,C[C@H]1C[C@H](OC)[C@H](O)[C@@H](C)/C=C(C)/[C@H](OC(N)=O)[C@@H](OC)/C=C\C=C(C)\C(NC2=CC(C(NC(O)CN(C)C)=C(C2=O)C1)=O)=O,,1,,1,,,1,,1,CO[C@H]1/C=C\C=C(/C)C(=O)NC2=CC(=O)C(NC(O)CN(C)C)=C(C[C@@H](C)C[C@H](OC)[C@H](O)[C@@H](C)/C=C(\C)[C@@H]1OC(N)=O)C2=O
,,Ambrisentan,CC1=CC(=NC(=N1)O[C@H](C(=O)O)C(C2=CC=CC=C2)(C3=CC=CC=C3)OC)C,,,,,,1,,,1,COC(c1ccccc1)(c1ccccc1)[C@H](Oc1nc(C)cc(C)n1)C(=O)O
,,schizandrin,C[C@H]1CC2=CC(=C(C(=C2C3=C(C(=C(C=C3C[C@]1(C)O)OC)OC)OC)OC)OC)OC,0,0,0,0,0,0,0,0,1,COc1cc2c(c(OC)c1OC)-c1c(cc(OC)c(OC)c1OC)C[C@](C)(O)[C@@H](C)C2
,,8(R)-Hydroxyl-schizandrin,C[C@]1(CC2=CC(=C(C(=C2C3=C(C(=C(C=C3C[C@]1(C)O)OC)OC)OC)OC)OC)OC)O,0,0,0,0,0,0,0,0,1,COc1cc2c(c(OC)c1OC)-c1c(cc(OC)c(OC)c1OC)C[C@@](C)(O)[C@@](C)(O)C2
,,N-ethylperfluorooctane sulfonamide,CCNS(=O)(=O)C(C(C(C(C(C(C(C(F)(F)F)(F)F)(F)F)(F)F)(F)F)(F)F)(F)F)(F)F,,,,,1,1,,,,CCNS(=O)(=O)C(F)(F)C(F)(F)C(F)(F)C(F)(F)C(F)(F)C(F)(F)C(F)(F)C(F)(F)F
,,p-cymene,CC1=CC=C(C=C1)C(C)C,1,1,,,,,1,,,Cc1ccc(C(C)C)cc1
,,vildagliptin,C1C[C@H](N(C1)C(=O)CNC23CC4CC(C2)CC(C4)(C3)O)C#N,0,0,0,0,0,0,0,0,0,N#C[C@@H]1CCCN1C(=O)CNC12CC3CC(CC(O)(C3)C1)C2
,,dabigatran etexilate,CCCCCCOC(=O)NC(=N)C1=CC=C(C=C1)NCC2=NC3=C(N2C)C=CC(=C3)C(=O)N(CCC(=O)OCC)C4=CC=CC=N4,0,0,0,,0,0,0,0,,CCCCCCOC(=O)NC(=N)c1ccc(NCc2nc3cc(C(=O)N(CCC(=O)OCC)c4ccccn4)ccc3n2C)cc1
,,Model Compound for Trovafloxacin,N[C@@H]1[C@@H]2[C@H]1CN(C3=CC=CC=N3)C2,1,,,,0,0,0,0,0,N[C@@H]1[C@H]2CN(c3ccccn3)C[C@@H]12
,,pafuramidine,CONC(C1=CC=C(C2=CC=C(C3=CC=C(C(NOC)=N)C=C3)O2)C=C1)=N,0,,0,0,,,0,0,,CONC(=N)c1ccc(-c2ccc(-c3ccc(C(=N)NOC)cc3)o2)cc1
,,"3-(N-phenylamino)propane-1,2-diol",C1=CC=C(C=C1)NCC(CO)O,0,,0,1,1,,1,1,,OCC(O)CNc1ccccc1
,,anthracene-9-carboxaldehyde,C1=CC=C2C(=C1)C=C3C=CC=CC3=C2C=O,,,1,,,,,,1,O=Cc1c2ccccc2cc2ccccc12
,,4-hydroxy-trans-2-nonenal,CCCCCC(/C=C/C=O)O,,,1,,,,,,1,CCCCCC(O)/C=C/C=O
,,indoline,C1CNC2=CC=CC=C21,1,,1,,,1,1,1,1,c1ccc2c(c1)CCN2
,,5-Bromoindoline,C1CNC2=C1C=C(C=C2)Br,,,,,,,,,1,Brc1ccc2c(c1)CCN2
,,6-Nitroindoline,C1CNC2=C1C=CC(=C2)[N+](=O)[O-],,,,,,,,,1,O=[N+]([O-])c1ccc2c(c1)NCC2
,,5-Bromo-7-nitroindoline,C1CNC2=C1C=C(C=C2[N+](=O)[O-])Br,,,,,,,,,1,O=[N+]([O-])c1cc(Br)cc2c1NCC2
,,"(2E,4E,8Z,10Z)-N-isobutyldodeca-2,4,8,10-tetraenamide",C/C=C\C=C/CC/C=C/C=C/C(=O)NCC(C)C,0,0,0,1,1,1,1,0,1,C/C=C\C=C/CC/C=C/C=C/C(=O)NCC(C)C
,,compound A (CHEMBL36290),CCN(CC)C1CCN(CC1)C(=O)CN2C3=C(C=CC(=C3)C(=O)O)C(=C2C4=CC=C(C=C4)Cl)C5CCCCC5,,,,,,,,,1,CCN(CC)C1CCN(C(=O)Cn2c(-c3ccc(Cl)cc3)c(C3CCCCC3)c3ccc(C(=O)O)cc32)CC1
,,compound A (CPPPO cpd),CCCC1=C(C=CC(=C1)C2CCCCC2)OCCCOC3=CC=C(C=C3)C4C(=O)NC(=O)O4,0,0,0,1,0,1,0,0,,CCCc1cc(C2CCCCC2)ccc1OCCCOc1ccc(C2OC(=O)NC2=O)cc1
,,compound A (J105859),C[C@H](CC1=C(C=CC(=C1)OC)[C@H]2[C@@H]([C@H](C3=C2N=C(C=C3)NC(C)C)C4=CC5=C(C=C4)OCO5)C(=O)O)COC,,,,1,,,,,,COC[C@H](C)Cc1cc(OC)ccc1[C@@H]1c2nc(NC(C)C)ccc2[C@H](c2ccc3c(c2)OCO3)[C@H]1C(=O)O
,,"dibenz[a,h]acridine",C1=CC=C2C(=C1)C=CC3=C2C=C4C=CC5=CC=CC=C5C4=N3,,,,,,,,,1,c1ccc2c(c1)ccc1nc3c(ccc4ccccc43)cc12
,,2-nitroanisole,COC1=CC=CC=C1[N+](=O)[O-],,,1,0,1,1,,1,0,COc1ccccc1[N+](=O)[O-]
,,"N-(3,5-dichloro-4-pyridyl)-4-methoxy-3-(prop-2-ynyloxy)benzamide (CHEMBL1743351)",COC1=C(C=C(C=C1)C(=O)NC2=C(C=NC=C2Cl)Cl)OCC#C,,,1,,1,1,,0,,C#CCOc1cc(C(=O)Nc2c(Cl)cncc2Cl)ccc1OC
,,PNU-106893,CCCC1(CC(=C(C(=O)O1)C(C2=CC(=CC=C2)NS(=O)(=O)C3=CN(C=N3)C)C(C)(C)C)O)CCC4=CC=CC=C4,,,,,,,1,,1,CCCC1(CCc2ccccc2)CC(O)=C(C(c2cccc(NS(=O)(=O)c3cn(C)cn3)c2)C(C)(C)C)C(=O)O1
,,"1,1-dichloroethylene",C=C(Cl)Cl,,,,,,,,1,,C=C(Cl)Cl
,,"1,1,2,3,3,3-Hexafluoropropyl methyl ether",COC(C(C(F)(F)F)F)(F)F,,,,,,,,1,,COC(F)(F)C(F)C(F)(F)F
,,kobusin,COC1=C(C=C(C=C1)[C@@H]2[C@H]3CO[C@@H]([C@H]3CO2)C4=CC5=C(C=C4)OCO5)OC,,0,,,1,1,,0,1,COc1ccc([C@H]2OC[C@H]3[C@@H]2CO[C@@H]3c2ccc3c(c2)OCO3)cc1OC
,,NXE0041178,C1CNC(=O)C2=C1N(N=C2)C3=CC(=NC=C3)CC4=CC(=CC(=C4)F)C(F)(F)F,0,,0,0,0,,,,1,O=C1NCCc2c1cnn2-c1ccnc(Cc2cc(F)cc(C(F)(F)F)c2)c1
,,Deferasirox,C1=CC=C(C(=C1)C2=NN(C(=N2)C3=CC=CC=C3O)C4=CC=C(C=C4)C(=O)O)O,1,,,,,,1,,,O=C(O)c1ccc(-n2nc(-c3ccccc3O)nc2-c2ccccc2O)cc1
,,Psilocin,CN(C)CCC1=CNC2=C1C(=CC=C2)O,0,,0,0,0,0,1,0,1,CN(C)CCc1c[nH]c2cccc(O)c12
,,"Deglycosylated azithromycin (Deg-AZM, azithromycin aglycone)",CC[C@@H]1[C@@]([C@@H]([C@H](N(C[C@@H](C[C@@]([C@@H]([C@H]([C@@H]([C@H](C(=O)O1)C)O)C)O)(C)O)C)C)C)O)(C)O,0,,0,0,0,0,0,,1,CC[C@H]1OC(=O)[C@H](C)[C@@H](O)[C@H](C)[C@@H](O)[C@](C)(O)C[C@@H](C)CN(C)[C@H](C)[C@@H](O)[C@]1(C)O
,,osthole,CC(=CCC1=C(C=CC2=C1OC(=O)C=C2)OC)C,1,,,,,,1,,1,COc1ccc2ccc(=O)oc2c1CC=C(C)C
,,CVH-174 (Antibacterial agent 190),C[C@@H]1CC[C@@]23CCC(=O)[C@H]2[C@@]1([C@@H](C[C@@]([C@H]([C@@H]3C)O)(C)C=C)OC(=O)CN4C=C(N=N4)C5=CN=C(C=C5)CN6C=NC7=C6N=CN=C7N8CCNCC8)C,,,,,,,,,1,C=C[C@]1(C)C[C@@H](OC(=O)Cn2cc(-c3ccc(Cn4cnc5c(N6CCNCC6)ncnc54)nc3)nn2)[C@]2(C)[C@H](C)CC[C@]3(CCC(=O)[C@H]32)[C@@H](C)[C@@H]1O
,,Icenticaftor (QBW251),C[C@](CNC(=O)C1=C(C=C(C(=N1)OC)C(F)(F)F)N)(C(F)(F)F)O,1,,,,,,,,1,COc1nc(C(=O)NC[C@](C)(O)C(F)(F)F)c(N)cc1C(F)(F)F
,,pedunculoside,C[C@@H]1CC[C@@]2(CC[C@@]3(C(=CC[C@H]4[C@]3(CC[C@@H]5[C@@]4(CC[C@@H]([C@@]5(C)CO)O)C)C)[C@@H]2[C@]1(C)O)C)C(=O)O[C@H]6[C@@H]([C@H]([C@@H]([C@H](O6)CO)O)O)O,0,,0,1,0,0,0,,1,C[C@@H]1CC[C@]2(C(=O)O[C@@H]3O[C@H](CO)[C@@H](O)[C@H](O)[C@H]3O)CC[C@]3(C)C(=CC[C@@H]4[C@@]5(C)CC[C@H](O)[C@@](C)(CO)[C@@H]5CC[C@]43C)[C@@H]2[C@]1(C)O
,,rotundic acid,C[C@@H]1CC[C@@]2(CC[C@@]3(C(=CC[C@H]4[C@]3(CC[C@@H]5[C@@]4(CC[C@@H]([C@@]5(C)CO)O)C)C)[C@@H]2[C@]1(C)O)C)C(=O)O,0,,0,,0,0,0,,1,C[C@@H]1CC[C@]2(C(=O)O)CC[C@]3(C)C(=CC[C@@H]4[C@@]5(C)CC[C@H](O)[C@@](C)(CO)[C@@H]5CC[C@]43C)[C@@H]2[C@]1(C)O
,,ETN101 (SCHEMBL24221413),C1=CC=C2C(=C1)N=C(S2)C3=CC=C(C=C3)NC(=O)C(CN)N,0,0,,0,0,0,,1,0,NCC(N)C(=O)Nc1ccc(-c2nc3ccccc3s2)cc1
,,ETN101 M1 (CJM-126),C1=CC=C2C(=C1)N=C(S2)C3=CC=C(C=C3)N,1,0,0,,1,1,,,0,Nc1ccc(-c2nc3ccccc3s2)cc1
,,Brepocitinib,CN1C=C(C=N1)NC2=NC=CC(=N2)N3C[C@H]4CC[C@@H](C3)N4C(=O)[C@@H]5CC5(F)F,1,,,,,,,,1,Cn1cc(Nc2nccc(N3C[C@H]4CC[C@@H](C3)N4C(=O)[C@@H]3CC3(F)F)n2)cn1
,,butonitazene,CCCCOC1=CC=C(C=C1)CC2=NC3=C(N2CCN(CC)CC)C=CC(=C3)[N+](=O)[O-],,1,1,1,,,1,1,1,CCCCOc1ccc(Cc2nc3cc([N+](=O)[O-])ccc3n2CCN(CC)CC)cc1
,,isotonitazene,CCN(CC)CCN1C2=C(C=C(C=C2)[N+](=O)[O-])N=C1CC3=CC=C(C=C3)OC(C)C,,1,1,1,,,1,1,1,CCN(CC)CCn1c(Cc2ccc(OC(C)C)cc2)nc2cc([N+](=O)[O-])ccc21
,,Protonitazene,CCCOC1=CC=C(C=C1)CC2=NC3=C(N2CCN(CC)CC)C=CC(=C3)[N+](=O)[O-],,1,1,1,,,1,1,1,CCCOc1ccc(Cc2nc3cc([N+](=O)[O-])ccc3n2CCN(CC)CC)cc1
,,aficamten,CCC1=NC(=NO1)C2=CC3=C(C=C2)[C@@H](CC3)NC(=O)C4=CN(N=C4)C,,,,1,1,,1,,1,CCc1nc(-c2ccc3c(c2)CC[C@H]3NC(=O)c2cnn(C)c2)no1
,,M8OI,CCCCCCCCN1C=C[N+](=C1)C.[Cl-],,,,,,,,,1,CCCCCCCCn1cc[n+](C)c1
,,Piperlonguminine,CC(C)CNC(=O)/C=C/C=C/C1=CC2=C(C=C1)OCO2,1,,,,,1,1,,1,CC(C)CNC(=O)/C=C/C=C/c1ccc2c(c1)OCO2
,,Balcinrenone,CNC(=O)C[C@H]1COC2=C(N1C(=O)C3=CC4=C(C=C3)OCC(=O)N4)C=CC(=C2)F,0,0,0,0,0,0,1,0,1,CNC(=O)C[C@H]1COc2cc(F)ccc2N1C(=O)c1ccc2c(c1)NC(=O)CO2
,,QMMSB,CC1=C(C=C(C=C1)C(=O)OC2=CC=CC3=C2N=CC=C3)S(=O)(=O)N4CCOCC4,,,,,1,1,,,1,Cc1ccc(C(=O)Oc2cccc3cccnc23)cc1S(=O)(=O)N1CCOCC1
,,QMiPSB,CC1=C(C=C(C=C1)C(=O)OC2=CC=CC3=C2N=CC=C3)S(=O)(=O)NC(C)C,1,,,1,1,,,,1,Cc1ccc(C(=O)Oc2cccc3cccnc23)cc1S(=O)(=O)NC(C)C
,,2F-QMPSB,CC1=C(C=C(C=C1)C(=O)OC2=CC=CC3=C2N=CC=C3)S(=O)(=O)N4CCC(CC4)(F)F,1,,,1,1,1,,,1,Cc1ccc(C(=O)Oc2cccc3cccnc23)cc1S(=O)(=O)N1CCC(F)(F)CC1
,,SGT-233,CC1=C(C=C(C=C1)C(NC(C2=CC=CC=C2)(C)C)=O)S(=O)(N3CCC(F)(CC3)F)=O,0,0,0,,1,1,1,0,1,Cc1ccc(C(=O)NC(C)(C)c2ccccc2)cc1S(=O)(=O)N1CCC(F)(F)CC1
,,Mulberrin,CC(=CCC1=C2C(=C(C=C1O)O)C(=O)C(=C(O2)C3=C(C=C(C=C3)O)O)CC=C(C)C)C,0,0,0,0,0,0,0,0,0,CC(C)=CCc1c(-c2ccc(O)cc2O)oc2c(CC=C(C)C)c(O)cc(O)c2c1=O
,,toddalolactone,CC(C)([C@@H](CC1=C(C=C2C(=C1OC)C=CC(=O)O2)OC)O)O,0,0,0,0,0,0,0,0,0,COc1cc2oc(=O)ccc2c(OC)c1C[C@@H](O)C(C)(C)O
,,BZO-HEXOXIZID,CCCCCCN1C2=CC=CC=C2/C(C1=O)=N/NC(C3=CC=CC=C3)=O,1,,,,1,1,,,1,CCCCCCN1C(=O)/C(=N\NC(=O)c2ccccc2)c2ccccc21
,,BZO-POXIZID,O=C1N(C2=CC=CC=C2/C1=N/NC(C3=CC=CC=C3)=O)CCCCC,1,,,,,,,,1,CCCCCN1C(=O)/C(=N\NC(=O)c2ccccc2)c2ccccc21
,,5F-BZO-POXIZID,O=C(C1=CC=CC=C1)N/N=C(C2=O)/C3=CC=CC=C3N2CCCCCF,,,0,,0,0,,,1,O=C(N/N=C1\C(=O)N(CCCCCF)c2ccccc21)c1ccccc1
,,BZO-CHMOXIZID,O=C(N(C1=CC=CC=C1/2)CC3CCCCC3)C2=N/NC(C4=CC=CC=C4)=O,,,,,1,,1,,1,O=C(N/N=C1\C(=O)N(CC2CCCCC2)c2ccccc21)c1ccccc1
,,EDP-305,CC[C@@H]1[C@@H]2C[C@@H](CC[C@@]2([C@H]3CC[C@]4([C@H]([C@@H]3[C@@H]1O)CC[C@@H]4[C@H](C)CCNC(=O)NS(=O)(=O)C5=CC=C(C=C5)C(C)(C)C)C)C)O,,,,,,,,,1,CC[C@H]1[C@@H](O)[C@@H]2[C@H](CC[C@]3(C)[C@@H]([C@H](C)CCNC(=O)NS(=O)(=O)c4ccc(C(C)(C)C)cc4)CC[C@@H]23)[C@@]2(C)CC[C@@H](O)C[C@@H]12
,,Fenfluramine,CCNC(C)CC1=CC(=CC=C1)C(F)(F)F,1,,1,,,1,1,,,CCNC(C)Cc1cccc(C(F)(F)F)c1
,,norfenfluramine,CC(CC1=CC(=CC=C1)C(F)(F)F)N,,,1,,,,1,,,CC(N)Cc1cccc(C(F)(F)F)c1
,,ACT-1004-1239,C1CN(C[C@@H]([C@H]1NC(=O)C2=NOC(=C2)C3=C(C=C(C=C3)F)F)C(=O)NC4(CC4)C5=NC=CC=N5)CC6CC6,0,,0,,0,,0,,1,O=C(N[C@H]1CCN(CC2CC2)C[C@@H]1C(=O)NC1(c2ncccn2)CC1)c1cc(-c2ccc(F)cc2F)on1
,,Dapivirine,CC1=CC(=C(C(=C1)C)NC2=NC(=NC=C2)NC3=CC=C(C=C3)C#N)C,0,,0,0,,0,,,1,Cc1cc(C)c(Nc2ccnc(Nc3ccc(C#N)cc3)n2)c(C)c1
,,Carbendazim,COC(=O)NC1=NC2=CC=CC=C2N1,1,0,0,0,,,,0,0,COC(=O)Nc1nc2ccccc2[nH]1
,,Linerixibat,CCCC[C@@]1(CS(=O)(=O)C2=C(C=C(C(=C2)CNC(CC(=O)O)CC(=O)O)OC)[C@H](N1)C3=CC=CC=C3)CC,,,,,,,,,1,CCCC[C@]1(CC)CS(=O)(=O)c2cc(CNC(CC(=O)O)CC(=O)O)c(OC)cc2[C@@H](c2ccccc2)N1
,,anhydrocinnzeylanine (CID: 101316921),C[C@H]1CC[C@@]2([C@@]3(CC(=O)O[C@@]2([C@@H]1OC(=O)C)[C@@]4([C@]3(CC(=C4C)C(C)C)O)O)C)O,0,0,0,0,0,0,0,0,1,CC(=O)O[C@@H]1[C@@H](C)CC[C@]2(O)[C@]3(C)CC(=O)O[C@]12[C@@]1(O)C(C)=C(C(C)C)C[C@@]31O
,,Dendrobine,CC(C)[C@H]1[C@H]2[C@@H]3CC[C@H]4[C@@]3([C@@H]([C@@H]1OC2=O)N(C4)C)C,,,1,,,1,,,1,CC(C)[C@@H]1[C@H]2OC(=O)[C@@H]1[C@@H]1CC[C@@H]3CN(C)[C@H]2[C@@]31C
,,CUMYL-THPINACA,CC(C)(C1=CC=CC=C1)NC(=O)C2=NN(C3=CC=CC=C32)CC4CCOCC4,,0,,1,,1,1,0,1,CC(C)(NC(=O)c1nn(CC2CCOCC2)c2ccccc12)c1ccccc1
,,ADAMANTYL-THPINACA,C1COCCC1CN2C3=CC=CC=C3C(=N2)C(=O)NC4C5CC6CC(C5)CC4C6,0,0,0,1,,,1,0,1,O=C(NC1C2CC3CC(C2)CC1C3)c1nn(CC2CCOCC2)c2ccccc12
,,BMX (SCHEMBL23138126),CC1=C(C=CC(=C1)OC)C2=C3C=CC(=O)C=C3OC4=C2C=CC(=C4)OCC5=C(C=CC(=C5)C(F)(F)F)C(F)(F)F,0,0,0,0,0,0,0,,1,COc1ccc(-c2c3ccc(=O)cc-3oc3cc(OCc4cc(C(F)(F)F)ccc4C(F)(F)F)ccc23)c(C)c1
,,deferiprone,CC1=C(C(=O)C=CN1C)O,,1,,,,,,,,Cc1c(O)c(=O)ccn1C
,,Pamiparib,C[C@]12CCCN1CC3=NNC(=O)C4=C5C3=C2NC5=CC(=C4)F,,,,1,,,1,,1,C[C@]12CCCN1CC1=NNC(=O)c3cc(F)cc4[nH]c2c1c34
,,trazpiroben,C1CCC(CC1)N2CN(C(=O)C23CCN(CC3)CCCC(=O)C4=CC=CC=C4)CC5=CC(=CC=C5)C(=O)O,,,,1,,,,,1,O=C(O)c1cccc(CN2CN(C3CCCCC3)C3(CCN(CCCC(=O)c4ccccc4)CC3)C2=O)c1
,,dipfluzine,C1CN(CCN1CCCC(=O)C2=CC=C(C=C2)F)C(C3=CC=CC=C3)C4=CC=CC=C4,1,,1,1,1,,,1,1,O=C(CCCN1CCN(C(c2ccccc2)c2ccccc2)CC1)c1ccc(F)cc1
,,hydrocoptisonine,O=C(C1=C2C(OC)=C(OC)C=C1)C3=[N+]2CCC4=CC(OCO5)=C5C=C43,1,,,,,1,,,1,COc1ccc2c(c1OC)[N+]1=C(C2=O)c2cc3c(cc2CC1)OCO3
,,JQ1,CC1=C(SC2=C1C(=N[C@H](C3=NN=C(N32)C)CC(=O)OC(C)(C)C)C4=CC=C(C=C4)Cl)C,0,0,,,,1,,0,1,Cc1sc2c(c1C)C(c1ccc(Cl)cc1)=N[C@@H](CC(=O)OC(C)(C)C)c1nnc(C)n1-2
,,GDC-0994 (Ravoxertinib),CN1C(=CC=N1)NC2=NC=CC(=N2)C3=CC(=O)N(C=C3)[C@H](CO)C4=CC(=C(C=C4)Cl)F,,,,,,,,,1,Cn1nccc1Nc1nccc(-c2ccn([C@H](CO)c3ccc(Cl)c(F)c3)c(=O)c2)n1
,,PI-103,C1COCCN1C2=NC(=NC3=C2OC4=C3C=CC=N4)C5=CC(=CC=C5)O,1,0,,,,,,,,Oc1cccc(-c2nc(N3CCOCC3)c3oc4ncccc4c3n2)c1
,,JNJ-53718678 (Rilematovir),CS(=O)(=O)CCCN1C2=C(C=C(C=C2)Cl)C=C1CN3C4=C(C=CN=C4)N(C3=O)CC(F)(F)F,,,,,,,,,1,CS(=O)(=O)CCCn1c(Cn2c(=O)n(CC(F)(F)F)c3ccncc32)cc2cc(Cl)ccc21
,,EG-018,CCCCCN1C2=C(C=C(C=C2)C(=O)C3=CC=CC4=CC=CC=C43)C5=CC=CC=C51,1,,,,1,1,1,,1,CCCCCn1c2ccccc2c2cc(C(=O)c3cccc4ccccc34)ccc21
,,EG-2201,C1=CC=C2C(=C1)C=CC=C2C(=O)C3=CC4=C(C=C3)N(C5=CC=CC=C54)CCCCCF,1,,,,1,1,1,,1,O=C(c1ccc2c(c1)c1ccccc1n2CCCCCF)c1cccc2ccccc12
,,Elemicin,COC1=CC(=CC(=C1OC)OC)CC=C,1,,1,,,,,,1,C=CCc1cc(OC)c(OC)c(OC)c1
,,compound 1 (CHEMBL2178718),CN1C(=O)[C@@H]2CN(C[C@@]2(N=C1N)C3=CC(=CS3)C4=CC=CC(=C4)C#N)C5=NC=C(C=N5)F,,,,,,,,,1,CN1C(=O)[C@@H]2CN(c3ncc(F)cn3)C[C@]2(c2cc(-c3cccc(C#N)c3)cs2)N=C1N
,,deoxycholic acid (DCA),C[C@H](CCC(=O)O)[C@H]1CC[C@@H]2[C@@]1([C@H](C[C@H]3[C@H]2CC[C@H]4[C@@]3(CC[C@H](C4)O)C)O)C,,,,,,,,,1,C[C@H](CCC(=O)O)[C@H]1CC[C@H]2[C@@H]3CC[C@@H]4C[C@H](O)CC[C@]4(C)[C@H]3C[C@H](O)[C@]12C
,,taurodeoxycholic acid (TDCA),C[C@H](CCC(=O)NCCS(=O)(=O)O)[C@H]1CC[C@@H]2[C@@]1([C@H](C[C@H]3[C@H]2CC[C@H]4[C@@]3(CC[C@H](C4)O)C)O)C,,,,,,,,,1,C[C@H](CCC(=O)NCCS(=O)(=O)O)[C@H]1CC[C@H]2[C@@H]3CC[C@@H]4C[C@H](O)CC[C@]4(C)[C@H]3C[C@H](O)[C@]12C
,,glycodeoxycholic acid (GDCA),C[C@H](CCC(=O)NCC(=O)O)[C@H]1CC[C@@H]2[C@@]1([C@H](C[C@H]3[C@H]2CC[C@H]4[C@@]3(CC[C@H](C4)O)C)O)C,,,,,,,,,1,C[C@H](CCC(=O)NCC(=O)O)[C@H]1CC[C@H]2[C@@H]3CC[C@@H]4C[C@H](O)CC[C@]4(C)[C@H]3C[C@H](O)[C@]12C
,,chenodeoxycholic acid (CDCA),C[C@H](CCC(=O)O)[C@H]1CC[C@@H]2[C@@]1(CC[C@H]3[C@H]2[C@@H](C[C@H]4[C@@]3(CC[C@H](C4)O)C)O)C,,,,,,,,,1,C[C@H](CCC(=O)O)[C@H]1CC[C@H]2[C@@H]3[C@H](O)C[C@@H]4C[C@H](O)CC[C@]4(C)[C@H]3CC[C@]12C
,,taurochenodeoxycholic acid (TCDCA),C[C@H](CCC(=O)NCCS(=O)(=O)O)[C@H]1CC[C@@H]2[C@@]1(CC[C@H]3[C@H]2[C@@H](C[C@H]4[C@@]3(CC[C@H](C4)O)C)O)C,,,,,,,,,1,C[C@H](CCC(=O)NCCS(=O)(=O)O)[C@H]1CC[C@H]2[C@@H]3[C@H](O)C[C@@H]4C[C@H](O)CC[C@]4(C)[C@H]3CC[C@]12C
,,glycochenodeoxycholic acid (GCDCA),C[C@H](CCC(=O)NCC(=O)O)[C@H]1CC[C@@H]2[C@@]1(CC[C@H]3[C@H]2[C@@H](C[C@H]4[C@@]3(CC[C@H](C4)O)C)O)C,,,,,,,,,1,C[C@H](CCC(=O)NCC(=O)O)[C@H]1CC[C@H]2[C@@H]3[C@H](O)C[C@@H]4C[C@H](O)CC[C@]4(C)[C@H]3CC[C@]12C
,,lithocholic acid (LCA),C[C@H](CCC(=O)O)[C@H]1CC[C@@H]2[C@@]1(CC[C@H]3[C@H]2CC[C@H]4[C@@]3(CC[C@H](C4)O)C)C,,,,,,,,,1,C[C@H](CCC(=O)O)[C@H]1CC[C@H]2[C@@H]3CC[C@@H]4C[C@H](O)CC[C@]4(C)[C@H]3CC[C@]12C
,,taurolithocholic acid (TLCA),C[C@H](CCC(=O)NCCS(=O)(=O)O)[C@H]1CC[C@@H]2[C@@]1(CC[C@H]3[C@H]2CC[C@H]4[C@@]3(CC[C@H](C4)O)C)C,,,,,,,,,1,C[C@H](CCC(=O)NCCS(=O)(=O)O)[C@H]1CC[C@H]2[C@@H]3CC[C@@H]4C[C@H](O)CC[C@]4(C)[C@H]3CC[C@]12C
,,glycolithocholic acid (GLCA),C[C@H](CCC(=O)NCC(=O)O)[C@H]1CC[C@@H]2[C@@]1(CC[C@H]3[C@H]2CC[C@H]4[C@@]3(CC[C@H](C4)O)C)C,,,,,,,,,1,C[C@H](CCC(=O)NCC(=O)O)[C@H]1CC[C@H]2[C@@H]3CC[C@@H]4C[C@H](O)CC[C@]4(C)[C@H]3CC[C@]12C
,,ursodeoxycholic acid (UDCA),C[C@H](CCC(=O)O)[C@H]1CC[C@@H]2[C@@]1(CC[C@H]3[C@H]2[C@H](C[C@H]4[C@@]3(CC[C@H](C4)O)C)O)C,,,,,,,,,1,C[C@H](CCC(=O)O)[C@H]1CC[C@H]2[C@@H]3[C@@H](O)C[C@@H]4C[C@H](O)CC[C@]4(C)[C@H]3CC[C@]12C
,,tauroursodeoxycholic acid (TUDCA),C[C@H](CCC(=O)NCCS(=O)(=O)O)[C@H]1CC[C@@H]2[C@@]1(CC[C@H]3[C@H]2[C@H](C[C@H]4[C@@]3(CC[C@H](C4)O)C)O)C,,,,,,,,,1,C[C@H](CCC(=O)NCCS(=O)(=O)O)[C@H]1CC[C@H]2[C@@H]3[C@@H](O)C[C@@H]4C[C@H](O)CC[C@]4(C)[C@H]3CC[C@]12C
,,glycoursodeoxycholic acid (GUDCA),C[C@H](CCC(=O)NCC(=O)O)[C@H]1CC[C@@H]2[C@@]1(CC[C@H]3[C@H]2[C@H](C[C@H]4[C@@]3(CC[C@H](C4)O)C)O)C,,,,,,,,,1,C[C@H](CCC(=O)NCC(=O)O)[C@H]1CC[C@H]2[C@@H]3[C@@H](O)C[C@@H]4C[C@H](O)CC[C@]4(C)[C@H]3CC[C@]12C
,,deoxycholate (DCA; Deoxycholic acid),C[C@H](CCC(=O)[O-])[C@H]1CC[C@@H]2[C@@]1([C@H](C[C@H]3[C@H]2CC[C@H]4[C@@]3(CC[C@H](C4)O)C)O)C,0,0,0,,0,0,0,,1,C[C@H](CCC(=O)O)[C@H]1CC[C@H]2[C@@H]3CC[C@@H]4C[C@H](O)CC[C@]4(C)[C@H]3C[C@H](O)[C@]12C
,,taurodeoxycholate (TDCA),C[C@H](CCC(=O)NCCS(=O)(=O)[O-])[C@H]1CC[C@@H]2[C@@]1([C@H](C[C@H]3[C@H]2CC[C@H]4[C@@]3(CC[C@H](C4)O)C)O)C,,,,,,,,,1,C[C@H](CCC(=O)NCCS(=O)(=O)O)[C@H]1CC[C@H]2[C@@H]3CC[C@@H]4C[C@H](O)CC[C@]4(C)[C@H]3C[C@H](O)[C@]12C
,,compound 1 (CHEMBL4575936),C1CCN(C1)C2CCN(CC2)C3=NN4C(=NC(=C4C5=CC=NC=C5)C6=CC=CC=C6)C=C3,,,,,,,1,,1,c1ccc(-c2nc3ccc(N4CCC(N5CCCC5)CC4)nn3c2-c2ccncc2)cc1
,,compound 2 (CHEMBL4435154),CC1(CN(CCN1)C2=NN3C(=NC(=C3C4=CC=NC=C4)C5=CC=CC=C5)C=C2)C,,,,,,,1,,1,CC1(C)CN(c2ccc3nc(-c4ccccc4)c(-c4ccncc4)n3n2)CCN1
,,compound 4 (CHEMBL4533527),CC1(CN(CCN1)C2=NN3C(=NC(=C3C4=CC=NC=C4)C5=CC=C(C=C5)F)C=C2)C,,,,,,,,,1,CC1(C)CN(c2ccc3nc(-c4ccc(F)cc4)c(-c4ccncc4)n3n2)CCN1
,,compound 8 (CHEMBL4476155),C[C@H]1CN(CCN1)C2=NN3C(=NC(=C3C4=CC=NC=C4)C5=CC=CC=C5)C=C2,,,,,,,1,,1,C[C@H]1CN(c2ccc3nc(-c4ccccc4)c(-c4ccncc4)n3n2)CCN1
,,compound 9 (CHEMBL4536777),C[C@H]1CN(CCN1)C2=NN3C(=NC(=C3C4=CC=NC=C4)C5=CC=C(C=C5)F)C=C2,,,,,,,,,1,C[C@H]1CN(c2ccc3nc(-c4ccc(F)cc4)c(-c4ccncc4)n3n2)CCN1
,,compound 5 (CHEMBL4528846),CC1(CN(CCN1)C2=NN3C(=NC(=C3C4=CC=NC=C4)C5=CC(=CC(=C5)F)F)C=C2)C,,,,,,,0,,,CC1(C)CN(c2ccc3nc(-c4cc(F)cc(F)c4)c(-c4ccncc4)n3n2)CCN1
,,compound 7 (CHEMBL4435362),C1C2CNC1CN2C3=NN4C(=NC(=C4C5=CC=NC=C5)C6=CC=C(C=C6)F)C=C3,,,,,,,0,,,Fc1ccc(-c2nc3ccc(N4CC5CC4CN5)nn3c2-c2ccncc2)cc1
,,compound 10 (CHEMBL4483506),C1CCN(C1)C2CCN(CC2)C3=NN4C(=NC(=C4C5=CC=NC=C5)C6=CC=C(C=C6)F)C=C3,,,,,,,0,,,Fc1ccc(-c2nc3ccc(N4CCC(N5CCCC5)CC4)nn3c2-c2ccncc2)cc1
,,DSP-1053,COCCOC1=C(C=CC(=C1)CC2CCN(CC2)CCC3=CC4=C(C=C3)OCCC4=O)Br,0,,,0,0,1,1,,1,COCCOc1cc(CC2CCN(CCc3ccc4c(c3)C(=O)CCO4)CC2)ccc1Br
,,SAM-760,CC1=NC2=C(N1S(=O)(=O)C3=CC=CC=C3)C=CC=C2N4CCNCC4,0,,,,0,1,,,1,Cc1nc2c(N3CCNCC3)cccc2n1S(=O)(=O)c1ccccc1
,,anlotinib,CC1=CC2=C(N1)C=CC(=C2F)OC3=C4C=C(C(=CC4=NC=C3)OCC5(CC5)N)OC,1,1,1,1,1,1,1,1,1,COc1cc2c(Oc3ccc4[nH]c(C)cc4c3F)ccnc2cc1OCC1(N)CC1
,,Daclatasvir,CC(C)[C@@H](C(=O)N1CCC[C@H]1C2=NC=C(N2)C3=CC=C(C=C3)C4=CC=C(C=C4)C5=CN=C(N5)[C@@H]6CCCN6C(=O)[C@H](C(C)C)NC(=O)OC)NC(=O)OC,,,,,,,,,1,COC(=O)N[C@H](C(=O)N1CCC[C@H]1c1ncc(-c2ccc(-c3ccc(-c4cnc([C@@H]5CCCN5C(=O)[C@@H](NC(=O)OC)C(C)C)[nH]4)cc3)cc2)[nH]1)C(C)C
,,rhein,C1=CC2=C(C(=C1)O)C(=O)C3=C(C2=O)C=C(C=C3O)C(=O)O,1,1,1,,1,,,1,1,O=C(O)c1cc(O)c2c(c1)C(=O)c1cccc(O)c1C2=O
,,Physcion,CC1=CC2=C(C(=C1)O)C(=O)C3=C(C2=O)C=C(C=C3O)OC,1,1,1,,1,1,1,1,1,COc1cc(O)c2c(c1)C(=O)c1cc(C)cc(O)c1C2=O
,,Vortioxetine,CC1=CC(=C(C=C1)SC2=CC=CC=C2N3CCNCC3)C,,1,,,1,1,1,,1,Cc1ccc(Sc2ccccc2N2CCNCC2)c(C)c1
,,Z-endoxifen,CC/C(=C(\C1=CC=C(C=C1)O)/C2=CC=C(C=C2)OCCNC)/C3=CC=CC=C3,,,,,1,,1,,,CC/C(=C(\c1ccc(O)cc1)c1ccc(OCCNC)cc1)c1ccccc1
,,cnidilin,CC(=CCOC1=C2C=COC2=C(C3=C1C=CC(=O)O3)OC)C,1,,,,,,,,1,COc1c2occc2c(OCC=C(C)C)c2ccc(=O)oc12
,,MCC950,CC(C)(C1=COC(=C1)S(=O)(=O)NC(=O)NC2=C3CCCC3=CC4=C2CCC4)O,,,,0,,,0,0,,CC(C)(O)c1coc(S(=O)(=O)NC(=O)Nc2c3c(cc4c2CCC4)CCC3)c1
,,tyrosol,C1=CC(=CC=C1CCO)O,,1,,,,,1,,1,OCCc1ccc(O)cc1
,,Batracylin,C1C2=C(C=CC(=C2)N)N=C3N1C(=O)C4=CC=CC=C43,,0,0,0,0,0,0,,0,Nc1ccc2c(c1)CN1C(=O)c3ccccc3C1=N2
,,N-acetylbatracylin,CC(=O)NC1=CC2=C(C=C1)N=C3C4=CC=CC=C4C(=O)N3C2,,0,0,0,0,0,0,,0,CC(=O)Nc1ccc2c(c1)CN1C(=O)c3ccccc3C1=N2
,,GDC-0623,C1=CC(=C(C=C1I)F)NC2=C(C=CC3=CN=CN32)C(=O)NOCCO,0,,0,0,1,1,0,0,0,O=C(NOCCO)c1ccc2cncn2c1Nc1ccc(I)cc1F
,,GDC-0623 M15,C1=CC(=C(C=C1I)F)NC2=C(C=CC3=CN=CN32)C(=O)N,0,,0,0,1,1,0,0,0,NC(=O)c1ccc2cncn2c1Nc1ccc(I)cc1F
,,evacetrapib,CC1=CC(=C2C(=C1)[C@H](CCCN2CC3CCC(CC3)C(=O)O)N(CC4=CC(=CC(=C4)C(F)(F)F)C(F)(F)F)C5=NN(N=N5)C)C,,,,1,,,,,1,Cc1cc(C)c2c(c1)[C@@H](N(Cc1cc(C(F)(F)F)cc(C(F)(F)F)c1)c1nnn(C)n1)CCCN2CC1CCC(C(=O)O)CC1
,,Thiacalix[4]arene,C1=CC2=C(C(=C1)SC3=C(C(=CC=C3)SC4=CC=CC(=C4O)SC5=CC=CC(=C5O)S2)O)O,1,,,,1,,,,,Oc1c2cccc1Sc1cccc(c1O)Sc1cccc(c1O)Sc1cccc(c1O)S2
,,SNX-25a,OC1CCC(NC2=CC(N3C(CC(C)(C)CC4=O)=C4C(C)=N3)=CC=C2C(C)=O)CC1,0,0,,,,,,0,1,CC(=O)c1ccc(-n2nc(C)c3c2CC(C)(C)CC3=O)cc1NC1CCC(O)CC1
,,cudratricusxanthone A,CC(=CCC1=C(C(=CC2=C1C(=O)C3=C(O2)C(=C(C=C3O)O)C(C)(C)C=C)O)O)C,1,,,,,1,1,,1,C=CC(C)(C)c1c(O)cc(O)c2c(=O)c3c(CC=C(C)C)c(O)c(O)cc3oc12
,,"3,4,3-LI(1,2-HOPO)",C1=CC(=O)N(C(=C1)C(=O)NCCCN(CCCCN(CCCNC(=O)C2=CC=CC(=O)N2O)C(=O)C3=CC=CC(=O)N3O)C(=O)C4=CC=CC(=O)N4O)O,0,,0,,0,0,0,,0,O=C(NCCCN(CCCCN(CCCNC(=O)c1cccc(=O)n1O)C(=O)c1cccc(=O)n1O)C(=O)c1cccc(=O)n1O)c1cccc(=O)n1O
,,"2,3,5,6-Tetramethylpyrazine",CC1=C(N=C(C(=N1)C)C)C,1,,,,1,,,,1,Cc1nc(C)c(C)nc1C
,,LASSBio-448 (CHEMBL4762291),CC1=CC2=C(C=C1S(=O)(=O)NCCC3=CC(=C(C=C3)OC)OC)OCO2,1,,,,,1,,,1,COc1ccc(CCNS(=O)(=O)c2cc3c(cc2C)OCO3)cc1OC
,,Nitidine chloride,C[N+]1=CC2=CC(=C(C=C2C3=C1C4=CC5=C(C=C4C=C3)OCO5)OC)OC.[Cl-],,,1,1,,,1,,1,COc1cc2c[n+](C)c3c4cc5c(cc4ccc3c2cc1OC)OCO5
,,allitinib,C=CC(=O)NC1=CC2=C(C=C1)N=CN=C2NC3=CC(=C(C=C3)OCC4=CC(=CC=C4)F)Cl,1,,,1,0,,,,1,C=CC(=O)Nc1ccc2ncnc(Nc3ccc(OCc4cccc(F)c4)c(Cl)c3)c2c1
,,gemigliptin,C1CC(CN(C1=O)C[C@H](CC(=O)N2CCC3=C(C2)N=C(N=C3C(F)(F)F)C(F)(F)F)N)(F)F,0,,0,0,0,0,0,0,1,N[C@@H](CC(=O)N1CCc2c(nc(C(F)(F)F)nc2C(F)(F)F)C1)CN1CC(F)(F)CCC1=O
,,20(S)-Protopanaxadiol,CC(=CCC[C@@](C)([C@H]1CC[C@@]2([C@@H]1[C@@H](C[C@H]3[C@]2(CC[C@@H]4[C@@]3(CC[C@@H](C4(C)C)O)C)C)O)C)O)C,0,0,0,0,0,0,0,0,1,CC(C)=CCC[C@](C)(O)[C@H]1CC[C@]2(C)[C@@H]1[C@H](O)C[C@@H]1[C@@]3(C)CC[C@H](O)C(C)(C)[C@@H]3CC[C@]12C
,,DB844,CO/N=C(/C1=CC=C(C=C1)C2=CC=C(O2)C3=NC=C(C=C3)/C(=N/OC)/N)\N,1,,,0,,,0,,1,CO/N=C(\N)c1ccc(-c2ccc(-c3ccc(/C(N)=N/OC)cn3)o2)cc1
,,PBPA (PF-04455242),CC(C)CNCC1=CC=C(C=C1)C2=CC=CC=C2S(=O)(=O)N3CCCC3,,,,,0,0,1,,1,CC(C)CNCc1ccc(-c2ccccc2S(=O)(=O)N2CCCC2)cc1
,,AFQ056 (Mavoglurant),CC1=CC(=CC=C1)C#C[C@@]2(CCC[C@@H]3[C@H]2CCN3C(=O)OC)O,,0,0,,,1,,0,1,COC(=O)N1CC[C@@H]2[C@H]1CCC[C@@]2(O)C#Cc1cccc(C)c1
,,brucine,COC1=C(C=C2C(=C1)[C@]34CCN5[C@H]3C[C@@H]6[C@@H]7[C@@H]4N2C(=O)C[C@@H]7OCC=C6C5)OC,,,,,,,,,1,COc1cc2c(cc1OC)[C@@]13CCN4CC5=CCO[C@H]6CC(=O)N2[C@H]1[C@H]6[C@H]5C[C@H]43
,,Forskolin,CC(=O)O[C@H]1[C@H]([C@@H]2[C@]([C@H](CCC2(C)C)O)([C@@]3([C@@]1(O[C@@](CC3=O)(C)C=C)C)O)C)O,,,,,1,1,,,1,C=C[C@@]1(C)CC(=O)[C@]2(O)[C@@]3(C)[C@@H](O)CCC(C)(C)[C@@H]3[C@H](O)[C@H](OC(C)=O)[C@@]2(C)O1
,,AZ'0908 (CHEMBL3526977),CC1=C(C=CC(=C1)C(=O)NS(=O)(=O)C2=CC=CC=C2S(=O)(=O)N)C#CC3CCC3,,,,1,1,,,,1,Cc1cc(C(=O)NS(=O)(=O)c2ccccc2S(N)(=O)=O)ccc1C#CC1CCC1
,,5F 203,CC1=C(C=CC(=C1)C2=NC3=C(S2)C=CC(=C3)F)N,1,,,,,,,,,Cc1cc(-c2nc3cc(F)ccc3s2)ccc1N
,,6F 203,CC1=C(C=CC(=C1)C2=NC3=C(S2)C=C(C=C3)F)N,1,,,,,,,,,Cc1cc(-c2nc3ccc(F)cc3s2)ccc1N
,,"5,6-di-F 203",CC1=C(C=CC(=C1)C2=NC3=CC(=C(C=C3S2)F)F)N,1,,,,,,,,,Cc1cc(-c2nc3cc(F)c(F)cc3s2)ccc1N
,,Frutinone A,C1=CC=C2C(=C1)C3=C(C(=O)C4=CC=CC=C4O3)C(=O)O2,0,,,1,1,0,0,0,0,O=c1oc2ccccc2c2oc3ccccc3c(=O)c12
,,AxyP1,CC(C)C[C@H](C(=O)NCC(C)C)ONC(=O)C1=CC(=CC=C1)C(=O)NO[C@H](CC(C)C)C(=O)NCC(C)C,,,,,,,,,1,CC(C)CNC(=O)[C@@H](CC(C)C)ONC(=O)c1cccc(C(=O)NO[C@H](CC(C)C)C(=O)NCC(C)C)c1
,,AxyP2,C[C@H](C(=O)NCC(C)C)ONC(=O)C1=CC(=CC=C1)C(=O)NO[C@H](C)C(=O)NCC(C)C,,,,,,,,,1,CC(C)CNC(=O)[C@@H](C)ONC(=O)c1cccc(C(=O)NO[C@H](C)C(=O)NCC(C)C)c1
,,AxyP3,CC(C)CNC(=O)[C@@H](CO)ONC(=O)C1=CC(=CC=C1)C(=O)NO[C@H](CO)C(=O)NCC(C)C,,,,,,,,,1,CC(C)CNC(=O)[C@@H](CO)ONC(=O)c1cccc(C(=O)NO[C@H](CO)C(=O)NCC(C)C)c1
,,AxyP4,CC(C)CNC(=O)[C@@H](CCCCN)ONC(=O)C1=CC(=CC=C1)C(=O)NO[C@H](CCCCN)C(=O)NCC(C)C,,,,,,,,,1,CC(C)CNC(=O)[C@@H](CCCCN)ONC(=O)c1cccc(C(=O)NO[C@H](CCCCN)C(=O)NCC(C)C)c1
,,BMS-562086 (Pexacerfont),CC[C@@H](C)NC1=NC(=NC2=C(C(=NN21)C)C3=C(N=C(C=C3)OC)C)C,,,,,,,,,1,CC[C@@H](C)Nc1nc(C)nc2c(-c3ccc(OC)nc3C)c(C)nn12
,,JI-101,COC1=C(C=C(C=C1)Br)NC(=O)NC2=C3C=CN(C3=CC=C2)CC4=CC(=NC=C4)N,0,0,0,,0,,,0,1,COc1ccc(Br)cc1NC(=O)Nc1cccc2c1ccn2Cc1ccnc(N)c1
,,brivanib,CC1=CC2=C(N1)C=CC(=C2F)OC3=NC=NN4C3=C(C(=C4)OC[C@@H](C)O)C,1,,,,,,,,1,Cc1cc2c(F)c(Oc3ncnn4cc(OC[C@@H](C)O)c(C)c34)ccc2[nH]1
,,Glafenine,C1=CC=C(C(=C1)C(=O)OCC(CO)O)NC2=C3C=CC(=CC3=NC=C2)Cl,,0,0,0,,1,,0,1,O=C(OCC(O)CO)c1ccccc1Nc1ccnc2cc(Cl)ccc12
,,irosustat,C1CCC2=C(CC1)C(=O)OC3=C2C=CC(=C3)OS(=O)(=O)N,1,0,,,1,1,1,1,1,NS(=O)(=O)Oc1ccc2c3c(c(=O)oc2c1)CCCCC3
,,magnolin,COC1=C(C=C(C=C1)[C@@H]2[C@H]3CO[C@@H]([C@H]3CO2)C4=CC(=C(C(=C4)OC)OC)OC)OC,0,0,,1,1,1,,0,1,COc1ccc([C@H]2OC[C@H]3[C@@H]2CO[C@@H]3c2cc(OC)c(OC)c(OC)c2)cc1OC
,,LAS34823,C1C[N+]2(CCC1[C@H](C2)O)CCCOC3=CC=CC=C3,0,0,0,0,0,0,1,0,0,O[C@H]1C[N+]2(CCCOc3ccccc3)CCC1CC2
,,aclidinium bromide,C1C[N+]2(CCC1[C@H](C2)OC(=O)C(C3=CC=CS3)(C4=CC=CS4)O)CCCOC5=CC=CC=C5.[Br-],0,0,0,0,0,0,1,0,1,O=C(O[C@H]1C[N+]2(CCCOc3ccccc3)CCC1CC2)C(O)(c1cccs1)c1cccs1
,,Compound 22(SCHEMBL2780007),CC1=C(C=CC(=C1)C2=CC=CC=C2[C@@H](C)OC[C@@H](CNC(C)(C)CC3=CC=C(C=C3)SC)O)C(=O)O,,,,,,,,,1,CSc1ccc(CC(C)(C)NC[C@@H](O)CO[C@H](C)c2ccccc2-c2ccc(C(=O)O)c(C)c2)cc1
,,Compound 23(SCHEMBL2782513),CC1=C(C=CC(=C1)C2=CC=CC=C2[C@@H](C)OC[C@@H](CNC(C)(C)CC3=CC(=C(C=C3)SC)F)O)C(=O)O,,,,,,,,,1,CSc1ccc(CC(C)(C)NC[C@@H](O)CO[C@H](C)c2ccccc2-c2ccc(C(=O)O)c(C)c2)cc1F
,,EAPB0203,CNC1=NC2=CC=CC=C2N3C1=NC=C3CCC4=CC=CC=C4,,1,,,1,,,,1,CNc1nc2ccccc2n2c(CCc3ccccc3)cnc12
,,EAPB0503,CNC1=NC2=CC=CC=C2N3C1=NC=C3C4=CC(=CC=C4)OC,,1,,1,,,,1,1,CNc1nc2ccccc2n2c(-c3cccc(OC)c3)cnc12
,,nomifensine,CN1CC(C2=C(C1)C(=CC=C2)N)C3=CC=CC=C3,,,1,,,1,,,1,CN1Cc2c(N)cccc2C(c2ccccc2)C1
,,BDE-99,C1=CC(=C(C=C1Br)Br)OC2=CC(=C(C=C2Br)Br)Br,1,1,,,,,,,1,Brc1ccc(Oc2cc(Br)c(Br)cc2Br)c(Br)c1
,,zearalenone,C[C@H]1CCCC(=O)CCC/C=C/C2=C(C(=CC(=C2)O)O)C(=O)O1,,,,1,,,,,1,C[C@H]1CCCC(=O)CCC/C=C/c2cc(O)cc(O)c2C(=O)O1
,,dalcetrapib-S-methyl,CCC(CC)CC1(CCCCC1)C(=O)NC2=CC=CC=C2SC,,,,,,1,,,1,CCC(CC)CC1(C(=O)Nc2ccccc2SC)CCCCC1
,,alternariol,CC1=CC(=CC2=C1C3=C(C(=CC(=C3)O)O)C(=O)O2)O,1,,,0,1,1,,,1,Cc1cc(O)cc2oc(=O)c3c(O)cc(O)cc3c12
,,alternariol-9-methyl ether,CC1=CC(=CC2=C1C3=C(C(=CC(=C3)OC)O)C(=O)O2)O,1,,1,0,,1,1,,1,COc1cc(O)c2c(=O)oc3cc(O)cc(C)c3c2c1
,,altenuene,C[C@@]12C[C@H]([C@@H](C=C1C3=C(C(=CC(=C3)OC)O)C(=O)O2)O)O,0,0,0,0,1,1,1,0,0,COc1cc(O)c2c(c1)C1=C[C@@H](O)[C@H](O)C[C@@]1(C)OC2=O
,,isoaltenuene,C[C@]12C[C@H]([C@@H](C=C1C3=C(C(=CC(=C3)OC)O)C(=O)O2)O)O,1,0,,,1,1,1,,0,COc1cc(O)c2c(c1)C1=C[C@@H](O)[C@H](O)C[C@]1(C)OC2=O
,,geraniol,CC(=CCC/C(=C/CO)/C)C,,,1,,,,,,,CC(C)=CCC/C(C)=C/CO
,,(-)-phenylahistine,CC(C)(C=C)C1=C(N=CN1)/C=C\2/C(=O)N[C@H](C(=O)N2)CC3=CC=CC=C3,0,0,0,0,0,,0,,1,C=CC(C)(C)c1[nH]cnc1/C=C1\NC(=O)[C@H](Cc2ccccc2)NC1=O
,,(+)-phenylahistine,CC(C)(C=C)C1=C(N=CN1)/C=C\2/C(=O)N[C@@H](C(=O)N2)CC3=CC=CC=C3,0,0,0,0,0,,0,,1,C=CC(C)(C)c1[nH]cnc1/C=C1\NC(=O)[C@@H](Cc2ccccc2)NC1=O
,,IN-1130,CC1=NC(=CC=C1)C2=C(N=C(N2)CC3=CC(=CC=C3)C(=O)N)C4=CC5=NC=CN=C5C=C4,0,0,0,1,0,1,1,0,1,Cc1cccc(-c2[nH]c(Cc3cccc(C(N)=O)c3)nc2-c2ccc3nccnc3c2)n1
,,PF9601N,C#CCNCC1=CC2=C(N1)C=CC(=C2)OCC3=CC=CC=C3,,,,,,,,,1,C#CCNCc1cc2cc(OCc3ccccc3)ccc2[nH]1
,,Darunavir,CC(C)CN(C[C@H]([C@H](CC1=CC=CC=C1)NC(=O)O[C@H]2CO[C@@H]3[C@H]2CCO3)O)S(=O)(=O)C4=CC=C(C=C4)N,,,,,,,,,1,CC(C)CN(C[C@@H](O)[C@H](Cc1ccccc1)NC(=O)O[C@H]1CO[C@H]2OCC[C@H]21)S(=O)(=O)c1ccc(N)cc1
,,GW844520,CC1=C(C(=O)C(=C(N1)C)Cl)C2=CC=C(C=C2)OC3=CC=C(C=C3)OC(F)(F)F,,,,,1,1,1,,,Cc1[nH]c(C)c(-c2ccc(Oc3ccc(OC(F)(F)F)cc3)cc2)c(=O)c1Cl
,,compound 1d (CID: 10868212),CSC1=CC=C(C=C1)C2(NN2)C(F)(F)F,,,1,,,,,,,CSc1ccc(C2(C(F)(F)F)NN2)cc1
,,Compound S4,CC(=O)NC1=CC=C(C=C1)OC[C@@](C)(C(=O)NC2=CC(=C(C=C2)[N+](=O)[O-])C(F)(F)F)O,,,,,,,,,1,CC(=O)Nc1ccc(OC[C@](C)(O)C(=O)Nc2ccc([N+](=O)[O-])c(C(F)(F)F)c2)cc1
,,(-)-rhazinilam,CC[C@]12CCCN3C1=C(C=C3)C4=CC=CC=C4NC(=O)CC2,,,1,,,,,,1,CC[C@]12CCCn3ccc(c31)-c1ccccc1NC(=O)CC2
,,MRL-A,COC1=C(C=C(C=C1)CC2C(=O)NC(=O)S2)C(=O)NCC3=CC=C(C=C3)OC(F)(F)F,,,,,,,,,1,COc1ccc(CC2SC(=O)NC2=O)cc1C(=O)NCc1ccc(OC(F)(F)F)cc1
,,"6-formylindolo[3,2-b]carbazole",C1=CC=C2C(=C1)C3=CC4=C(C5=CC=CC=C5N4)C(=C3N2)C=O,1,,,,,,,,,O=Cc1c2[nH]c3ccccc3c2cc2[nH]c3ccccc3c12
,,pyrene,C1=CC2=C3C(=C1)C=CC4=CC=CC(=C43)C=C2,1,,,,,,,,,c1cc2ccc3cccc4ccc(c1)c2c34
,,compound 12,CCCN1CCC(=CC1)C2=CC=CC=C2,,,,,,,1,,,CCCN1CC=C(c2ccccc2)CC1
,,compound 14,CCCCCN1CCC(=CC1)C2=CC=CC=C2,,,,,,,1,,,CCCCCN1CC=C(c2ccccc2)CC1
,,compound 15,CCCCCCCN1CCC(=CC1)C2=CC=CC=C2,,,,,,,1,,,CCCCCCCN1CC=C(c2ccccc2)CC1
,,compound 16,CCCCCCCCN1CCC(=CC1)C2=CC=CC=C2,,,,,,,1,,,CCCCCCCCN1CC=C(c2ccccc2)CC1
,,compound 17,CCCCCCCCCN1CCC(=CC1)C2=CC=CC=C2,,,,,,,1,,,CCCCCCCCCN1CC=C(c2ccccc2)CC1
,,compound 18,CCCCCCCCCCCN1CCC(=CC1)C2=CC=CC=C2,,,,,,,1,,,CCCCCCCCCCCN1CC=C(c2ccccc2)CC1
,,compound 19,CCCCCCCCCCCCCCN1CCC(=CC1)C2=CC=CC=C2,,,,,,,1,,,CCCCCCCCCCCCCCN1CC=C(c2ccccc2)CC1
,,PGH2,CCCCC[C@@H](/C=C/[C@H]1[C@H]2C[C@@H]([C@@H]1C/C=C\CCCC(=O)O)OO2)O,,,,,,1,,,,CCCCC[C@H](O)/C=C/[C@@H]1[C@@H](C/C=C\CCCC(=O)O)[C@@H]2C[C@H]1OO2
,,U-51605,CCCCCC/C=C/[C@H]1[C@H]2C[C@@H]([C@@H]1C/C=C/CCCC(=O)O)N=N2,,,,,,1,,,,CCCCCC/C=C/[C@@H]1[C@@H](C/C=C/CCCC(=O)O)[C@@H]2C[C@H]1N=N2
,,U-44069,CCCCC[C@@H](/C=C/[C@H]1[C@H]2C[C@@H]([C@@H]1C/C=C\CCCC(=O)O)OC2)O,,,,,,1,,,,CCCCC[C@H](O)/C=C/[C@H]1[C@@H]2CO[C@@H](C2)[C@@H]1C/C=C\CCCC(=O)O
,,U-46619,CCCCC[C@@H](/C=C/[C@H]1[C@H]2C[C@@H]([C@@H]1C/C=C\CCCC(=O)O)CO2)O,,,,,,1,,,,CCCCC[C@H](O)/C=C/[C@@H]1[C@@H](C/C=C\CCCC(=O)O)[C@H]2CO[C@@H]1C2
,,NHPPA,CCCN(CC(C)O)N=O,,,,,,,,1,,CCCN(CC(C)O)N=O
,,NOPPA,CCCN(CC(=O)C)N=O,,,,,,,,1,,CCCN(CC(C)=O)N=O
,,irsogladine,C1=CC(=C(C=C1Cl)C2=NC(=NC(=N2)N)N)Cl,,,,,,,0,,0,Nc1nc(N)nc(-c2cc(Cl)ccc2Cl)n1
,,2-Amino-alpha-carboline,C1=CC=C2C(=C1)C3=C(N2)N=C(C=C3)N,1,,,,,,,,,Nc1ccc2c(n1)[nH]c1ccccc12
,,torcetrapib,CC[C@@H]1C[C@@H](C2=C(N1C(=O)OCC)C=CC(=C2)C(F)(F)F)N(CC3=CC(=CC(=C3)C(F)(F)F)C(F)(F)F)C(=O)OC,0,0,0,0,0,0,0,0,1,CCOC(=O)N1c2ccc(C(F)(F)F)cc2[C@@H](N(Cc2cc(C(F)(F)F)cc(C(F)(F)F)c2)C(=O)OC)C[C@H]1CC
,,nimetazepam,CN1C(=O)CN=C(C2=C1C=CC(=C2)[N+](=O)[O-])C3=CC=CC=C3,,,,,,,,,1,CN1C(=O)CN=C(c2ccccc2)c2cc([N+](=O)[O-])ccc21
,,nitrazepam,C1C(=O)NC2=C(C=C(C=C2)[N+](=O)[O-])C(=N1)C3=CC=CC=C3,,,,,,,,,1,O=C1CN=C(c2ccccc2)c2cc([N+](=O)[O-])ccc2N1
,,Cardamonin,COC1=CC(=CC(=C1C(=O)/C=C/C2=CC=CC=C2)O)O,1,,,,,,,1,,COc1cc(O)cc(O)c1C(=O)/C=C/c1ccccc1
,,Diosmetin,COC1=C(C=C(C=C1)C2=CC(=O)C3=C(C=C(C=C3O2)O)O)O,1,,,,,,,,,COc1ccc(-c2cc(=O)c3c(O)cc(O)cc3o2)cc1O
,,p-methoxyamphetamine,CC(CC1=CC=C(C=C1)OC)N,,,,,,,1,,,COc1ccc(CC(C)N)cc1
,,ketoconazole,CC(=O)N1CCN(CC1)C2=CC=C(C=C2)OC[C@@H]3CO[C@@](O3)(CN4C=CN=C4)C5=C(C=C(C=C5)Cl)Cl,,,,,,,1,,1,CC(=O)N1CCN(c2ccc(OC[C@@H]3CO[C@@](Cn4ccnc4)(c4ccc(Cl)cc4Cl)O3)cc2)CC1
,,arbidol,CCOC(=O)C1=C(N(C2=CC(=C(C(=C21)CN(C)C)O)Br)C)CSC3=CC=CC=C3,1,0,0,0,0,1,1,1,1,CCOC(=O)c1c(CSc2ccccc2)n(C)c2cc(Br)c(O)c(CN(C)C)c12
,,Atazanavir,CC(C)(C)[C@@H](C(=O)N[C@@H](CC1=CC=CC=C1)[C@H](CN(CC2=CC=C(C=C2)C3=CC=CC=N3)NC(=O)[C@H](C(C)(C)C)NC(=O)OC)O)NC(=O)OC,,,,,,,,,1,COC(=O)N[C@H](C(=O)N[C@@H](Cc1ccccc1)[C@@H](O)CN(Cc1ccc(-c2ccccn2)cc1)NC(=O)[C@@H](NC(=O)OC)C(C)(C)C)C(C)(C)C
,,Bepridil,CC(C)COCC(CN(CC1=CC=CC=C1)C2=CC=CC=C2)N3CCCC3,,,,,1,,1,,1,CC(C)COCC(CN(Cc1ccccc1)c1ccccc1)N1CCCC1
,,betamethasone,C[C@H]1C[C@H]2[C@@H]3CCC4=CC(=O)C=C[C@@]4([C@]3([C@H](C[C@@]2([C@]1(C(=O)CO)O)C)O)F)C,,,,,,,,,1,C[C@H]1C[C@H]2[C@@H]3CCC4=CC(=O)C=C[C@]4(C)[C@@]3(F)[C@@H](O)C[C@]2(C)[C@@]1(O)C(=O)CO
,,cabergoline,CCNC(=O)N(CCCN(C)C)C(=O)[C@@H]1C[C@H]2[C@@H](CC3=CNC4=CC=CC2=C34)N(C1)CC=C,,,,,,,,,1,C=CCN1C[C@H](C(=O)N(CCCN(C)C)C(=O)NCC)C[C@@H]2c3cccc4[nH]cc(c34)C[C@H]21
,,Clorazepate,C1=CC=C(C=C1)C2=NC(C(=O)NC3=C2C=C(C=C3)Cl)C(=O)O,,,,,,1,,,1,O=C(O)C1N=C(c2ccccc2)c2cc(Cl)ccc2NC1=O
,,Copanlisib,COC1=C(OCCCN2CCOCC2)C=CC2=C1N=C(NC(=O)C1=CN=C(N)N=C1)N1CCN=C21,,,,,,,,,1,COc1c(OCCCN2CCOCC2)ccc2c1N=C(NC(=O)c1cnc(N)nc1)N1CCN=C21
,,Cyproterone acetate,CC(=O)[C@]1(CC[C@@H]2[C@@]1(CC[C@H]3[C@H]2C=C(C4=CC(=O)[C@@H]5C[C@@H]5[C@]34C)Cl)C)OC(=O)C,,,,,,,,,1,CC(=O)O[C@]1(C(C)=O)CC[C@H]2[C@@H]3C=C(Cl)C4=CC(=O)[C@@H]5C[C@@H]5[C@]4(C)[C@H]3CC[C@@]21C
,,Fluticasone furoate,C[C@@H]1C[C@H]2[C@@H]3C[C@@H](C4=CC(=O)C=C[C@@]4([C@]3([C@H](C[C@@]2([C@]1(C(=O)SCF)OC(=O)C5=CC=CO5)C)O)F)C)F,,,,,,,,,1,C[C@@H]1C[C@H]2[C@@H]3C[C@H](F)C4=CC(=O)C=C[C@]4(C)[C@@]3(F)[C@@H](O)C[C@]2(C)[C@@]1(OC(=O)c1ccco1)C(=O)SCF
,,Methysergide,CC[C@@H](CO)NC(=O)[C@H]1CN([C@@H]2CC3=CN(C4=CC=CC(=C34)C2=C1)C)C,,,,,,,,,1,CC[C@@H](CO)NC(=O)[C@@H]1C=C2c3cccc4c3c(cn4C)C[C@H]2N(C)C1
,,Olaparib,C1CC1C(=O)N2CCN(CC2)C(=O)C3=C(C=CC(=C3)CC4=NNC(=O)C5=CC=CC=C54)F,,,,,,,,,1,O=C(c1cc(Cc2n[nH]c(=O)c3ccccc23)ccc1F)N1CCN(C(=O)C2CC2)CC1
,,Phentermine,CC(C)(CC1=CC=CC=C1)N,,,,,,,,,1,CC(C)(N)Cc1ccccc1
,,Prochlorperazine,CN1CCN(CC1)CCCN2C3=CC=CC=C3SC4=C2C=C(C=C4)Cl,1,,1,1,,1,1,1,1,CN1CCN(CCCN2c3ccccc3Sc3ccc(Cl)cc32)CC1
,,Remdesivir,CCC(CC)COC(=O)[C@H](C)N[P@](=O)(OC[C@@H]1[C@H]([C@H]([C@](O1)(C#N)C2=CC=C3N2N=CN=C3N)O)O)OC4=CC=CC=C4,,,,1,,,1,,1,CCC(CC)COC(=O)[C@H](C)N[P@](=O)(OC[C@H]1O[C@@](C#N)(c2ccc3c(N)ncnn23)[C@H](O)[C@@H]1O)Oc1ccccc1
,,Rotigotine,CCCN(CCC1=CC=CS1)[C@H]2CCC3=C(C2)C=CC=C3O,1,,,,1,1,1,,1,CCCN(CCc1cccs1)[C@H]1CCc2c(O)cccc2C1
,,Safinamide,C[C@@H](C(=O)N)NCC1=CC=C(C=C1)OCC2=CC(=CC=C2)F,,,,,,1,,,1,C[C@H](NCc1ccc(OCc2cccc(F)c2)cc1)C(N)=O
,,Selinexor,C1=CN=C(C=N1)NNC(=O)/C=C\N2C=NC(=N2)C3=CC(=CC(=C3)C(F)(F)F)C(F)(F)F,,,,,,,,,1,O=C(/C=C\n1cnc(-c2cc(C(F)(F)F)cc(C(F)(F)F)c2)n1)NNc1cnccn1
,,Sitaxentan,CC1=CC2=C(C=C1CC(=O)C3=C(C=CS3)S(=O)(=O)NC4=C(C(=NO4)C)Cl)OCO2,,,,,1,,,,1,Cc1cc2c(cc1CC(=O)c1sccc1S(=O)(=O)Nc1onc(C)c1Cl)OCO2
,,Sparsentan,CCCCC1=NC2(CCCC2)C(=O)N1CC3=CC(=C(C=C3)C4=CC=CC=C4S(=O)(=O)NC5=NOC(=C5C)C)COCC,0,0,0,0,1,0,0,,1,CCCCC1=NC2(CCCC2)C(=O)N1Cc1ccc(-c2ccccc2S(=O)(=O)Nc2noc(C)c2C)c(COCC)c1
,,Tazemetostat,CCN(C1CCOCC1)C2=CC(=CC(=C2C)C(=O)NCC3=C(C=C(NC3=O)C)C)C4=CC=C(C=C4)CN5CCOCC5,,,,,,,,,1,CCN(c1cc(-c2ccc(CN3CCOCC3)cc2)cc(C(=O)NCc2c(C)cc(C)[nH]c2=O)c1C)C1CCOCC1
,,Tetrandrine,CN1CCC2=CC(=C3C=C2[C@@H]1CC4=CC=C(C=C4)OC5=C(C=CC(=C5)C[C@H]6C7=C(O3)C(=C(C=C7CCN6C)OC)OC)OC)OC,,,,,,,,,1,COc1ccc2cc1Oc1ccc(cc1)C[C@H]1c3cc(c(OC)cc3CCN1C)Oc1c(OC)c(OC)cc3c1[C@H](C2)N(C)CC3
,,Trametinib,CC1=C2C(=C(N(C1=O)C)NC3=C(C=C(C=C3)I)F)C(=O)N(C(=O)N2C4=CC=CC(=C4)NC(=O)C)C5CC5,,,,,,,,,1,CC(=O)Nc1cccc(-n2c(=O)n(C3CC3)c(=O)c3c(Nc4ccc(I)cc4F)n(C)c(=O)c(C)c32)c1
,,"(2S,3S)-1,2-epoxybutane-3,4-diol-4-methanesulfonate",CS(=O)(=O)OC[C@@H]([C@@H]1CO1)O,,,,1,,,,,,CS(=O)(=O)OC[C@H](O)[C@@H]1CO1
,,Trifluoperazine,CN1CCN(CC1)CCCN2C3=CC=CC=C3SC4=C2C=C(C=C4)C(F)(F)F,1,,,,,,,,,CN1CCN(CCCN2c3ccccc3Sc3ccc(C(F)(F)F)cc32)CC1
,,"Dibenzo[a,l]pyrene",c1ccc2c(c1)cc1ccc3cccc4c5ccccc5c2c1c34,1,1,1,1,1,,1,1,1,c1ccc2c(c1)cc1ccc3cccc4c5ccccc5c2c1c34
